query_id,topic,year,sequence,k,answer_type,doc_id,expected_section,expected_pages,failure_stage,leakage_count_top_k,leakage_rate_top_k,leakage_doc_ids_top_k,page_recall_at_k,page_precision_at_k,page_mrr_at_k,chunk_hit_at_k,chunk_precision_at_k,chunk_mrr_at_k,top_pages,top_chunk_ids,top_doc_ids
Q_2021_FIN_01,FIN,2021,1,1,number,Grampian-2020-2021,PERFORMANCE REPORT,[28],hit,0,0.0,[],1.0,1.0,1.0,1.0,1.0,1.0,[28],['Grampian-2020-2021:p0028_000'],['Grampian-2020-2021']
Q_2021_FIN_01,FIN,2021,1,3,number,Grampian-2020-2021,PERFORMANCE REPORT,[28],hit,0,0.0,[],1.0,0.5,1.0,1.0,0.6666666666666666,1.0,"[28, 29]","['Grampian-2020-2021:p0028_000', 'Grampian-2020-2021:p0028_001', 'Grampian-2020-2021:p0029_000']","['Grampian-2020-2021', 'Grampian-2020-2021', 'Grampian-2020-2021']"
Q_2021_FIN_01,FIN,2021,1,5,number,Grampian-2020-2021,PERFORMANCE REPORT,[28],hit,0,0.0,[],1.0,0.25,1.0,1.0,0.4,1.0,"[28, 29, 64, 105]","['Grampian-2020-2021:p0028_000', 'Grampian-2020-2021:p0028_001', 'Grampian-2020-2021:p0029_000', 'Grampian-2020-2021:p0064_000', 'Grampian-2020-2021:table_p0105']","['Grampian-2020-2021', 'Grampian-2020-2021', 'Grampian-2020-2021', 'Grampian-2020-2021', 'Grampian-2020-2021']"
Q_2021_FIN_01,FIN,2021,1,10,number,Grampian-2020-2021,PERFORMANCE REPORT,[28],hit,0,0.0,[],1.0,0.125,1.0,1.0,0.3,1.0,"[28, 29, 64, 105, 17, 34, 25, 7]","['Grampian-2020-2021:p0028_000', 'Grampian-2020-2021:p0028_001', 'Grampian-2020-2021:p0029_000', 'Grampian-2020-2021:p0064_000', 'Grampian-2020-2021:table_p0105']","['Grampian-2020-2021', 'Grampian-2020-2021', 'Grampian-2020-2021', 'Grampian-2020-2021', 'Grampian-2020-2021']"
Q_2021_FIN_02,FIN,2021,2,1,number,Grampian-2020-2021,PERFORMANCE REPORT,[28],hit,0,0.0,[],1.0,1.0,1.0,1.0,1.0,1.0,[28],['Grampian-2020-2021:p0028_000'],['Grampian-2020-2021']
Q_2021_FIN_02,FIN,2021,2,3,number,Grampian-2020-2021,PERFORMANCE REPORT,[28],hit,0,0.0,[],1.0,0.5,1.0,1.0,0.6666666666666666,1.0,"[28, 29]","['Grampian-2020-2021:p0028_000', 'Grampian-2020-2021:p0028_001', 'Grampian-2020-2021:p0029_000']","['Grampian-2020-2021', 'Grampian-2020-2021', 'Grampian-2020-2021']"
Q_2021_FIN_02,FIN,2021,2,5,number,Grampian-2020-2021,PERFORMANCE REPORT,[28],hit,0,0.0,[],1.0,0.3333333333333333,1.0,1.0,0.6,1.0,"[28, 29, 105]","['Grampian-2020-2021:p0028_000', 'Grampian-2020-2021:p0028_001', 'Grampian-2020-2021:p0029_000', 'Grampian-2020-2021:table_p0105', 'Grampian-2020-2021:p0028_002']","['Grampian-2020-2021', 'Grampian-2020-2021', 'Grampian-2020-2021', 'Grampian-2020-2021', 'Grampian-2020-2021']"
Q_2021_FIN_02,FIN,2021,2,10,number,Grampian-2020-2021,PERFORMANCE REPORT,[28],hit,0,0.0,[],1.0,0.125,1.0,1.0,0.3,1.0,"[28, 29, 105, 7, 26, 4, 17, 27]","['Grampian-2020-2021:p0028_000', 'Grampian-2020-2021:p0028_001', 'Grampian-2020-2021:p0029_000', 'Grampian-2020-2021:table_p0105', 'Grampian-2020-2021:p0028_002']","['Grampian-2020-2021', 'Grampian-2020-2021', 'Grampian-2020-2021', 'Grampian-2020-2021', 'Grampian-2020-2021']"
Q_2021_FIN_03,FIN,2021,3,1,number,Grampian-2020-2021,PERFORMANCE REPORT,[28],hit,0,0.0,[],1.0,1.0,1.0,1.0,1.0,1.0,[28],['Grampian-2020-2021:p0028_001'],['Grampian-2020-2021']
Q_2021_FIN_03,FIN,2021,3,3,number,Grampian-2020-2021,PERFORMANCE REPORT,[28],hit,0,0.0,[],1.0,0.5,1.0,1.0,0.6666666666666666,1.0,"[28, 89]","['Grampian-2020-2021:p0028_001', 'Grampian-2020-2021:p0028_000', 'Grampian-2020-2021:p0089_001']","['Grampian-2020-2021', 'Grampian-2020-2021', 'Grampian-2020-2021']"
Q_2021_FIN_03,FIN,2021,3,5,number,Grampian-2020-2021,PERFORMANCE REPORT,[28],hit,0,0.0,[],1.0,0.3333333333333333,1.0,1.0,0.6,1.0,"[28, 89, 105]","['Grampian-2020-2021:p0028_001', 'Grampian-2020-2021:p0028_000', 'Grampian-2020-2021:p0089_001', 'Grampian-2020-2021:p0028_002', 'Grampian-2020-2021:table_p0105']","['Grampian-2020-2021', 'Grampian-2020-2021', 'Grampian-2020-2021', 'Grampian-2020-2021', 'Grampian-2020-2021']"
Q_2021_FIN_03,FIN,2021,3,10,number,Grampian-2020-2021,PERFORMANCE REPORT,[28],hit,0,0.0,[],1.0,0.16666666666666666,1.0,1.0,0.3,1.0,"[28, 89, 105, 17, 4, 26]","['Grampian-2020-2021:p0028_001', 'Grampian-2020-2021:p0028_000', 'Grampian-2020-2021:p0089_001', 'Grampian-2020-2021:p0028_002', 'Grampian-2020-2021:table_p0105']","['Grampian-2020-2021', 'Grampian-2020-2021', 'Grampian-2020-2021', 'Grampian-2020-2021', 'Grampian-2020-2021']"
Q_2021_FIN_P1,FIN,2021,P1,1,number,Grampian-2020-2021,PERFORMANCE REPORT,[28],hit,0,0.0,[],1.0,1.0,1.0,1.0,1.0,1.0,[28],['Grampian-2020-2021:p0028_001'],['Grampian-2020-2021']
Q_2021_FIN_P1,FIN,2021,P1,3,number,Grampian-2020-2021,PERFORMANCE REPORT,[28],hit,0,0.0,[],1.0,1.0,1.0,1.0,1.0,1.0,[28],"['Grampian-2020-2021:p0028_001', 'Grampian-2020-2021:p0028_000', 'Grampian-2020-2021:p0028_002']","['Grampian-2020-2021', 'Grampian-2020-2021', 'Grampian-2020-2021']"
Q_2021_FIN_P1,FIN,2021,P1,5,number,Grampian-2020-2021,PERFORMANCE REPORT,[28],hit,0,0.0,[],1.0,0.3333333333333333,1.0,1.0,0.6,1.0,"[28, 89, 105]","['Grampian-2020-2021:p0028_001', 'Grampian-2020-2021:p0028_000', 'Grampian-2020-2021:p0028_002', 'Grampian-2020-2021:p0089_001', 'Grampian-2020-2021:table_p0105']","['Grampian-2020-2021', 'Grampian-2020-2021', 'Grampian-2020-2021', 'Grampian-2020-2021', 'Grampian-2020-2021']"
Q_2021_FIN_P1,FIN,2021,P1,10,number,Grampian-2020-2021,PERFORMANCE REPORT,[28],hit,0,0.0,[],1.0,0.16666666666666666,1.0,1.0,0.3,1.0,"[28, 89, 105, 27, 26, 31]","['Grampian-2020-2021:p0028_001', 'Grampian-2020-2021:p0028_000', 'Grampian-2020-2021:p0028_002', 'Grampian-2020-2021:p0089_001', 'Grampian-2020-2021:table_p0105']","['Grampian-2020-2021', 'Grampian-2020-2021', 'Grampian-2020-2021', 'Grampian-2020-2021', 'Grampian-2020-2021']"
Q_2021_FIN_04,FIN,2021,4,1,number,Grampian-2020-2021,PERFORMANCE REPORT,[28],hit,0,0.0,[],1.0,1.0,1.0,1.0,1.0,1.0,[28],['Grampian-2020-2021:p0028_000'],['Grampian-2020-2021']
Q_2021_FIN_04,FIN,2021,4,3,number,Grampian-2020-2021,PERFORMANCE REPORT,[28],hit,0,0.0,[],1.0,0.5,1.0,1.0,0.6666666666666666,1.0,"[28, 34]","['Grampian-2020-2021:p0028_000', 'Grampian-2020-2021:p0028_001', 'Grampian-2020-2021:p0034_002']","['Grampian-2020-2021', 'Grampian-2020-2021', 'Grampian-2020-2021']"
Q_2021_FIN_04,FIN,2021,4,5,number,Grampian-2020-2021,PERFORMANCE REPORT,[28],hit,0,0.0,[],1.0,0.3333333333333333,1.0,1.0,0.4,1.0,"[28, 34, 74]","['Grampian-2020-2021:p0028_000', 'Grampian-2020-2021:p0028_001', 'Grampian-2020-2021:p0034_002', 'Grampian-2020-2021:p0034_001', 'Grampian-2020-2021:p0074_000']","['Grampian-2020-2021', 'Grampian-2020-2021', 'Grampian-2020-2021', 'Grampian-2020-2021', 'Grampian-2020-2021']"
Q_2021_FIN_04,FIN,2021,4,10,number,Grampian-2020-2021,PERFORMANCE REPORT,[28],hit,0,0.0,[],1.0,0.125,1.0,1.0,0.2,1.0,"[28, 34, 74, 22, 48, 17, 75, 89]","['Grampian-2020-2021:p0028_000', 'Grampian-2020-2021:p0028_001', 'Grampian-2020-2021:p0034_002', 'Grampian-2020-2021:p0034_001', 'Grampian-2020-2021:p0074_000']","['Grampian-2020-2021', 'Grampian-2020-2021', 'Grampian-2020-2021', 'Grampian-2020-2021', 'Grampian-2020-2021']"
Q_2021_FIN_05,FIN,2021,5,1,number,Grampian-2020-2021,PERFORMANCE REPORT,[28],hit,0,0.0,[],1.0,1.0,1.0,1.0,1.0,1.0,[28],['Grampian-2020-2021:p0028_001'],['Grampian-2020-2021']
Q_2021_FIN_05,FIN,2021,5,3,number,Grampian-2020-2021,PERFORMANCE REPORT,[28],hit,0,0.0,[],1.0,1.0,1.0,1.0,1.0,1.0,[28],"['Grampian-2020-2021:p0028_001', 'Grampian-2020-2021:p0028_000', 'Grampian-2020-2021:p0028_002']","['Grampian-2020-2021', 'Grampian-2020-2021', 'Grampian-2020-2021']"
Q_2021_FIN_05,FIN,2021,5,5,number,Grampian-2020-2021,PERFORMANCE REPORT,[28],hit,0,0.0,[],1.0,0.3333333333333333,1.0,1.0,0.6,1.0,"[28, 89, 105]","['Grampian-2020-2021:p0028_001', 'Grampian-2020-2021:p0028_000', 'Grampian-2020-2021:p0028_002', 'Grampian-2020-2021:p0089_001', 'Grampian-2020-2021:table_p0105']","['Grampian-2020-2021', 'Grampian-2020-2021', 'Grampian-2020-2021', 'Grampian-2020-2021', 'Grampian-2020-2021']"
Q_2021_FIN_05,FIN,2021,5,10,number,Grampian-2020-2021,PERFORMANCE REPORT,[28],hit,0,0.0,[],1.0,0.16666666666666666,1.0,1.0,0.3,1.0,"[28, 89, 105, 74, 24, 34]","['Grampian-2020-2021:p0028_001', 'Grampian-2020-2021:p0028_000', 'Grampian-2020-2021:p0028_002', 'Grampian-2020-2021:p0089_001', 'Grampian-2020-2021:table_p0105']","['Grampian-2020-2021', 'Grampian-2020-2021', 'Grampian-2020-2021', 'Grampian-2020-2021', 'Grampian-2020-2021']"
Q_2021_FIN_06,FIN,2021,6,1,number,Grampian-2020-2021,PERFORMANCE REPORT,[28],hit,0,0.0,[],1.0,1.0,1.0,1.0,1.0,1.0,[28],['Grampian-2020-2021:p0028_001'],['Grampian-2020-2021']
Q_2021_FIN_06,FIN,2021,6,3,number,Grampian-2020-2021,PERFORMANCE REPORT,[28],hit,0,0.0,[],1.0,1.0,1.0,1.0,1.0,1.0,[28],"['Grampian-2020-2021:p0028_001', 'Grampian-2020-2021:p0028_000', 'Grampian-2020-2021:p0028_002']","['Grampian-2020-2021', 'Grampian-2020-2021', 'Grampian-2020-2021']"
Q_2021_FIN_06,FIN,2021,6,5,number,Grampian-2020-2021,PERFORMANCE REPORT,[28],hit,0,0.0,[],1.0,0.3333333333333333,1.0,1.0,0.6,1.0,"[28, 89, 105]","['Grampian-2020-2021:p0028_001', 'Grampian-2020-2021:p0028_000', 'Grampian-2020-2021:p0028_002', 'Grampian-2020-2021:p0089_001', 'Grampian-2020-2021:table_p0105']","['Grampian-2020-2021', 'Grampian-2020-2021', 'Grampian-2020-2021', 'Grampian-2020-2021', 'Grampian-2020-2021']"
Q_2021_FIN_06,FIN,2021,6,10,number,Grampian-2020-2021,PERFORMANCE REPORT,[28],hit,0,0.0,[],1.0,0.16666666666666666,1.0,1.0,0.3,1.0,"[28, 89, 105, 73, 107, 34]","['Grampian-2020-2021:p0028_001', 'Grampian-2020-2021:p0028_000', 'Grampian-2020-2021:p0028_002', 'Grampian-2020-2021:p0089_001', 'Grampian-2020-2021:table_p0105']","['Grampian-2020-2021', 'Grampian-2020-2021', 'Grampian-2020-2021', 'Grampian-2020-2021', 'Grampian-2020-2021']"
Q_2021_FIN_07,FIN,2021,7,1,number,Grampian-2020-2021,PERFORMANCE REPORT,[28],hit,0,0.0,[],1.0,1.0,1.0,1.0,1.0,1.0,[28],['Grampian-2020-2021:p0028_001'],['Grampian-2020-2021']
Q_2021_FIN_07,FIN,2021,7,3,number,Grampian-2020-2021,PERFORMANCE REPORT,[28],hit,0,0.0,[],1.0,1.0,1.0,1.0,1.0,1.0,[28],"['Grampian-2020-2021:p0028_001', 'Grampian-2020-2021:p0028_000', 'Grampian-2020-2021:p0028_002']","['Grampian-2020-2021', 'Grampian-2020-2021', 'Grampian-2020-2021']"
Q_2021_FIN_07,FIN,2021,7,5,number,Grampian-2020-2021,PERFORMANCE REPORT,[28],hit,0,0.0,[],1.0,0.3333333333333333,1.0,1.0,0.6,1.0,"[28, 89, 105]","['Grampian-2020-2021:p0028_001', 'Grampian-2020-2021:p0028_000', 'Grampian-2020-2021:p0028_002', 'Grampian-2020-2021:p0089_001', 'Grampian-2020-2021:table_p0105']","['Grampian-2020-2021', 'Grampian-2020-2021', 'Grampian-2020-2021', 'Grampian-2020-2021', 'Grampian-2020-2021']"
Q_2021_FIN_07,FIN,2021,7,10,number,Grampian-2020-2021,PERFORMANCE REPORT,[28],hit,0,0.0,[],1.0,0.16666666666666666,1.0,1.0,0.3,1.0,"[28, 89, 105, 26, 27, 29]","['Grampian-2020-2021:p0028_001', 'Grampian-2020-2021:p0028_000', 'Grampian-2020-2021:p0028_002', 'Grampian-2020-2021:p0089_001', 'Grampian-2020-2021:table_p0105']","['Grampian-2020-2021', 'Grampian-2020-2021', 'Grampian-2020-2021', 'Grampian-2020-2021', 'Grampian-2020-2021']"
Q_2021_FIN_P2,FIN,2021,P2,1,text,Grampian-2020-2021,PERFORMANCE REPORT,[28],hit,0,0.0,[],1.0,1.0,1.0,1.0,1.0,1.0,[28],['Grampian-2020-2021:p0028_000'],['Grampian-2020-2021']
Q_2021_FIN_P2,FIN,2021,P2,3,text,Grampian-2020-2021,PERFORMANCE REPORT,[28],hit,0,0.0,[],1.0,1.0,1.0,1.0,1.0,1.0,[28],"['Grampian-2020-2021:p0028_000', 'Grampian-2020-2021:p0028_001', 'Grampian-2020-2021:p0028_002']","['Grampian-2020-2021', 'Grampian-2020-2021', 'Grampian-2020-2021']"
Q_2021_FIN_P2,FIN,2021,P2,5,text,Grampian-2020-2021,PERFORMANCE REPORT,[28],hit,0,0.0,[],1.0,0.3333333333333333,1.0,1.0,0.6,1.0,"[28, 89, 17]","['Grampian-2020-2021:p0028_000', 'Grampian-2020-2021:p0028_001', 'Grampian-2020-2021:p0028_002', 'Grampian-2020-2021:p0089_001', 'Grampian-2020-2021:p0017_000']","['Grampian-2020-2021', 'Grampian-2020-2021', 'Grampian-2020-2021', 'Grampian-2020-2021', 'Grampian-2020-2021']"
Q_2021_FIN_P2,FIN,2021,P2,10,text,Grampian-2020-2021,PERFORMANCE REPORT,[28],hit,0,0.0,[],1.0,0.14285714285714285,1.0,1.0,0.3,1.0,"[28, 89, 17, 74, 40, 36, 127]","['Grampian-2020-2021:p0028_000', 'Grampian-2020-2021:p0028_001', 'Grampian-2020-2021:p0028_002', 'Grampian-2020-2021:p0089_001', 'Grampian-2020-2021:p0017_000']","['Grampian-2020-2021', 'Grampian-2020-2021', 'Grampian-2020-2021', 'Grampian-2020-2021', 'Grampian-2020-2021']"
Q_2021_SAV_01,SAV,2021,1,1,number,Grampian-2020-2021,PERFORMANCE REPORT,[29],hit,0,0.0,[],1.0,1.0,1.0,1.0,1.0,1.0,[29],['Grampian-2020-2021:p0029_000'],['Grampian-2020-2021']
Q_2021_SAV_01,SAV,2021,1,3,number,Grampian-2020-2021,PERFORMANCE REPORT,[29],hit,0,0.0,[],1.0,0.5,1.0,1.0,0.6666666666666666,1.0,"[29, 40]","['Grampian-2020-2021:p0029_000', 'Grampian-2020-2021:p0029_001', 'Grampian-2020-2021:p0040_001']","['Grampian-2020-2021', 'Grampian-2020-2021', 'Grampian-2020-2021']"
Q_2021_SAV_01,SAV,2021,1,5,number,Grampian-2020-2021,PERFORMANCE REPORT,[29],hit,0,0.0,[],1.0,0.5,1.0,1.0,0.6,1.0,"[29, 40]","['Grampian-2020-2021:p0029_000', 'Grampian-2020-2021:p0029_001', 'Grampian-2020-2021:p0040_001', 'Grampian-2020-2021:p0029_002', 'Grampian-2020-2021:p0040_002']","['Grampian-2020-2021', 'Grampian-2020-2021', 'Grampian-2020-2021', 'Grampian-2020-2021', 'Grampian-2020-2021']"
Q_2021_SAV_01,SAV,2021,1,10,number,Grampian-2020-2021,PERFORMANCE REPORT,[29],hit,0,0.0,[],1.0,0.14285714285714285,1.0,1.0,0.3,1.0,"[29, 40, 27, 7, 38, 17, 70]","['Grampian-2020-2021:p0029_000', 'Grampian-2020-2021:p0029_001', 'Grampian-2020-2021:p0040_001', 'Grampian-2020-2021:p0029_002', 'Grampian-2020-2021:p0040_002']","['Grampian-2020-2021', 'Grampian-2020-2021', 'Grampian-2020-2021', 'Grampian-2020-2021', 'Grampian-2020-2021']"
Q_2021_SAV_02,SAV,2021,2,1,number,Grampian-2020-2021,PERFORMANCE REPORT,[29],missed_top_ranked,0,0.0,[],0.0,0.0,0.0,0.0,0.0,0.0,[34],['Grampian-2020-2021:p0034_001'],['Grampian-2020-2021']
Q_2021_SAV_02,SAV,2021,2,3,number,Grampian-2020-2021,PERFORMANCE REPORT,[29],missed_top_ranked,0,0.0,[],0.0,0.0,0.0,0.0,0.0,0.0,[34],"['Grampian-2020-2021:p0034_001', 'Grampian-2020-2021:p0034_002', 'Grampian-2020-2021:p0034_000']","['Grampian-2020-2021', 'Grampian-2020-2021', 'Grampian-2020-2021']"
Q_2021_SAV_02,SAV,2021,2,5,number,Grampian-2020-2021,PERFORMANCE REPORT,[29],missed_top_ranked,0,0.0,[],0.0,0.0,0.0,0.0,0.0,0.0,"[34, 79]","['Grampian-2020-2021:p0034_001', 'Grampian-2020-2021:p0034_002', 'Grampian-2020-2021:p0034_000', 'Grampian-2020-2021:p0079_000', 'Grampian-2020-2021:p0079_001']","['Grampian-2020-2021', 'Grampian-2020-2021', 'Grampian-2020-2021', 'Grampian-2020-2021', 'Grampian-2020-2021']"
Q_2021_SAV_02,SAV,2021,2,10,number,Grampian-2020-2021,PERFORMANCE REPORT,[29],missed_top_ranked,0,0.0,[],0.0,0.0,0.0,0.0,0.0,0.0,"[34, 79, 48, 127, 7, 17]","['Grampian-2020-2021:p0034_001', 'Grampian-2020-2021:p0034_002', 'Grampian-2020-2021:p0034_000', 'Grampian-2020-2021:p0079_000', 'Grampian-2020-2021:p0079_001']","['Grampian-2020-2021', 'Grampian-2020-2021', 'Grampian-2020-2021', 'Grampian-2020-2021', 'Grampian-2020-2021']"
Q_2021_SAV_03,SAV,2021,3,1,number,Grampian-2020-2021,PERFORMANCE REPORT,[29],hit,0,0.0,[],1.0,1.0,1.0,1.0,1.0,1.0,[29],['Grampian-2020-2021:p0029_000'],['Grampian-2020-2021']
Q_2021_SAV_03,SAV,2021,3,3,number,Grampian-2020-2021,PERFORMANCE REPORT,[29],hit,0,0.0,[],1.0,0.5,1.0,1.0,0.6666666666666666,1.0,"[29, 34]","['Grampian-2020-2021:p0029_000', 'Grampian-2020-2021:p0029_001', 'Grampian-2020-2021:p0034_002']","['Grampian-2020-2021', 'Grampian-2020-2021', 'Grampian-2020-2021']"
Q_2021_SAV_03,SAV,2021,3,5,number,Grampian-2020-2021,PERFORMANCE REPORT,[29],hit,0,0.0,[],1.0,0.3333333333333333,1.0,1.0,0.4,1.0,"[29, 34, 27]","['Grampian-2020-2021:p0029_000', 'Grampian-2020-2021:p0029_001', 'Grampian-2020-2021:p0034_002', 'Grampian-2020-2021:p0027_000', 'Grampian-2020-2021:p0034_001']","['Grampian-2020-2021', 'Grampian-2020-2021', 'Grampian-2020-2021', 'Grampian-2020-2021', 'Grampian-2020-2021']"
Q_2021_SAV_03,SAV,2021,3,10,number,Grampian-2020-2021,PERFORMANCE REPORT,[29],hit,0,0.0,[],1.0,0.2,1.0,1.0,0.3,1.0,"[29, 34, 27, 28, 127]","['Grampian-2020-2021:p0029_000', 'Grampian-2020-2021:p0029_001', 'Grampian-2020-2021:p0034_002', 'Grampian-2020-2021:p0027_000', 'Grampian-2020-2021:p0034_001']","['Grampian-2020-2021', 'Grampian-2020-2021', 'Grampian-2020-2021', 'Grampian-2020-2021', 'Grampian-2020-2021']"
Q_2021_SAV_04,SAV,2021,4,1,number,Grampian-2020-2021,PERFORMANCE REPORT,[29],hit,0,0.0,[],1.0,1.0,1.0,1.0,1.0,1.0,[29],['Grampian-2020-2021:p0029_000'],['Grampian-2020-2021']
Q_2021_SAV_04,SAV,2021,4,3,number,Grampian-2020-2021,PERFORMANCE REPORT,[29],hit,0,0.0,[],1.0,1.0,1.0,1.0,1.0,1.0,[29],"['Grampian-2020-2021:p0029_000', 'Grampian-2020-2021:p0029_001', 'Grampian-2020-2021:p0029_002']","['Grampian-2020-2021', 'Grampian-2020-2021', 'Grampian-2020-2021']"
Q_2021_SAV_04,SAV,2021,4,5,number,Grampian-2020-2021,PERFORMANCE REPORT,[29],hit,0,0.0,[],1.0,0.3333333333333333,1.0,1.0,0.6,1.0,"[29, 27, 40]","['Grampian-2020-2021:p0029_000', 'Grampian-2020-2021:p0029_001', 'Grampian-2020-2021:p0029_002', 'Grampian-2020-2021:p0027_000', 'Grampian-2020-2021:p0040_001']","['Grampian-2020-2021', 'Grampian-2020-2021', 'Grampian-2020-2021', 'Grampian-2020-2021', 'Grampian-2020-2021']"
Q_2021_SAV_04,SAV,2021,4,10,number,Grampian-2020-2021,PERFORMANCE REPORT,[29],hit,0,0.0,[],1.0,0.125,1.0,1.0,0.3,1.0,"[29, 27, 40, 63, 17, 4, 34, 24]","['Grampian-2020-2021:p0029_000', 'Grampian-2020-2021:p0029_001', 'Grampian-2020-2021:p0029_002', 'Grampian-2020-2021:p0027_000', 'Grampian-2020-2021:p0040_001']","['Grampian-2020-2021', 'Grampian-2020-2021', 'Grampian-2020-2021', 'Grampian-2020-2021', 'Grampian-2020-2021']"
Q_2021_SAV_P1,SAV,2021,P1,1,text,Grampian-2020-2021,PERFORMANCE REPORT,[29],hit,0,0.0,[],1.0,1.0,1.0,1.0,1.0,1.0,[29],['Grampian-2020-2021:p0029_000'],['Grampian-2020-2021']
Q_2021_SAV_P1,SAV,2021,P1,3,text,Grampian-2020-2021,PERFORMANCE REPORT,[29],hit,0,0.0,[],1.0,1.0,1.0,1.0,1.0,1.0,[29],"['Grampian-2020-2021:p0029_000', 'Grampian-2020-2021:p0029_001', 'Grampian-2020-2021:p0029_002']","['Grampian-2020-2021', 'Grampian-2020-2021', 'Grampian-2020-2021']"
Q_2021_SAV_P1,SAV,2021,P1,5,text,Grampian-2020-2021,PERFORMANCE REPORT,[29],hit,0,0.0,[],1.0,0.3333333333333333,1.0,1.0,0.6,1.0,"[29, 17, 92]","['Grampian-2020-2021:p0029_000', 'Grampian-2020-2021:p0029_001', 'Grampian-2020-2021:p0029_002', 'Grampian-2020-2021:p0017_000', 'Grampian-2020-2021:p0092_000']","['Grampian-2020-2021', 'Grampian-2020-2021', 'Grampian-2020-2021', 'Grampian-2020-2021', 'Grampian-2020-2021']"
Q_2021_SAV_P1,SAV,2021,P1,10,text,Grampian-2020-2021,PERFORMANCE REPORT,[29],hit,0,0.0,[],1.0,0.14285714285714285,1.0,1.0,0.3,1.0,"[29, 17, 92, 35, 28, 34, 27]","['Grampian-2020-2021:p0029_000', 'Grampian-2020-2021:p0029_001', 'Grampian-2020-2021:p0029_002', 'Grampian-2020-2021:p0017_000', 'Grampian-2020-2021:p0092_000']","['Grampian-2020-2021', 'Grampian-2020-2021', 'Grampian-2020-2021', 'Grampian-2020-2021', 'Grampian-2020-2021']"
Q_2021_COV_01,COV,2021,1,1,number,Grampian-2020-2021,PERFORMANCE REPORT,[29],hit,0,0.0,[],1.0,1.0,1.0,1.0,1.0,1.0,[29],['Grampian-2020-2021:p0029_000'],['Grampian-2020-2021']
Q_2021_COV_01,COV,2021,1,3,number,Grampian-2020-2021,PERFORMANCE REPORT,[29],hit,0,0.0,[],1.0,0.5,1.0,1.0,0.6666666666666666,1.0,"[29, 28]","['Grampian-2020-2021:p0029_000', 'Grampian-2020-2021:p0029_001', 'Grampian-2020-2021:p0028_002']","['Grampian-2020-2021', 'Grampian-2020-2021', 'Grampian-2020-2021']"
Q_2021_COV_01,COV,2021,1,5,number,Grampian-2020-2021,PERFORMANCE REPORT,[29],hit,0,0.0,[],1.0,0.3333333333333333,1.0,1.0,0.4,1.0,"[29, 28, 27]","['Grampian-2020-2021:p0029_000', 'Grampian-2020-2021:p0029_001', 'Grampian-2020-2021:p0028_002', 'Grampian-2020-2021:p0028_001', 'Grampian-2020-2021:p0027_001']","['Grampian-2020-2021', 'Grampian-2020-2021', 'Grampian-2020-2021', 'Grampian-2020-2021', 'Grampian-2020-2021']"
Q_2021_COV_01,COV,2021,1,10,number,Grampian-2020-2021,PERFORMANCE REPORT,[29],hit,0,0.0,[],1.0,0.16666666666666666,1.0,1.0,0.2,1.0,"[29, 28, 27, 17, 67, 26]","['Grampian-2020-2021:p0029_000', 'Grampian-2020-2021:p0029_001', 'Grampian-2020-2021:p0028_002', 'Grampian-2020-2021:p0028_001', 'Grampian-2020-2021:p0027_001']","['Grampian-2020-2021', 'Grampian-2020-2021', 'Grampian-2020-2021', 'Grampian-2020-2021', 'Grampian-2020-2021']"
Q_2021_COV_02,COV,2021,2,1,number,Grampian-2020-2021,PERFORMANCE REPORT,[29],missed_top_ranked,0,0.0,[],0.0,0.0,0.0,0.0,0.0,0.0,[30],['Grampian-2020-2021:p0030_002'],['Grampian-2020-2021']
Q_2021_COV_02,COV,2021,2,3,number,Grampian-2020-2021,PERFORMANCE REPORT,[29],missed_top_ranked,0,0.0,[],0.0,0.0,0.0,0.0,0.0,0.0,"[30, 17]","['Grampian-2020-2021:p0030_002', 'Grampian-2020-2021:p0030_000', 'Grampian-2020-2021:p0017_000']","['Grampian-2020-2021', 'Grampian-2020-2021', 'Grampian-2020-2021']"
Q_2021_COV_02,COV,2021,2,5,number,Grampian-2020-2021,PERFORMANCE REPORT,[29],missed_top_ranked,0,0.0,[],0.0,0.0,0.0,0.0,0.0,0.0,"[30, 17, 26, 27]","['Grampian-2020-2021:p0030_002', 'Grampian-2020-2021:p0030_000', 'Grampian-2020-2021:p0017_000', 'Grampian-2020-2021:p0026_000', 'Grampian-2020-2021:p0027_000']","['Grampian-2020-2021', 'Grampian-2020-2021', 'Grampian-2020-2021', 'Grampian-2020-2021', 'Grampian-2020-2021']"
Q_2021_COV_02,COV,2021,2,10,number,Grampian-2020-2021,PERFORMANCE REPORT,[29],hit,0,0.0,[],1.0,0.16666666666666666,0.16666666666666666,1.0,0.1,0.14285714285714285,"[30, 17, 26, 27, 132, 29]","['Grampian-2020-2021:p0030_002', 'Grampian-2020-2021:p0030_000', 'Grampian-2020-2021:p0017_000', 'Grampian-2020-2021:p0026_000', 'Grampian-2020-2021:p0027_000']","['Grampian-2020-2021', 'Grampian-2020-2021', 'Grampian-2020-2021', 'Grampian-2020-2021', 'Grampian-2020-2021']"
Q_2021_COV_P1,COV,2021,P1,1,number,Grampian-2020-2021,PERFORMANCE REPORT,[28],missed_top_ranked,0,0.0,[],0.0,0.0,0.0,0.0,0.0,0.0,[34],['Grampian-2020-2021:p0034_001'],['Grampian-2020-2021']
Q_2021_COV_P1,COV,2021,P1,3,number,Grampian-2020-2021,PERFORMANCE REPORT,[28],hit,0,0.0,[],1.0,0.3333333333333333,0.5,1.0,0.3333333333333333,0.5,"[34, 28, 14]","['Grampian-2020-2021:p0034_001', 'Grampian-2020-2021:p0028_002', 'Grampian-2020-2021:p0014_000']","['Grampian-2020-2021', 'Grampian-2020-2021', 'Grampian-2020-2021']"
Q_2021_COV_P1,COV,2021,P1,5,number,Grampian-2020-2021,PERFORMANCE REPORT,[28],hit,0,0.0,[],1.0,0.25,0.5,1.0,0.4,0.5,"[34, 28, 14, 127]","['Grampian-2020-2021:p0034_001', 'Grampian-2020-2021:p0028_002', 'Grampian-2020-2021:p0014_000', 'Grampian-2020-2021:p0028_001', 'Grampian-2020-2021:p0127_003']","['Grampian-2020-2021', 'Grampian-2020-2021', 'Grampian-2020-2021', 'Grampian-2020-2021', 'Grampian-2020-2021']"
Q_2021_COV_P1,COV,2021,P1,10,number,Grampian-2020-2021,PERFORMANCE REPORT,[28],hit,0,0.0,[],1.0,0.14285714285714285,0.5,1.0,0.2,0.5,"[34, 28, 14, 127, 29, 7, 13]","['Grampian-2020-2021:p0034_001', 'Grampian-2020-2021:p0028_002', 'Grampian-2020-2021:p0014_000', 'Grampian-2020-2021:p0028_001', 'Grampian-2020-2021:p0127_003']","['Grampian-2020-2021', 'Grampian-2020-2021', 'Grampian-2020-2021', 'Grampian-2020-2021', 'Grampian-2020-2021']"
Q_2021_IJB_01,IJB,2021,1,1,number,Grampian-2020-2021,PERFORMANCE REPORT,[26],missed_top_ranked,0,0.0,[],0.0,0.0,0.0,0.0,0.0,0.0,[23],['Grampian-2020-2021:p0023_001'],['Grampian-2020-2021']
Q_2021_IJB_01,IJB,2021,1,3,number,Grampian-2020-2021,PERFORMANCE REPORT,[26],hit,0,0.0,[],1.0,0.5,0.5,1.0,0.3333333333333333,0.5,"[23, 26]","['Grampian-2020-2021:p0023_001', 'Grampian-2020-2021:p0026_000', 'Grampian-2020-2021:p0023_000']","['Grampian-2020-2021', 'Grampian-2020-2021', 'Grampian-2020-2021']"
Q_2021_IJB_01,IJB,2021,1,5,number,Grampian-2020-2021,PERFORMANCE REPORT,[26],hit,0,0.0,[],1.0,0.3333333333333333,0.5,1.0,0.4,0.5,"[23, 26, 132]","['Grampian-2020-2021:p0023_001', 'Grampian-2020-2021:p0026_000', 'Grampian-2020-2021:p0023_000', 'Grampian-2020-2021:p0026_002', 'Grampian-2020-2021:p0132_000']","['Grampian-2020-2021', 'Grampian-2020-2021', 'Grampian-2020-2021', 'Grampian-2020-2021', 'Grampian-2020-2021']"
Q_2021_IJB_01,IJB,2021,1,10,number,Grampian-2020-2021,PERFORMANCE REPORT,[26],hit,0,0.0,[],1.0,0.14285714285714285,0.5,1.0,0.3,0.5,"[23, 26, 132, 80, 82, 31, 30]","['Grampian-2020-2021:p0023_001', 'Grampian-2020-2021:p0026_000', 'Grampian-2020-2021:p0023_000', 'Grampian-2020-2021:p0026_002', 'Grampian-2020-2021:p0132_000']","['Grampian-2020-2021', 'Grampian-2020-2021', 'Grampian-2020-2021', 'Grampian-2020-2021', 'Grampian-2020-2021']"
Q_2021_IJB_02,IJB,2021,2,1,number,Grampian-2020-2021,PERFORMANCE REPORT,[26],hit,0,0.0,[],1.0,1.0,1.0,1.0,1.0,1.0,[26],['Grampian-2020-2021:p0026_001'],['Grampian-2020-2021']
Q_2021_IJB_02,IJB,2021,2,3,number,Grampian-2020-2021,PERFORMANCE REPORT,[26],hit,0,0.0,[],1.0,0.5,1.0,1.0,0.6666666666666666,1.0,"[26, 27]","['Grampian-2020-2021:p0026_001', 'Grampian-2020-2021:p0026_002', 'Grampian-2020-2021:p0027_001']","['Grampian-2020-2021', 'Grampian-2020-2021', 'Grampian-2020-2021']"
Q_2021_IJB_02,IJB,2021,2,5,number,Grampian-2020-2021,PERFORMANCE REPORT,[26],hit,0,0.0,[],1.0,0.3333333333333333,1.0,1.0,0.4,1.0,"[26, 27, 132]","['Grampian-2020-2021:p0026_001', 'Grampian-2020-2021:p0026_002', 'Grampian-2020-2021:p0027_001', 'Grampian-2020-2021:p0132_000', 'Grampian-2020-2021:p0027_000']","['Grampian-2020-2021', 'Grampian-2020-2021', 'Grampian-2020-2021', 'Grampian-2020-2021', 'Grampian-2020-2021']"
Q_2021_IJB_02,IJB,2021,2,10,number,Grampian-2020-2021,PERFORMANCE REPORT,[26],hit,0,0.0,[],1.0,0.16666666666666666,1.0,1.0,0.3,1.0,"[26, 27, 132, 31, 23, 80]","['Grampian-2020-2021:p0026_001', 'Grampian-2020-2021:p0026_002', 'Grampian-2020-2021:p0027_001', 'Grampian-2020-2021:p0132_000', 'Grampian-2020-2021:p0027_000']","['Grampian-2020-2021', 'Grampian-2020-2021', 'Grampian-2020-2021', 'Grampian-2020-2021', 'Grampian-2020-2021']"
Q_2021_IJB_03,IJB,2021,3,1,number,Grampian-2020-2021,PERFORMANCE REPORT,[27],hit,0,0.0,[],1.0,1.0,1.0,1.0,1.0,1.0,[27],['Grampian-2020-2021:p0027_000'],['Grampian-2020-2021']
Q_2021_IJB_03,IJB,2021,3,3,number,Grampian-2020-2021,PERFORMANCE REPORT,[27],hit,0,0.0,[],1.0,0.5,1.0,1.0,0.6666666666666666,1.0,"[27, 26]","['Grampian-2020-2021:p0027_000', 'Grampian-2020-2021:p0027_001', 'Grampian-2020-2021:p0026_000']","['Grampian-2020-2021', 'Grampian-2020-2021', 'Grampian-2020-2021']"
Q_2021_IJB_03,IJB,2021,3,5,number,Grampian-2020-2021,PERFORMANCE REPORT,[27],hit,0,0.0,[],1.0,0.25,1.0,1.0,0.4,1.0,"[27, 26, 23, 132]","['Grampian-2020-2021:p0027_000', 'Grampian-2020-2021:p0027_001', 'Grampian-2020-2021:p0026_000', 'Grampian-2020-2021:p0023_001', 'Grampian-2020-2021:p0132_000']","['Grampian-2020-2021', 'Grampian-2020-2021', 'Grampian-2020-2021', 'Grampian-2020-2021', 'Grampian-2020-2021']"
Q_2021_IJB_03,IJB,2021,3,10,number,Grampian-2020-2021,PERFORMANCE REPORT,[27],hit,0,0.0,[],1.0,0.16666666666666666,1.0,1.0,0.3,1.0,"[27, 26, 23, 132, 34, 44]","['Grampian-2020-2021:p0027_000', 'Grampian-2020-2021:p0027_001', 'Grampian-2020-2021:p0026_000', 'Grampian-2020-2021:p0023_001', 'Grampian-2020-2021:p0132_000']","['Grampian-2020-2021', 'Grampian-2020-2021', 'Grampian-2020-2021', 'Grampian-2020-2021', 'Grampian-2020-2021']"
Q_2021_IJB_04,IJB,2021,4,1,number,Grampian-2020-2021,PERFORMANCE REPORT,[27],hit,0,0.0,[],1.0,1.0,1.0,1.0,1.0,1.0,[27],['Grampian-2020-2021:p0027_000'],['Grampian-2020-2021']
Q_2021_IJB_04,IJB,2021,4,3,number,Grampian-2020-2021,PERFORMANCE REPORT,[27],hit,0,0.0,[],1.0,0.5,1.0,1.0,0.6666666666666666,1.0,"[27, 132]","['Grampian-2020-2021:p0027_000', 'Grampian-2020-2021:p0027_001', 'Grampian-2020-2021:p0132_000']","['Grampian-2020-2021', 'Grampian-2020-2021', 'Grampian-2020-2021']"
Q_2021_IJB_04,IJB,2021,4,5,number,Grampian-2020-2021,PERFORMANCE REPORT,[27],hit,0,0.0,[],1.0,0.25,1.0,1.0,0.4,1.0,"[27, 132, 26, 31]","['Grampian-2020-2021:p0027_000', 'Grampian-2020-2021:p0027_001', 'Grampian-2020-2021:p0132_000', 'Grampian-2020-2021:p0026_001', 'Grampian-2020-2021:p0031_000']","['Grampian-2020-2021', 'Grampian-2020-2021', 'Grampian-2020-2021', 'Grampian-2020-2021', 'Grampian-2020-2021']"
Q_2021_IJB_04,IJB,2021,4,10,number,Grampian-2020-2021,PERFORMANCE REPORT,[27],hit,0,0.0,[],1.0,0.16666666666666666,1.0,1.0,0.3,1.0,"[27, 132, 26, 31, 23, 10]","['Grampian-2020-2021:p0027_000', 'Grampian-2020-2021:p0027_001', 'Grampian-2020-2021:p0132_000', 'Grampian-2020-2021:p0026_001', 'Grampian-2020-2021:p0031_000']","['Grampian-2020-2021', 'Grampian-2020-2021', 'Grampian-2020-2021', 'Grampian-2020-2021', 'Grampian-2020-2021']"
Q_2021_IJB_05,IJB,2021,5,1,number,Grampian-2020-2021,PERFORMANCE REPORT,[27],hit,0,0.0,[],1.0,1.0,1.0,1.0,1.0,1.0,[27],['Grampian-2020-2021:p0027_001'],['Grampian-2020-2021']
Q_2021_IJB_05,IJB,2021,5,3,number,Grampian-2020-2021,PERFORMANCE REPORT,[27],hit,0,0.0,[],1.0,0.5,1.0,1.0,0.6666666666666666,1.0,"[27, 23]","['Grampian-2020-2021:p0027_001', 'Grampian-2020-2021:p0023_001', 'Grampian-2020-2021:p0027_000']","['Grampian-2020-2021', 'Grampian-2020-2021', 'Grampian-2020-2021']"
Q_2021_IJB_05,IJB,2021,5,5,number,Grampian-2020-2021,PERFORMANCE REPORT,[27],hit,0,0.0,[],1.0,0.3333333333333333,1.0,1.0,0.6,1.0,"[27, 23, 26]","['Grampian-2020-2021:p0027_001', 'Grampian-2020-2021:p0023_001', 'Grampian-2020-2021:p0027_000', 'Grampian-2020-2021:p0027_002', 'Grampian-2020-2021:p0026_000']","['Grampian-2020-2021', 'Grampian-2020-2021', 'Grampian-2020-2021', 'Grampian-2020-2021', 'Grampian-2020-2021']"
Q_2021_IJB_05,IJB,2021,5,10,number,Grampian-2020-2021,PERFORMANCE REPORT,[27],hit,0,0.0,[],1.0,0.125,1.0,1.0,0.3,1.0,"[27, 23, 26, 132, 30, 28, 82, 80]","['Grampian-2020-2021:p0027_001', 'Grampian-2020-2021:p0023_001', 'Grampian-2020-2021:p0027_000', 'Grampian-2020-2021:p0027_002', 'Grampian-2020-2021:p0026_000']","['Grampian-2020-2021', 'Grampian-2020-2021', 'Grampian-2020-2021', 'Grampian-2020-2021', 'Grampian-2020-2021']"
Q_2021_IJB_06,IJB,2021,6,1,number,Grampian-2020-2021,PERFORMANCE REPORT,[27],hit,0,0.0,[],1.0,1.0,1.0,1.0,1.0,1.0,[27],['Grampian-2020-2021:p0027_001'],['Grampian-2020-2021']
Q_2021_IJB_06,IJB,2021,6,3,number,Grampian-2020-2021,PERFORMANCE REPORT,[27],hit,0,0.0,[],1.0,0.5,1.0,1.0,0.6666666666666666,1.0,"[27, 26]","['Grampian-2020-2021:p0027_001', 'Grampian-2020-2021:p0026_001', 'Grampian-2020-2021:p0027_000']","['Grampian-2020-2021', 'Grampian-2020-2021', 'Grampian-2020-2021']"
Q_2021_IJB_06,IJB,2021,6,5,number,Grampian-2020-2021,PERFORMANCE REPORT,[27],hit,0,0.0,[],1.0,0.3333333333333333,1.0,1.0,0.6,1.0,"[27, 26, 132]","['Grampian-2020-2021:p0027_001', 'Grampian-2020-2021:p0026_001', 'Grampian-2020-2021:p0027_000', 'Grampian-2020-2021:p0027_002', 'Grampian-2020-2021:p0132_000']","['Grampian-2020-2021', 'Grampian-2020-2021', 'Grampian-2020-2021', 'Grampian-2020-2021', 'Grampian-2020-2021']"
Q_2021_IJB_06,IJB,2021,6,10,number,Grampian-2020-2021,PERFORMANCE REPORT,[27],hit,0,0.0,[],1.0,0.2,1.0,1.0,0.3,1.0,"[27, 26, 132, 31, 23]","['Grampian-2020-2021:p0027_001', 'Grampian-2020-2021:p0026_001', 'Grampian-2020-2021:p0027_000', 'Grampian-2020-2021:p0027_002', 'Grampian-2020-2021:p0132_000']","['Grampian-2020-2021', 'Grampian-2020-2021', 'Grampian-2020-2021', 'Grampian-2020-2021', 'Grampian-2020-2021']"
Q_2021_IJB_P1,IJB,2021,P1,1,text,Grampian-2020-2021,PERFORMANCE REPORT,[27],missed_top_ranked,0,0.0,[],0.0,0.0,0.0,0.0,0.0,0.0,[26],['Grampian-2020-2021:p0026_000'],['Grampian-2020-2021']
Q_2021_IJB_P1,IJB,2021,P1,3,text,Grampian-2020-2021,PERFORMANCE REPORT,[27],missed_top_ranked,0,0.0,[],0.0,0.0,0.0,0.0,0.0,0.0,"[26, 23, 28]","['Grampian-2020-2021:p0026_000', 'Grampian-2020-2021:p0023_000', 'Grampian-2020-2021:p0028_002']","['Grampian-2020-2021', 'Grampian-2020-2021', 'Grampian-2020-2021']"
Q_2021_IJB_P1,IJB,2021,P1,5,text,Grampian-2020-2021,PERFORMANCE REPORT,[27],missed_top_ranked,0,0.0,[],0.0,0.0,0.0,0.0,0.0,0.0,"[26, 23, 28, 132, 6]","['Grampian-2020-2021:p0026_000', 'Grampian-2020-2021:p0023_000', 'Grampian-2020-2021:p0028_002', 'Grampian-2020-2021:p0132_000', 'Grampian-2020-2021:p0006_000']","['Grampian-2020-2021', 'Grampian-2020-2021', 'Grampian-2020-2021', 'Grampian-2020-2021', 'Grampian-2020-2021']"
Q_2021_IJB_P1,IJB,2021,P1,10,text,Grampian-2020-2021,PERFORMANCE REPORT,[27],hit,0,0.0,[],1.0,0.14285714285714285,0.16666666666666666,1.0,0.2,0.14285714285714285,"[26, 23, 28, 132, 6, 27, 30]","['Grampian-2020-2021:p0026_000', 'Grampian-2020-2021:p0023_000', 'Grampian-2020-2021:p0028_002', 'Grampian-2020-2021:p0132_000', 'Grampian-2020-2021:p0006_000']","['Grampian-2020-2021', 'Grampian-2020-2021', 'Grampian-2020-2021', 'Grampian-2020-2021', 'Grampian-2020-2021']"
Q_2021_GOV_01,GOV,2021,1,1,text,Grampian-2020-2021,PERFORMANCE REPORT,[28],hit,0,0.0,[],1.0,1.0,1.0,1.0,1.0,1.0,[28],['Grampian-2020-2021:p0028_000'],['Grampian-2020-2021']
Q_2021_GOV_01,GOV,2021,1,3,text,Grampian-2020-2021,PERFORMANCE REPORT,[28],hit,0,0.0,[],1.0,0.3333333333333333,1.0,1.0,0.3333333333333333,1.0,"[28, 34, 7]","['Grampian-2020-2021:p0028_000', 'Grampian-2020-2021:p0034_002', 'Grampian-2020-2021:p0007_000']","['Grampian-2020-2021', 'Grampian-2020-2021', 'Grampian-2020-2021']"
Q_2021_GOV_01,GOV,2021,1,5,text,Grampian-2020-2021,PERFORMANCE REPORT,[28],hit,0,0.0,[],1.0,0.25,1.0,1.0,0.4,1.0,"[28, 34, 7, 26]","['Grampian-2020-2021:p0028_000', 'Grampian-2020-2021:p0034_002', 'Grampian-2020-2021:p0007_000', 'Grampian-2020-2021:p0026_000', 'Grampian-2020-2021:p0028_001']","['Grampian-2020-2021', 'Grampian-2020-2021', 'Grampian-2020-2021', 'Grampian-2020-2021', 'Grampian-2020-2021']"
Q_2021_GOV_01,GOV,2021,1,10,text,Grampian-2020-2021,PERFORMANCE REPORT,[28],hit,0,0.0,[],1.0,0.14285714285714285,1.0,1.0,0.2,1.0,"[28, 34, 7, 26, 23, 78, 33]","['Grampian-2020-2021:p0028_000', 'Grampian-2020-2021:p0034_002', 'Grampian-2020-2021:p0007_000', 'Grampian-2020-2021:p0026_000', 'Grampian-2020-2021:p0028_001']","['Grampian-2020-2021', 'Grampian-2020-2021', 'Grampian-2020-2021', 'Grampian-2020-2021', 'Grampian-2020-2021']"
Q_2021_GOV_02,GOV,2021,2,1,text,Grampian-2020-2021,PERFORMANCE REPORT,[28],hit,0,0.0,[],1.0,1.0,1.0,1.0,1.0,1.0,[28],['Grampian-2020-2021:p0028_000'],['Grampian-2020-2021']
Q_2021_GOV_02,GOV,2021,2,3,text,Grampian-2020-2021,PERFORMANCE REPORT,[28],hit,0,0.0,[],1.0,0.5,1.0,1.0,0.6666666666666666,1.0,"[28, 26]","['Grampian-2020-2021:p0028_000', 'Grampian-2020-2021:p0026_000', 'Grampian-2020-2021:p0028_001']","['Grampian-2020-2021', 'Grampian-2020-2021', 'Grampian-2020-2021']"
Q_2021_GOV_02,GOV,2021,2,5,text,Grampian-2020-2021,PERFORMANCE REPORT,[28],hit,0,0.0,[],1.0,0.25,1.0,1.0,0.4,1.0,"[28, 26, 32, 29]","['Grampian-2020-2021:p0028_000', 'Grampian-2020-2021:p0026_000', 'Grampian-2020-2021:p0028_001', 'Grampian-2020-2021:p0032_000', 'Grampian-2020-2021:p0029_000']","['Grampian-2020-2021', 'Grampian-2020-2021', 'Grampian-2020-2021', 'Grampian-2020-2021', 'Grampian-2020-2021']"
Q_2021_GOV_02,GOV,2021,2,10,text,Grampian-2020-2021,PERFORMANCE REPORT,[28],hit,0,0.0,[],1.0,0.125,1.0,1.0,0.2,1.0,"[28, 26, 32, 29, 40, 34, 31, 33]","['Grampian-2020-2021:p0028_000', 'Grampian-2020-2021:p0026_000', 'Grampian-2020-2021:p0028_001', 'Grampian-2020-2021:p0032_000', 'Grampian-2020-2021:p0029_000']","['Grampian-2020-2021', 'Grampian-2020-2021', 'Grampian-2020-2021', 'Grampian-2020-2021', 'Grampian-2020-2021']"
Q_2021_STR_01,STR,2021,1,1,number,Grampian-2020-2021,PERFORMANCE REPORT,[6],missed_top_ranked,0,0.0,[],0.0,0.0,0.0,0.0,0.0,0.0,[74],['Grampian-2020-2021:p0074_000'],['Grampian-2020-2021']
Q_2021_STR_01,STR,2021,1,3,number,Grampian-2020-2021,PERFORMANCE REPORT,[6],hit,0,0.0,[],1.0,0.3333333333333333,0.5,1.0,0.3333333333333333,0.5,"[74, 6, 73]","['Grampian-2020-2021:p0074_000', 'Grampian-2020-2021:p0006_000', 'Grampian-2020-2021:p0073_000']","['Grampian-2020-2021', 'Grampian-2020-2021', 'Grampian-2020-2021']"
Q_2021_STR_01,STR,2021,1,5,number,Grampian-2020-2021,PERFORMANCE REPORT,[6],hit,0,0.0,[],1.0,0.2,0.5,1.0,0.2,0.5,"[74, 6, 73, 38, 34]","['Grampian-2020-2021:p0074_000', 'Grampian-2020-2021:p0006_000', 'Grampian-2020-2021:p0073_000', 'Grampian-2020-2021:p0038_000', 'Grampian-2020-2021:p0034_001']","['Grampian-2020-2021', 'Grampian-2020-2021', 'Grampian-2020-2021', 'Grampian-2020-2021', 'Grampian-2020-2021']"
Q_2021_STR_01,STR,2021,1,10,number,Grampian-2020-2021,PERFORMANCE REPORT,[6],hit,0,0.0,[],1.0,0.125,0.5,1.0,0.1,0.5,"[74, 6, 73, 38, 34, 127, 25, 35]","['Grampian-2020-2021:p0074_000', 'Grampian-2020-2021:p0006_000', 'Grampian-2020-2021:p0073_000', 'Grampian-2020-2021:p0038_000', 'Grampian-2020-2021:p0034_001']","['Grampian-2020-2021', 'Grampian-2020-2021', 'Grampian-2020-2021', 'Grampian-2020-2021', 'Grampian-2020-2021']"
Q_2021_STR_02,STR,2021,2,1,text,Grampian-2020-2021,PERFORMANCE REPORT,[6],hit,0,0.0,[],1.0,1.0,1.0,1.0,1.0,1.0,[6],['Grampian-2020-2021:p0006_000'],['Grampian-2020-2021']
Q_2021_STR_02,STR,2021,2,3,text,Grampian-2020-2021,PERFORMANCE REPORT,[6],hit,0,0.0,[],1.0,0.3333333333333333,1.0,1.0,0.3333333333333333,1.0,"[6, 27, 30]","['Grampian-2020-2021:p0006_000', 'Grampian-2020-2021:p0027_001', 'Grampian-2020-2021:p0030_000']","['Grampian-2020-2021', 'Grampian-2020-2021', 'Grampian-2020-2021']"
Q_2021_STR_02,STR,2021,2,5,text,Grampian-2020-2021,PERFORMANCE REPORT,[6],hit,0,0.0,[],1.0,0.25,1.0,1.0,0.2,1.0,"[6, 27, 30, 29]","['Grampian-2020-2021:p0006_000', 'Grampian-2020-2021:p0027_001', 'Grampian-2020-2021:p0030_000', 'Grampian-2020-2021:p0029_000', 'Grampian-2020-2021:p0027_000']","['Grampian-2020-2021', 'Grampian-2020-2021', 'Grampian-2020-2021', 'Grampian-2020-2021', 'Grampian-2020-2021']"
Q_2021_STR_02,STR,2021,2,10,text,Grampian-2020-2021,PERFORMANCE REPORT,[6],hit,0,0.0,[],1.0,0.14285714285714285,1.0,1.0,0.1,1.0,"[6, 27, 30, 29, 89, 31, 26]","['Grampian-2020-2021:p0006_000', 'Grampian-2020-2021:p0027_001', 'Grampian-2020-2021:p0030_000', 'Grampian-2020-2021:p0029_000', 'Grampian-2020-2021:p0027_000']","['Grampian-2020-2021', 'Grampian-2020-2021', 'Grampian-2020-2021', 'Grampian-2020-2021', 'Grampian-2020-2021']"
Q_2021_STR_03,STR,2021,3,1,number,Grampian-2020-2021,PERFORMANCE REPORT,[6],hit,0,0.0,[],1.0,1.0,1.0,1.0,1.0,1.0,[6],['Grampian-2020-2021:p0006_000'],['Grampian-2020-2021']
Q_2021_STR_03,STR,2021,3,3,number,Grampian-2020-2021,PERFORMANCE REPORT,[6],hit,0,0.0,[],1.0,0.3333333333333333,1.0,1.0,0.3333333333333333,1.0,"[6, 17, 63]","['Grampian-2020-2021:p0006_000', 'Grampian-2020-2021:p0017_001', 'Grampian-2020-2021:p0063_000']","['Grampian-2020-2021', 'Grampian-2020-2021', 'Grampian-2020-2021']"
Q_2021_STR_03,STR,2021,3,5,number,Grampian-2020-2021,PERFORMANCE REPORT,[6],hit,0,0.0,[],1.0,0.2,1.0,1.0,0.2,1.0,"[6, 17, 63, 21, 34]","['Grampian-2020-2021:p0006_000', 'Grampian-2020-2021:p0017_001', 'Grampian-2020-2021:p0063_000', 'Grampian-2020-2021:p0021_001', 'Grampian-2020-2021:p0034_001']","['Grampian-2020-2021', 'Grampian-2020-2021', 'Grampian-2020-2021', 'Grampian-2020-2021', 'Grampian-2020-2021']"
Q_2021_STR_03,STR,2021,3,10,number,Grampian-2020-2021,PERFORMANCE REPORT,[6],hit,0,0.0,[],1.0,0.1,1.0,1.0,0.1,1.0,"[6, 17, 63, 21, 34, 5, 22, 70, 38, 4]","['Grampian-2020-2021:p0006_000', 'Grampian-2020-2021:p0017_001', 'Grampian-2020-2021:p0063_000', 'Grampian-2020-2021:p0021_001', 'Grampian-2020-2021:p0034_001']","['Grampian-2020-2021', 'Grampian-2020-2021', 'Grampian-2020-2021', 'Grampian-2020-2021', 'Grampian-2020-2021']"
Q_2021_STR_P1,STR,2021,P1,1,text,Grampian-2020-2021,PERFORMANCE REPORT,[6],missed_top_ranked,0,0.0,[],0.0,0.0,0.0,0.0,0.0,0.0,[38],['Grampian-2020-2021:p0038_000'],['Grampian-2020-2021']
Q_2021_STR_P1,STR,2021,P1,3,text,Grampian-2020-2021,PERFORMANCE REPORT,[6],missed_top_ranked,0,0.0,[],0.0,0.0,0.0,0.0,0.0,0.0,"[38, 4, 22]","['Grampian-2020-2021:p0038_000', 'Grampian-2020-2021:p0004_000', 'Grampian-2020-2021:p0022_001']","['Grampian-2020-2021', 'Grampian-2020-2021', 'Grampian-2020-2021']"
Q_2021_STR_P1,STR,2021,P1,5,text,Grampian-2020-2021,PERFORMANCE REPORT,[6],missed_top_ranked,0,0.0,[],0.0,0.0,0.0,0.0,0.0,0.0,"[38, 4, 22, 46, 131]","['Grampian-2020-2021:p0038_000', 'Grampian-2020-2021:p0004_000', 'Grampian-2020-2021:p0022_001', 'Grampian-2020-2021:p0046_001', 'Grampian-2020-2021:p0131_002']","['Grampian-2020-2021', 'Grampian-2020-2021', 'Grampian-2020-2021', 'Grampian-2020-2021', 'Grampian-2020-2021']"
Q_2021_STR_P1,STR,2021,P1,10,text,Grampian-2020-2021,PERFORMANCE REPORT,[6],missed_top_ranked,0,0.0,[],0.0,0.0,0.0,0.0,0.0,0.0,"[38, 4, 22, 46, 131, 122, 43, 42]","['Grampian-2020-2021:p0038_000', 'Grampian-2020-2021:p0004_000', 'Grampian-2020-2021:p0022_001', 'Grampian-2020-2021:p0046_001', 'Grampian-2020-2021:p0131_002']","['Grampian-2020-2021', 'Grampian-2020-2021', 'Grampian-2020-2021', 'Grampian-2020-2021', 'Grampian-2020-2021']"
Q_2021_CAP_01,CAP,2021,1,1,number,Grampian-2020-2021,PERFORMANCE REPORT,[32],hit,0,0.0,[],1.0,1.0,1.0,1.0,1.0,1.0,[32],['Grampian-2020-2021:p0032_000'],['Grampian-2020-2021']
Q_2021_CAP_01,CAP,2021,1,3,number,Grampian-2020-2021,PERFORMANCE REPORT,[32],hit,0,0.0,[],1.0,0.3333333333333333,1.0,1.0,0.3333333333333333,1.0,"[32, 24, 73]","['Grampian-2020-2021:p0032_000', 'Grampian-2020-2021:p0024_000', 'Grampian-2020-2021:p0073_002']","['Grampian-2020-2021', 'Grampian-2020-2021', 'Grampian-2020-2021']"
Q_2021_CAP_01,CAP,2021,1,5,number,Grampian-2020-2021,PERFORMANCE REPORT,[32],hit,0,0.0,[],1.0,0.2,1.0,1.0,0.2,1.0,"[32, 24, 73, 132, 38]","['Grampian-2020-2021:p0032_000', 'Grampian-2020-2021:p0024_000', 'Grampian-2020-2021:p0073_002', 'Grampian-2020-2021:p0132_002', 'Grampian-2020-2021:p0038_000']","['Grampian-2020-2021', 'Grampian-2020-2021', 'Grampian-2020-2021', 'Grampian-2020-2021', 'Grampian-2020-2021']"
Q_2021_CAP_01,CAP,2021,1,10,number,Grampian-2020-2021,PERFORMANCE REPORT,[32],hit,0,0.0,[],1.0,0.125,1.0,1.0,0.1,1.0,"[32, 24, 73, 132, 38, 34, 127, 25]","['Grampian-2020-2021:p0032_000', 'Grampian-2020-2021:p0024_000', 'Grampian-2020-2021:p0073_002', 'Grampian-2020-2021:p0132_002', 'Grampian-2020-2021:p0038_000']","['Grampian-2020-2021', 'Grampian-2020-2021', 'Grampian-2020-2021', 'Grampian-2020-2021', 'Grampian-2020-2021']"
Q_2021_CAP_02,CAP,2021,2,1,number,Grampian-2020-2021,PERFORMANCE REPORT,[32],hit,0,0.0,[],1.0,1.0,1.0,1.0,1.0,1.0,[32],['Grampian-2020-2021:p0032_000'],['Grampian-2020-2021']
Q_2021_CAP_02,CAP,2021,2,3,number,Grampian-2020-2021,PERFORMANCE REPORT,[32],hit,0,0.0,[],1.0,0.3333333333333333,1.0,1.0,0.3333333333333333,1.0,"[32, 73, 28]","['Grampian-2020-2021:p0032_000', 'Grampian-2020-2021:p0073_002', 'Grampian-2020-2021:p0028_001']","['Grampian-2020-2021', 'Grampian-2020-2021', 'Grampian-2020-2021']"
Q_2021_CAP_02,CAP,2021,2,5,number,Grampian-2020-2021,PERFORMANCE REPORT,[32],hit,0,0.0,[],1.0,0.25,1.0,1.0,0.2,1.0,"[32, 73, 28, 90]","['Grampian-2020-2021:p0032_000', 'Grampian-2020-2021:p0073_002', 'Grampian-2020-2021:p0028_001', 'Grampian-2020-2021:p0028_000', 'Grampian-2020-2021:p0090_001']","['Grampian-2020-2021', 'Grampian-2020-2021', 'Grampian-2020-2021', 'Grampian-2020-2021', 'Grampian-2020-2021']"
Q_2021_CAP_02,CAP,2021,2,10,number,Grampian-2020-2021,PERFORMANCE REPORT,[32],hit,0,0.0,[],1.0,0.1111111111111111,1.0,1.0,0.1,1.0,"[32, 73, 28, 90, 24, 61, 89, 75, 25]","['Grampian-2020-2021:p0032_000', 'Grampian-2020-2021:p0073_002', 'Grampian-2020-2021:p0028_001', 'Grampian-2020-2021:p0028_000', 'Grampian-2020-2021:p0090_001']","['Grampian-2020-2021', 'Grampian-2020-2021', 'Grampian-2020-2021', 'Grampian-2020-2021', 'Grampian-2020-2021']"
Q_2021_CAP_P1,CAP,2021,P1,1,number,Grampian-2020-2021,PERFORMANCE REPORT,[28],hit,0,0.0,[],1.0,1.0,1.0,1.0,1.0,1.0,[28],['Grampian-2020-2021:p0028_001'],['Grampian-2020-2021']
Q_2021_CAP_P1,CAP,2021,P1,3,number,Grampian-2020-2021,PERFORMANCE REPORT,[28],hit,0,0.0,[],1.0,0.5,1.0,1.0,0.6666666666666666,1.0,"[28, 27]","['Grampian-2020-2021:p0028_001', 'Grampian-2020-2021:p0028_000', 'Grampian-2020-2021:p0027_001']","['Grampian-2020-2021', 'Grampian-2020-2021', 'Grampian-2020-2021']"
Q_2021_CAP_P1,CAP,2021,P1,5,number,Grampian-2020-2021,PERFORMANCE REPORT,[28],hit,0,0.0,[],1.0,0.25,1.0,1.0,0.4,1.0,"[28, 27, 26, 29]","['Grampian-2020-2021:p0028_001', 'Grampian-2020-2021:p0028_000', 'Grampian-2020-2021:p0027_001', 'Grampian-2020-2021:p0026_002', 'Grampian-2020-2021:p0029_000']","['Grampian-2020-2021', 'Grampian-2020-2021', 'Grampian-2020-2021', 'Grampian-2020-2021', 'Grampian-2020-2021']"
Q_2021_CAP_P1,CAP,2021,P1,10,number,Grampian-2020-2021,PERFORMANCE REPORT,[28],hit,0,0.0,[],1.0,0.2,1.0,1.0,0.2,1.0,"[28, 27, 26, 29, 31]","['Grampian-2020-2021:p0028_001', 'Grampian-2020-2021:p0028_000', 'Grampian-2020-2021:p0027_001', 'Grampian-2020-2021:p0026_002', 'Grampian-2020-2021:p0029_000']","['Grampian-2020-2021', 'Grampian-2020-2021', 'Grampian-2020-2021', 'Grampian-2020-2021', 'Grampian-2020-2021']"
Q_2021_COV_03,COV,2021,3,1,number,Grampian-2020-2021,PERFORMANCE REPORT,[30],hit,0,0.0,[],1.0,1.0,1.0,1.0,1.0,1.0,[30],['Grampian-2020-2021:p0030_000'],['Grampian-2020-2021']
Q_2021_COV_03,COV,2021,3,3,number,Grampian-2020-2021,PERFORMANCE REPORT,[30],hit,0,0.0,[],1.0,0.3333333333333333,1.0,1.0,0.3333333333333333,1.0,"[30, 27, 63]","['Grampian-2020-2021:p0030_000', 'Grampian-2020-2021:p0027_000', 'Grampian-2020-2021:p0063_001']","['Grampian-2020-2021', 'Grampian-2020-2021', 'Grampian-2020-2021']"
Q_2021_COV_03,COV,2021,3,5,number,Grampian-2020-2021,PERFORMANCE REPORT,[30],hit,0,0.0,[],1.0,0.3333333333333333,1.0,1.0,0.2,1.0,"[30, 27, 63]","['Grampian-2020-2021:p0030_000', 'Grampian-2020-2021:p0027_000', 'Grampian-2020-2021:p0063_001', 'Grampian-2020-2021:p0027_002', 'Grampian-2020-2021:p0027_001']","['Grampian-2020-2021', 'Grampian-2020-2021', 'Grampian-2020-2021', 'Grampian-2020-2021', 'Grampian-2020-2021']"
Q_2021_COV_03,COV,2021,3,10,number,Grampian-2020-2021,PERFORMANCE REPORT,[30],hit,0,0.0,[],1.0,0.2,1.0,1.0,0.3,1.0,"[30, 27, 63, 26, 31]","['Grampian-2020-2021:p0030_000', 'Grampian-2020-2021:p0027_000', 'Grampian-2020-2021:p0063_001', 'Grampian-2020-2021:p0027_002', 'Grampian-2020-2021:p0027_001']","['Grampian-2020-2021', 'Grampian-2020-2021', 'Grampian-2020-2021', 'Grampian-2020-2021', 'Grampian-2020-2021']"
Q_2021_COV_04,COV,2021,4,1,number,Grampian-2020-2021,PERFORMANCE REPORT,[30],hit,0,0.0,[],1.0,1.0,1.0,1.0,1.0,1.0,[30],['Grampian-2020-2021:p0030_000'],['Grampian-2020-2021']
Q_2021_COV_04,COV,2021,4,3,number,Grampian-2020-2021,PERFORMANCE REPORT,[30],hit,0,0.0,[],1.0,0.5,1.0,1.0,0.3333333333333333,1.0,"[30, 60]","['Grampian-2020-2021:p0030_000', 'Grampian-2020-2021:p0060_002', 'Grampian-2020-2021:p0060_001']","['Grampian-2020-2021', 'Grampian-2020-2021', 'Grampian-2020-2021']"
Q_2021_COV_04,COV,2021,4,5,number,Grampian-2020-2021,PERFORMANCE REPORT,[30],hit,0,0.0,[],1.0,0.25,1.0,1.0,0.2,1.0,"[30, 60, 59, 63]","['Grampian-2020-2021:p0030_000', 'Grampian-2020-2021:p0060_002', 'Grampian-2020-2021:p0060_001', 'Grampian-2020-2021:p0059_002', 'Grampian-2020-2021:p0063_001']","['Grampian-2020-2021', 'Grampian-2020-2021', 'Grampian-2020-2021', 'Grampian-2020-2021', 'Grampian-2020-2021']"
Q_2021_COV_04,COV,2021,4,10,number,Grampian-2020-2021,PERFORMANCE REPORT,[30],hit,0,0.0,[],1.0,0.1111111111111111,1.0,1.0,0.1,1.0,"[30, 60, 59, 63, 9, 70, 107, 40, 84]","['Grampian-2020-2021:p0030_000', 'Grampian-2020-2021:p0060_002', 'Grampian-2020-2021:p0060_001', 'Grampian-2020-2021:p0059_002', 'Grampian-2020-2021:p0063_001']","['Grampian-2020-2021', 'Grampian-2020-2021', 'Grampian-2020-2021', 'Grampian-2020-2021', 'Grampian-2020-2021']"
Q_2021_GOV_03,GOV,2021,3,1,number,Grampian-2020-2021,PERFORMANCE REPORT,[28],hit,0,0.0,[],1.0,1.0,1.0,1.0,1.0,1.0,[28],['Grampian-2020-2021:p0028_001'],['Grampian-2020-2021']
Q_2021_GOV_03,GOV,2021,3,3,number,Grampian-2020-2021,PERFORMANCE REPORT,[28],hit,0,0.0,[],1.0,1.0,1.0,1.0,1.0,1.0,[28],"['Grampian-2020-2021:p0028_001', 'Grampian-2020-2021:p0028_000', 'Grampian-2020-2021:p0028_002']","['Grampian-2020-2021', 'Grampian-2020-2021', 'Grampian-2020-2021']"
Q_2021_GOV_03,GOV,2021,3,5,number,Grampian-2020-2021,PERFORMANCE REPORT,[28],hit,0,0.0,[],1.0,0.5,1.0,1.0,0.6,1.0,"[28, 89]","['Grampian-2020-2021:p0028_001', 'Grampian-2020-2021:p0028_000', 'Grampian-2020-2021:p0028_002', 'Grampian-2020-2021:p0089_001', 'Grampian-2020-2021:p0089_000']","['Grampian-2020-2021', 'Grampian-2020-2021', 'Grampian-2020-2021', 'Grampian-2020-2021', 'Grampian-2020-2021']"
Q_2021_GOV_03,GOV,2021,3,10,number,Grampian-2020-2021,PERFORMANCE REPORT,[28],hit,0,0.0,[],1.0,0.16666666666666666,1.0,1.0,0.3,1.0,"[28, 89, 34, 105, 74, 127]","['Grampian-2020-2021:p0028_001', 'Grampian-2020-2021:p0028_000', 'Grampian-2020-2021:p0028_002', 'Grampian-2020-2021:p0089_001', 'Grampian-2020-2021:p0089_000']","['Grampian-2020-2021', 'Grampian-2020-2021', 'Grampian-2020-2021', 'Grampian-2020-2021', 'Grampian-2020-2021']"
Q_2021_IJB_07,IJB,2021,7,1,number,Grampian-2020-2021,PERFORMANCE REPORT,[31],missed_top_ranked,0,0.0,[],0.0,0.0,0.0,0.0,0.0,0.0,[132],['Grampian-2020-2021:p0132_000'],['Grampian-2020-2021']
Q_2021_IJB_07,IJB,2021,7,3,number,Grampian-2020-2021,PERFORMANCE REPORT,[31],missed_top_ranked,0,0.0,[],0.0,0.0,0.0,0.0,0.0,0.0,"[132, 17, 30]","['Grampian-2020-2021:p0132_000', 'Grampian-2020-2021:p0017_000', 'Grampian-2020-2021:p0030_002']","['Grampian-2020-2021', 'Grampian-2020-2021', 'Grampian-2020-2021']"
Q_2021_IJB_07,IJB,2021,7,5,number,Grampian-2020-2021,PERFORMANCE REPORT,[31],missed_top_ranked,0,0.0,[],0.0,0.0,0.0,0.0,0.0,0.0,"[132, 17, 30, 27, 6]","['Grampian-2020-2021:p0132_000', 'Grampian-2020-2021:p0017_000', 'Grampian-2020-2021:p0030_002', 'Grampian-2020-2021:p0027_000', 'Grampian-2020-2021:p0006_001']","['Grampian-2020-2021', 'Grampian-2020-2021', 'Grampian-2020-2021', 'Grampian-2020-2021', 'Grampian-2020-2021']"
Q_2021_IJB_07,IJB,2021,7,10,number,Grampian-2020-2021,PERFORMANCE REPORT,[31],missed_top_ranked,0,0.0,[],0.0,0.0,0.0,0.0,0.0,0.0,"[132, 17, 30, 27, 6, 26, 38]","['Grampian-2020-2021:p0132_000', 'Grampian-2020-2021:p0017_000', 'Grampian-2020-2021:p0030_002', 'Grampian-2020-2021:p0027_000', 'Grampian-2020-2021:p0006_001']","['Grampian-2020-2021', 'Grampian-2020-2021', 'Grampian-2020-2021', 'Grampian-2020-2021', 'Grampian-2020-2021']"
Q_2021_IJB_P2,IJB,2021,P2,1,number,Grampian-2020-2021,PERFORMANCE REPORT,[30],hit,0,0.0,[],1.0,1.0,1.0,1.0,1.0,1.0,[30],['Grampian-2020-2021:p0030_000'],['Grampian-2020-2021']
Q_2021_IJB_P2,IJB,2021,P2,3,number,Grampian-2020-2021,PERFORMANCE REPORT,[30],hit,0,0.0,[],1.0,0.5,1.0,1.0,0.6666666666666666,1.0,"[30, 29]","['Grampian-2020-2021:p0030_000', 'Grampian-2020-2021:p0029_002', 'Grampian-2020-2021:p0030_002']","['Grampian-2020-2021', 'Grampian-2020-2021', 'Grampian-2020-2021']"
Q_2021_IJB_P2,IJB,2021,P2,5,number,Grampian-2020-2021,PERFORMANCE REPORT,[30],hit,0,0.0,[],1.0,0.25,1.0,1.0,0.4,1.0,"[30, 29, 17, 27]","['Grampian-2020-2021:p0030_000', 'Grampian-2020-2021:p0029_002', 'Grampian-2020-2021:p0030_002', 'Grampian-2020-2021:p0017_000', 'Grampian-2020-2021:p0027_001']","['Grampian-2020-2021', 'Grampian-2020-2021', 'Grampian-2020-2021', 'Grampian-2020-2021', 'Grampian-2020-2021']"
Q_2021_IJB_P2,IJB,2021,P2,10,number,Grampian-2020-2021,PERFORMANCE REPORT,[30],hit,0,0.0,[],1.0,0.16666666666666666,1.0,1.0,0.3,1.0,"[30, 29, 17, 27, 132, 7]","['Grampian-2020-2021:p0030_000', 'Grampian-2020-2021:p0029_002', 'Grampian-2020-2021:p0030_002', 'Grampian-2020-2021:p0017_000', 'Grampian-2020-2021:p0027_001']","['Grampian-2020-2021', 'Grampian-2020-2021', 'Grampian-2020-2021', 'Grampian-2020-2021', 'Grampian-2020-2021']"
Q_2021_FIN_08,FIN,2021,8,1,number,Grampian-2020-2021,PERFORMANCE REPORT,[30],hit,0,0.0,[],1.0,1.0,1.0,1.0,1.0,1.0,[30],['Grampian-2020-2021:p0030_001'],['Grampian-2020-2021']
Q_2021_FIN_08,FIN,2021,8,3,number,Grampian-2020-2021,PERFORMANCE REPORT,[30],hit,0,0.0,[],1.0,0.5,1.0,1.0,0.3333333333333333,1.0,"[30, 122]","['Grampian-2020-2021:p0030_001', 'Grampian-2020-2021:p0122_000', 'Grampian-2020-2021:p0122_001']","['Grampian-2020-2021', 'Grampian-2020-2021', 'Grampian-2020-2021']"
Q_2021_FIN_08,FIN,2021,8,5,number,Grampian-2020-2021,PERFORMANCE REPORT,[30],hit,0,0.0,[],1.0,0.3333333333333333,1.0,1.0,0.2,1.0,"[30, 122, 10]","['Grampian-2020-2021:p0030_001', 'Grampian-2020-2021:p0122_000', 'Grampian-2020-2021:p0122_001', 'Grampian-2020-2021:p0122_002', 'Grampian-2020-2021:p0010_000']","['Grampian-2020-2021', 'Grampian-2020-2021', 'Grampian-2020-2021', 'Grampian-2020-2021', 'Grampian-2020-2021']"
Q_2021_FIN_08,FIN,2021,8,10,number,Grampian-2020-2021,PERFORMANCE REPORT,[30],hit,0,0.0,[],1.0,0.16666666666666666,1.0,1.0,0.1,1.0,"[30, 122, 10, 123, 75, 104]","['Grampian-2020-2021:p0030_001', 'Grampian-2020-2021:p0122_000', 'Grampian-2020-2021:p0122_001', 'Grampian-2020-2021:p0122_002', 'Grampian-2020-2021:p0010_000']","['Grampian-2020-2021', 'Grampian-2020-2021', 'Grampian-2020-2021', 'Grampian-2020-2021', 'Grampian-2020-2021']"
Q_2021_CAP_03,CAP,2021,3,1,number,Grampian-2020-2021,PERFORMANCE REPORT,[32],hit,0,0.0,[],1.0,1.0,1.0,1.0,1.0,1.0,[32],['Grampian-2020-2021:p0032_000'],['Grampian-2020-2021']
Q_2021_CAP_03,CAP,2021,3,3,number,Grampian-2020-2021,PERFORMANCE REPORT,[32],hit,0,0.0,[],1.0,0.3333333333333333,1.0,1.0,0.3333333333333333,1.0,"[32, 4, 124]","['Grampian-2020-2021:p0032_000', 'Grampian-2020-2021:p0004_002', 'Grampian-2020-2021:table_p0124']","['Grampian-2020-2021', 'Grampian-2020-2021', 'Grampian-2020-2021']"
Q_2021_CAP_03,CAP,2021,3,5,number,Grampian-2020-2021,PERFORMANCE REPORT,[32],hit,0,0.0,[],1.0,0.2,1.0,1.0,0.2,1.0,"[32, 4, 124, 10, 59]","['Grampian-2020-2021:p0032_000', 'Grampian-2020-2021:p0004_002', 'Grampian-2020-2021:table_p0124', 'Grampian-2020-2021:p0010_001', 'Grampian-2020-2021:p0059_002']","['Grampian-2020-2021', 'Grampian-2020-2021', 'Grampian-2020-2021', 'Grampian-2020-2021', 'Grampian-2020-2021']"
Q_2021_CAP_03,CAP,2021,3,10,number,Grampian-2020-2021,PERFORMANCE REPORT,[32],hit,0,0.0,[],1.0,0.1111111111111111,1.0,1.0,0.2,1.0,"[32, 4, 124, 10, 59, 12, 24, 15, 13]","['Grampian-2020-2021:p0032_000', 'Grampian-2020-2021:p0004_002', 'Grampian-2020-2021:table_p0124', 'Grampian-2020-2021:p0010_001', 'Grampian-2020-2021:p0059_002']","['Grampian-2020-2021', 'Grampian-2020-2021', 'Grampian-2020-2021', 'Grampian-2020-2021', 'Grampian-2020-2021']"
Q_2021_COV_P2,COV,2021,P2,1,text,Grampian-2020-2021,PERFORMANCE REPORT,[29],hit,0,0.0,[],1.0,1.0,1.0,1.0,1.0,1.0,[29],['Grampian-2020-2021:p0029_001'],['Grampian-2020-2021']
Q_2021_COV_P2,COV,2021,P2,3,text,Grampian-2020-2021,PERFORMANCE REPORT,[29],hit,0,0.0,[],1.0,0.5,1.0,1.0,0.6666666666666666,1.0,"[29, 30]","['Grampian-2020-2021:p0029_001', 'Grampian-2020-2021:p0029_000', 'Grampian-2020-2021:p0030_000']","['Grampian-2020-2021', 'Grampian-2020-2021', 'Grampian-2020-2021']"
Q_2021_COV_P2,COV,2021,P2,5,text,Grampian-2020-2021,PERFORMANCE REPORT,[29],hit,0,0.0,[],1.0,0.3333333333333333,1.0,1.0,0.6,1.0,"[29, 30, 11]","['Grampian-2020-2021:p0029_001', 'Grampian-2020-2021:p0029_000', 'Grampian-2020-2021:p0030_000', 'Grampian-2020-2021:p0029_002', 'Grampian-2020-2021:p0011_000']","['Grampian-2020-2021', 'Grampian-2020-2021', 'Grampian-2020-2021', 'Grampian-2020-2021', 'Grampian-2020-2021']"
Q_2021_COV_P2,COV,2021,P2,10,text,Grampian-2020-2021,PERFORMANCE REPORT,[29],hit,0,0.0,[],1.0,0.14285714285714285,1.0,1.0,0.3,1.0,"[29, 30, 11, 15, 9, 24, 32]","['Grampian-2020-2021:p0029_001', 'Grampian-2020-2021:p0029_000', 'Grampian-2020-2021:p0030_000', 'Grampian-2020-2021:p0029_002', 'Grampian-2020-2021:p0011_000']","['Grampian-2020-2021', 'Grampian-2020-2021', 'Grampian-2020-2021', 'Grampian-2020-2021', 'Grampian-2020-2021']"
Q_2021_STR_04,STR,2021,4,1,text,Grampian-2020-2021,PERFORMANCE REPORT,[17],hit,0,0.0,[],1.0,1.0,1.0,1.0,1.0,1.0,[17],['Grampian-2020-2021:p0017_000'],['Grampian-2020-2021']
Q_2021_STR_04,STR,2021,4,3,text,Grampian-2020-2021,PERFORMANCE REPORT,[17],hit,0,0.0,[],1.0,0.5,1.0,1.0,0.6666666666666666,1.0,"[17, 26]","['Grampian-2020-2021:p0017_000', 'Grampian-2020-2021:p0017_001', 'Grampian-2020-2021:p0026_000']","['Grampian-2020-2021', 'Grampian-2020-2021', 'Grampian-2020-2021']"
Q_2021_STR_04,STR,2021,4,5,text,Grampian-2020-2021,PERFORMANCE REPORT,[17],hit,0,0.0,[],1.0,0.25,1.0,1.0,0.4,1.0,"[17, 26, 8, 53]","['Grampian-2020-2021:p0017_000', 'Grampian-2020-2021:p0017_001', 'Grampian-2020-2021:p0026_000', 'Grampian-2020-2021:p0008_000', 'Grampian-2020-2021:p0053_000']","['Grampian-2020-2021', 'Grampian-2020-2021', 'Grampian-2020-2021', 'Grampian-2020-2021', 'Grampian-2020-2021']"
Q_2021_STR_04,STR,2021,4,10,text,Grampian-2020-2021,PERFORMANCE REPORT,[17],hit,0,0.0,[],1.0,0.125,1.0,1.0,0.2,1.0,"[17, 26, 8, 53, 29, 7, 4, 9]","['Grampian-2020-2021:p0017_000', 'Grampian-2020-2021:p0017_001', 'Grampian-2020-2021:p0026_000', 'Grampian-2020-2021:p0008_000', 'Grampian-2020-2021:p0053_000']","['Grampian-2020-2021', 'Grampian-2020-2021', 'Grampian-2020-2021', 'Grampian-2020-2021', 'Grampian-2020-2021']"
Q_2021_GOV_04,GOV,2021,4,1,number,Grampian-2020-2021,PERFORMANCE REPORT,[23],missed_top_ranked,0,0.0,[],0.0,0.0,0.0,0.0,0.0,0.0,[114],['Grampian-2020-2021:p0114_000'],['Grampian-2020-2021']
Q_2021_GOV_04,GOV,2021,4,3,number,Grampian-2020-2021,PERFORMANCE REPORT,[23],hit,0,0.0,[],1.0,0.5,0.5,1.0,0.3333333333333333,0.5,"[114, 23]","['Grampian-2020-2021:p0114_000', 'Grampian-2020-2021:p0023_001', 'Grampian-2020-2021:p0114_001']","['Grampian-2020-2021', 'Grampian-2020-2021', 'Grampian-2020-2021']"
Q_2021_GOV_04,GOV,2021,4,5,number,Grampian-2020-2021,PERFORMANCE REPORT,[23],hit,0,0.0,[],1.0,0.3333333333333333,0.5,1.0,0.4,0.5,"[114, 23, 76]","['Grampian-2020-2021:p0114_000', 'Grampian-2020-2021:p0023_001', 'Grampian-2020-2021:p0114_001', 'Grampian-2020-2021:p0023_002', 'Grampian-2020-2021:p0076_000']","['Grampian-2020-2021', 'Grampian-2020-2021', 'Grampian-2020-2021', 'Grampian-2020-2021', 'Grampian-2020-2021']"
Q_2021_GOV_04,GOV,2021,4,10,number,Grampian-2020-2021,PERFORMANCE REPORT,[23],hit,0,0.0,[],1.0,0.16666666666666666,0.5,1.0,0.2,0.5,"[114, 23, 76, 88, 31, 132]","['Grampian-2020-2021:p0114_000', 'Grampian-2020-2021:p0023_001', 'Grampian-2020-2021:p0114_001', 'Grampian-2020-2021:p0023_002', 'Grampian-2020-2021:p0076_000']","['Grampian-2020-2021', 'Grampian-2020-2021', 'Grampian-2020-2021', 'Grampian-2020-2021', 'Grampian-2020-2021']"
Q_2021_STR_05,STR,2021,5,1,text,Grampian-2020-2021,PERFORMANCE REPORT,[7],missed_top_ranked,0,0.0,[],0.0,0.0,0.0,0.0,0.0,0.0,[48],['Grampian-2020-2021:p0048_001'],['Grampian-2020-2021']
Q_2021_STR_05,STR,2021,5,3,text,Grampian-2020-2021,PERFORMANCE REPORT,[7],missed_top_ranked,0,0.0,[],0.0,0.0,0.0,0.0,0.0,0.0,"[48, 34, 47]","['Grampian-2020-2021:p0048_001', 'Grampian-2020-2021:p0034_002', 'Grampian-2020-2021:p0047_001']","['Grampian-2020-2021', 'Grampian-2020-2021', 'Grampian-2020-2021']"
Q_2021_STR_05,STR,2021,5,5,text,Grampian-2020-2021,PERFORMANCE REPORT,[7],hit,0,0.0,[],1.0,0.25,0.25,1.0,0.2,0.2,"[48, 34, 47, 7]","['Grampian-2020-2021:p0048_001', 'Grampian-2020-2021:p0034_002', 'Grampian-2020-2021:p0047_001', 'Grampian-2020-2021:p0034_001', 'Grampian-2020-2021:p0007_000']","['Grampian-2020-2021', 'Grampian-2020-2021', 'Grampian-2020-2021', 'Grampian-2020-2021', 'Grampian-2020-2021']"
Q_2021_STR_05,STR,2021,5,10,text,Grampian-2020-2021,PERFORMANCE REPORT,[7],hit,0,0.0,[],1.0,0.125,0.25,1.0,0.2,0.2,"[48, 34, 47, 7, 38, 17, 22, 64]","['Grampian-2020-2021:p0048_001', 'Grampian-2020-2021:p0034_002', 'Grampian-2020-2021:p0047_001', 'Grampian-2020-2021:p0034_001', 'Grampian-2020-2021:p0007_000']","['Grampian-2020-2021', 'Grampian-2020-2021', 'Grampian-2020-2021', 'Grampian-2020-2021', 'Grampian-2020-2021']"
Q_2021_STR_P2,STR,2021,P2,1,text,Grampian-2020-2021,PERFORMANCE REPORT,[7],hit,0,0.0,[],1.0,1.0,1.0,1.0,1.0,1.0,[7],['Grampian-2020-2021:p0007_000'],['Grampian-2020-2021']
Q_2021_STR_P2,STR,2021,P2,3,text,Grampian-2020-2021,PERFORMANCE REPORT,[7],hit,0,0.0,[],1.0,0.5,1.0,1.0,0.3333333333333333,1.0,"[7, 34]","['Grampian-2020-2021:p0007_000', 'Grampian-2020-2021:p0034_001', 'Grampian-2020-2021:p0034_002']","['Grampian-2020-2021', 'Grampian-2020-2021', 'Grampian-2020-2021']"
Q_2021_STR_P2,STR,2021,P2,5,text,Grampian-2020-2021,PERFORMANCE REPORT,[7],hit,0,0.0,[],1.0,0.25,1.0,1.0,0.2,1.0,"[7, 34, 63, 28]","['Grampian-2020-2021:p0007_000', 'Grampian-2020-2021:p0034_001', 'Grampian-2020-2021:p0034_002', 'Grampian-2020-2021:p0063_000', 'Grampian-2020-2021:p0028_001']","['Grampian-2020-2021', 'Grampian-2020-2021', 'Grampian-2020-2021', 'Grampian-2020-2021', 'Grampian-2020-2021']"
Q_2021_STR_P2,STR,2021,P2,10,text,Grampian-2020-2021,PERFORMANCE REPORT,[7],hit,0,0.0,[],1.0,0.125,1.0,1.0,0.1,1.0,"[7, 34, 63, 28, 127, 73, 90, 131]","['Grampian-2020-2021:p0007_000', 'Grampian-2020-2021:p0034_001', 'Grampian-2020-2021:p0034_002', 'Grampian-2020-2021:p0063_000', 'Grampian-2020-2021:p0028_001']","['Grampian-2020-2021', 'Grampian-2020-2021', 'Grampian-2020-2021', 'Grampian-2020-2021', 'Grampian-2020-2021']"
Q_2021_CAP_04,CAP,2021,4,1,number,Grampian-2020-2021,PERFORMANCE REPORT,[32],hit,0,0.0,[],1.0,1.0,1.0,1.0,1.0,1.0,[32],['Grampian-2020-2021:p0032_000'],['Grampian-2020-2021']
Q_2021_CAP_04,CAP,2021,4,3,number,Grampian-2020-2021,PERFORMANCE REPORT,[32],hit,0,0.0,[],1.0,0.5,1.0,1.0,0.6666666666666666,1.0,"[32, 63]","['Grampian-2020-2021:p0032_000', 'Grampian-2020-2021:p0032_001', 'Grampian-2020-2021:p0063_001']","['Grampian-2020-2021', 'Grampian-2020-2021', 'Grampian-2020-2021']"
Q_2021_CAP_04,CAP,2021,4,5,number,Grampian-2020-2021,PERFORMANCE REPORT,[32],hit,0,0.0,[],1.0,0.25,1.0,1.0,0.4,1.0,"[32, 63, 92, 65]","['Grampian-2020-2021:p0032_000', 'Grampian-2020-2021:p0032_001', 'Grampian-2020-2021:p0063_001', 'Grampian-2020-2021:p0092_000', 'Grampian-2020-2021:p0065_000']","['Grampian-2020-2021', 'Grampian-2020-2021', 'Grampian-2020-2021', 'Grampian-2020-2021', 'Grampian-2020-2021']"
Q_2021_CAP_04,CAP,2021,4,10,number,Grampian-2020-2021,PERFORMANCE REPORT,[32],hit,0,0.0,[],1.0,0.125,1.0,1.0,0.2,1.0,"[32, 63, 92, 65, 70, 30, 17, 13]","['Grampian-2020-2021:p0032_000', 'Grampian-2020-2021:p0032_001', 'Grampian-2020-2021:p0063_001', 'Grampian-2020-2021:p0092_000', 'Grampian-2020-2021:p0065_000']","['Grampian-2020-2021', 'Grampian-2020-2021', 'Grampian-2020-2021', 'Grampian-2020-2021', 'Grampian-2020-2021']"
Q_2021_FIN_P3,FIN,2021,P3,1,text,Grampian-2020-2021,PERFORMANCE REPORT,[30],hit,0,0.0,[],1.0,1.0,1.0,1.0,1.0,1.0,[30],['Grampian-2020-2021:p0030_000'],['Grampian-2020-2021']
Q_2021_FIN_P3,FIN,2021,P3,3,text,Grampian-2020-2021,PERFORMANCE REPORT,[30],hit,0,0.0,[],1.0,0.5,1.0,1.0,0.3333333333333333,1.0,"[30, 29]","['Grampian-2020-2021:p0030_000', 'Grampian-2020-2021:p0029_002', 'Grampian-2020-2021:p0029_000']","['Grampian-2020-2021', 'Grampian-2020-2021', 'Grampian-2020-2021']"
Q_2021_FIN_P3,FIN,2021,P3,5,text,Grampian-2020-2021,PERFORMANCE REPORT,[30],hit,0,0.0,[],1.0,0.3333333333333333,1.0,1.0,0.4,1.0,"[30, 29, 27]","['Grampian-2020-2021:p0030_000', 'Grampian-2020-2021:p0029_002', 'Grampian-2020-2021:p0029_000', 'Grampian-2020-2021:p0030_002', 'Grampian-2020-2021:p0027_001']","['Grampian-2020-2021', 'Grampian-2020-2021', 'Grampian-2020-2021', 'Grampian-2020-2021', 'Grampian-2020-2021']"
Q_2021_FIN_P3,FIN,2021,P3,10,text,Grampian-2020-2021,PERFORMANCE REPORT,[30],hit,0,0.0,[],1.0,0.16666666666666666,1.0,1.0,0.2,1.0,"[30, 29, 27, 28, 22, 26]","['Grampian-2020-2021:p0030_000', 'Grampian-2020-2021:p0029_002', 'Grampian-2020-2021:p0029_000', 'Grampian-2020-2021:p0030_002', 'Grampian-2020-2021:p0027_001']","['Grampian-2020-2021', 'Grampian-2020-2021', 'Grampian-2020-2021', 'Grampian-2020-2021', 'Grampian-2020-2021']"
Q_2021_GOV_P1,GOV,2021,P1,1,text,Grampian-2020-2021,PERFORMANCE REPORT,[23],missed_top_ranked,0,0.0,[],0.0,0.0,0.0,0.0,0.0,0.0,[127],['Grampian-2020-2021:p0127_001'],['Grampian-2020-2021']
Q_2021_GOV_P1,GOV,2021,P1,3,text,Grampian-2020-2021,PERFORMANCE REPORT,[23],hit,0,0.0,[],1.0,0.3333333333333333,0.5,1.0,0.3333333333333333,0.5,"[127, 23, 37]","['Grampian-2020-2021:p0127_001', 'Grampian-2020-2021:p0023_000', 'Grampian-2020-2021:p0037_000']","['Grampian-2020-2021', 'Grampian-2020-2021', 'Grampian-2020-2021']"
Q_2021_GOV_P1,GOV,2021,P1,5,text,Grampian-2020-2021,PERFORMANCE REPORT,[23],hit,0,0.0,[],1.0,0.25,0.5,1.0,0.2,0.5,"[127, 23, 37, 132]","['Grampian-2020-2021:p0127_001', 'Grampian-2020-2021:p0023_000', 'Grampian-2020-2021:p0037_000', 'Grampian-2020-2021:p0132_000', 'Grampian-2020-2021:p0037_001']","['Grampian-2020-2021', 'Grampian-2020-2021', 'Grampian-2020-2021', 'Grampian-2020-2021', 'Grampian-2020-2021']"
Q_2021_GOV_P1,GOV,2021,P1,10,text,Grampian-2020-2021,PERFORMANCE REPORT,[23],hit,0,0.0,[],1.0,0.16666666666666666,0.5,1.0,0.2,0.5,"[127, 23, 37, 132, 89, 27]","['Grampian-2020-2021:p0127_001', 'Grampian-2020-2021:p0023_000', 'Grampian-2020-2021:p0037_000', 'Grampian-2020-2021:p0132_000', 'Grampian-2020-2021:p0037_001']","['Grampian-2020-2021', 'Grampian-2020-2021', 'Grampian-2020-2021', 'Grampian-2020-2021', 'Grampian-2020-2021']"
Q_2021_SAV_P2,SAV,2021,P2,1,text,Grampian-2020-2021,PERFORMANCE REPORT,[29],hit,0,0.0,[],1.0,1.0,1.0,1.0,1.0,1.0,[29],['Grampian-2020-2021:p0029_000'],['Grampian-2020-2021']
Q_2021_SAV_P2,SAV,2021,P2,3,text,Grampian-2020-2021,PERFORMANCE REPORT,[29],hit,0,0.0,[],1.0,0.5,1.0,1.0,0.6666666666666666,1.0,"[29, 34]","['Grampian-2020-2021:p0029_000', 'Grampian-2020-2021:p0029_001', 'Grampian-2020-2021:p0034_001']","['Grampian-2020-2021', 'Grampian-2020-2021', 'Grampian-2020-2021']"
Q_2021_SAV_P2,SAV,2021,P2,5,text,Grampian-2020-2021,PERFORMANCE REPORT,[29],hit,0,0.0,[],1.0,0.3333333333333333,1.0,1.0,0.6,1.0,"[29, 34, 27]","['Grampian-2020-2021:p0029_000', 'Grampian-2020-2021:p0029_001', 'Grampian-2020-2021:p0034_001', 'Grampian-2020-2021:p0029_002', 'Grampian-2020-2021:p0027_000']","['Grampian-2020-2021', 'Grampian-2020-2021', 'Grampian-2020-2021', 'Grampian-2020-2021', 'Grampian-2020-2021']"
Q_2021_SAV_P2,SAV,2021,P2,10,text,Grampian-2020-2021,PERFORMANCE REPORT,[29],hit,0,0.0,[],1.0,0.2,1.0,1.0,0.3,1.0,"[29, 34, 27, 63, 48]","['Grampian-2020-2021:p0029_000', 'Grampian-2020-2021:p0029_001', 'Grampian-2020-2021:p0034_001', 'Grampian-2020-2021:p0029_002', 'Grampian-2020-2021:p0027_000']","['Grampian-2020-2021', 'Grampian-2020-2021', 'Grampian-2020-2021', 'Grampian-2020-2021', 'Grampian-2020-2021']"
Q_2021_IJB_08,IJB,2021,8,1,number,Grampian-2020-2021,PERFORMANCE REPORT,[26],hit,0,0.0,[],1.0,1.0,1.0,1.0,1.0,1.0,[26],['Grampian-2020-2021:p0026_002'],['Grampian-2020-2021']
Q_2021_IJB_08,IJB,2021,8,3,number,Grampian-2020-2021,PERFORMANCE REPORT,[26],hit,0,0.0,[],1.0,0.5,1.0,1.0,0.6666666666666666,1.0,"[26, 27]","['Grampian-2020-2021:p0026_002', 'Grampian-2020-2021:p0026_001', 'Grampian-2020-2021:p0027_001']","['Grampian-2020-2021', 'Grampian-2020-2021', 'Grampian-2020-2021']"
Q_2021_IJB_08,IJB,2021,8,5,number,Grampian-2020-2021,PERFORMANCE REPORT,[26],hit,0,0.0,[],1.0,0.5,1.0,1.0,0.4,1.0,"[26, 27]","['Grampian-2020-2021:p0026_002', 'Grampian-2020-2021:p0026_001', 'Grampian-2020-2021:p0027_001', 'Grampian-2020-2021:p0027_000', 'Grampian-2020-2021:p0027_002']","['Grampian-2020-2021', 'Grampian-2020-2021', 'Grampian-2020-2021', 'Grampian-2020-2021', 'Grampian-2020-2021']"
Q_2021_IJB_08,IJB,2021,8,10,number,Grampian-2020-2021,PERFORMANCE REPORT,[26],hit,0,0.0,[],1.0,0.16666666666666666,1.0,1.0,0.3,1.0,"[26, 27, 132, 23, 80, 82]","['Grampian-2020-2021:p0026_002', 'Grampian-2020-2021:p0026_001', 'Grampian-2020-2021:p0027_001', 'Grampian-2020-2021:p0027_000', 'Grampian-2020-2021:p0027_002']","['Grampian-2020-2021', 'Grampian-2020-2021', 'Grampian-2020-2021', 'Grampian-2020-2021', 'Grampian-2020-2021']"
