query_id,topic,year,sequence,k,answer_type,doc_id,expected_section,expected_pages,route_intent,route_confidence,gold_exists,gold_chunk_count,gold_pages_found,failure_stage,leakage_count_top_k,leakage_rate_top_k,leakage_doc_ids_top_k,page_recall_at_k,page_precision_at_k,page_mrr_at_k,chunk_hit_at_k,chunk_precision_at_k,chunk_mrr_at_k,top_pages,top_chunk_ids,top_doc_ids
Q_2025_FIN_01,FIN,2025,1,1,number,Grampian-2024-2025,PERFORMANCE REPORT,[28],unknown,0.5,True,2,[28],missed_top_ranked,0,0.0,[],0.0,0.0,0.0,0.0,0.0,0.0,[29],['Grampian-2024-2025:p0029_000'],['Grampian-2024-2025']
Q_2025_FIN_01,FIN,2025,1,3,number,Grampian-2024-2025,PERFORMANCE REPORT,[28],unknown,0.5,True,2,[28],missed_top_ranked,0,0.0,[],0.0,0.0,0.0,0.0,0.0,0.0,"[29, 30]","['Grampian-2024-2025:p0029_000', 'Grampian-2024-2025:p0030_002', 'Grampian-2024-2025:p0029_001']","['Grampian-2024-2025', 'Grampian-2024-2025', 'Grampian-2024-2025']"
Q_2025_FIN_01,FIN,2025,1,5,number,Grampian-2024-2025,PERFORMANCE REPORT,[28],unknown,0.5,True,2,[28],missed_top_ranked,0,0.0,[],0.0,0.0,0.0,0.0,0.0,0.0,"[29, 30, 7]","['Grampian-2024-2025:p0029_000', 'Grampian-2024-2025:p0030_002', 'Grampian-2024-2025:p0029_001', 'Grampian-2024-2025:p0030_001', 'Grampian-2024-2025:p0007_000']","['Grampian-2024-2025', 'Grampian-2024-2025', 'Grampian-2024-2025', 'Grampian-2024-2025', 'Grampian-2024-2025']"
Q_2025_FIN_01,FIN,2025,1,10,number,Grampian-2024-2025,PERFORMANCE REPORT,[28],unknown,0.5,True,2,[28],hit,0,0.0,[],1.0,0.14285714285714285,0.14285714285714285,1.0,0.1,0.1,"[29, 30, 7, 62, 9, 4, 28]","['Grampian-2024-2025:p0029_000', 'Grampian-2024-2025:p0030_002', 'Grampian-2024-2025:p0029_001', 'Grampian-2024-2025:p0030_001', 'Grampian-2024-2025:p0007_000']","['Grampian-2024-2025', 'Grampian-2024-2025', 'Grampian-2024-2025', 'Grampian-2024-2025', 'Grampian-2024-2025']"
Q_2025_FIN_02,FIN,2025,2,1,number,Grampian-2024-2025,PERFORMANCE REPORT,[28],unknown,0.5,True,2,[28],missed_top_ranked,0,0.0,[],0.0,0.0,0.0,0.0,0.0,0.0,[29],['Grampian-2024-2025:p0029_000'],['Grampian-2024-2025']
Q_2025_FIN_02,FIN,2025,2,3,number,Grampian-2024-2025,PERFORMANCE REPORT,[28],unknown,0.5,True,2,[28],hit,0,0.0,[],1.0,0.3333333333333333,0.5,1.0,0.3333333333333333,0.5,"[29, 28, 30]","['Grampian-2024-2025:p0029_000', 'Grampian-2024-2025:p0028_001', 'Grampian-2024-2025:p0030_002']","['Grampian-2024-2025', 'Grampian-2024-2025', 'Grampian-2024-2025']"
Q_2025_FIN_02,FIN,2025,2,5,number,Grampian-2024-2025,PERFORMANCE REPORT,[28],unknown,0.5,True,2,[28],hit,0,0.0,[],1.0,0.2,0.5,1.0,0.2,0.5,"[29, 28, 30, 165, 25]","['Grampian-2024-2025:p0029_000', 'Grampian-2024-2025:p0028_001', 'Grampian-2024-2025:p0030_002', 'Grampian-2024-2025:p0165_002', 'Grampian-2024-2025:p0025_000']","['Grampian-2024-2025', 'Grampian-2024-2025', 'Grampian-2024-2025', 'Grampian-2024-2025', 'Grampian-2024-2025']"
Q_2025_FIN_02,FIN,2025,2,10,number,Grampian-2024-2025,PERFORMANCE REPORT,[28],unknown,0.5,True,2,[28],hit,0,0.0,[],1.0,0.1111111111111111,0.5,1.0,0.2,0.5,"[29, 28, 30, 165, 25, 24, 95, 158, 7]","['Grampian-2024-2025:p0029_000', 'Grampian-2024-2025:p0028_001', 'Grampian-2024-2025:p0030_002', 'Grampian-2024-2025:p0165_002', 'Grampian-2024-2025:p0025_000']","['Grampian-2024-2025', 'Grampian-2024-2025', 'Grampian-2024-2025', 'Grampian-2024-2025', 'Grampian-2024-2025']"
Q_2025_FIN_03,FIN,2025,3,1,number,Grampian-2024-2025,PERFORMANCE REPORT,[28],unknown,0.5,True,2,[28],hit,0,0.0,[],1.0,1.0,1.0,1.0,1.0,1.0,[28],['Grampian-2024-2025:p0028_001'],['Grampian-2024-2025']
Q_2025_FIN_03,FIN,2025,3,3,number,Grampian-2024-2025,PERFORMANCE REPORT,[28],unknown,0.5,True,2,[28],hit,0,0.0,[],1.0,0.3333333333333333,1.0,1.0,0.3333333333333333,1.0,"[28, 29, 25]","['Grampian-2024-2025:p0028_001', 'Grampian-2024-2025:p0029_000', 'Grampian-2024-2025:p0025_000']","['Grampian-2024-2025', 'Grampian-2024-2025', 'Grampian-2024-2025']"
Q_2025_FIN_03,FIN,2025,3,5,number,Grampian-2024-2025,PERFORMANCE REPORT,[28],unknown,0.5,True,2,[28],hit,0,0.0,[],1.0,0.25,1.0,1.0,0.4,1.0,"[28, 29, 25, 95]","['Grampian-2024-2025:p0028_001', 'Grampian-2024-2025:p0029_000', 'Grampian-2024-2025:p0025_000', 'Grampian-2024-2025:p0028_000', 'Grampian-2024-2025:p0095_000']","['Grampian-2024-2025', 'Grampian-2024-2025', 'Grampian-2024-2025', 'Grampian-2024-2025', 'Grampian-2024-2025']"
Q_2025_FIN_03,FIN,2025,3,10,number,Grampian-2024-2025,PERFORMANCE REPORT,[28],unknown,0.5,True,2,[28],hit,0,0.0,[],1.0,0.1111111111111111,1.0,1.0,0.2,1.0,"[28, 29, 25, 95, 33, 109, 165, 24, 132]","['Grampian-2024-2025:p0028_001', 'Grampian-2024-2025:p0029_000', 'Grampian-2024-2025:p0025_000', 'Grampian-2024-2025:p0028_000', 'Grampian-2024-2025:p0095_000']","['Grampian-2024-2025', 'Grampian-2024-2025', 'Grampian-2024-2025', 'Grampian-2024-2025', 'Grampian-2024-2025']"
Q_2025_FIN_04,FIN,2025,4,1,number,Grampian-2024-2025,PERFORMANCE REPORT,[28],unknown,0.5,True,2,[28],hit,0,0.0,[],1.0,1.0,1.0,1.0,1.0,1.0,[28],['Grampian-2024-2025:p0028_001'],['Grampian-2024-2025']
Q_2025_FIN_04,FIN,2025,4,3,number,Grampian-2024-2025,PERFORMANCE REPORT,[28],unknown,0.5,True,2,[28],hit,0,0.0,[],1.0,0.3333333333333333,1.0,1.0,0.3333333333333333,1.0,"[28, 158, 95]","['Grampian-2024-2025:p0028_001', 'Grampian-2024-2025:p0158_001', 'Grampian-2024-2025:p0095_000']","['Grampian-2024-2025', 'Grampian-2024-2025', 'Grampian-2024-2025']"
Q_2025_FIN_04,FIN,2025,4,5,number,Grampian-2024-2025,PERFORMANCE REPORT,[28],unknown,0.5,True,2,[28],hit,0,0.0,[],1.0,0.25,1.0,1.0,0.4,1.0,"[28, 158, 95, 165]","['Grampian-2024-2025:p0028_001', 'Grampian-2024-2025:p0158_001', 'Grampian-2024-2025:p0095_000', 'Grampian-2024-2025:p0165_002', 'Grampian-2024-2025:p0028_000']","['Grampian-2024-2025', 'Grampian-2024-2025', 'Grampian-2024-2025', 'Grampian-2024-2025', 'Grampian-2024-2025']"
Q_2025_FIN_04,FIN,2025,4,10,number,Grampian-2024-2025,PERFORMANCE REPORT,[28],unknown,0.5,True,2,[28],hit,0,0.0,[],1.0,0.1111111111111111,1.0,1.0,0.2,1.0,"[28, 158, 95, 165, 29, 51, 26, 162, 35]","['Grampian-2024-2025:p0028_001', 'Grampian-2024-2025:p0158_001', 'Grampian-2024-2025:p0095_000', 'Grampian-2024-2025:p0165_002', 'Grampian-2024-2025:p0028_000']","['Grampian-2024-2025', 'Grampian-2024-2025', 'Grampian-2024-2025', 'Grampian-2024-2025', 'Grampian-2024-2025']"
Q_2025_FIN_05,FIN,2025,5,1,number,Grampian-2024-2025,PERFORMANCE REPORT,[29],unknown,0.5,True,3,[29],hit,0,0.0,[],1.0,1.0,1.0,1.0,1.0,1.0,[29],['Grampian-2024-2025:p0029_000'],['Grampian-2024-2025']
Q_2025_FIN_05,FIN,2025,5,3,number,Grampian-2024-2025,PERFORMANCE REPORT,[29],unknown,0.5,True,3,[29],hit,0,0.0,[],1.0,0.5,1.0,1.0,0.6666666666666666,1.0,"[29, 28]","['Grampian-2024-2025:p0029_000', 'Grampian-2024-2025:p0028_001', 'Grampian-2024-2025:p0029_002']","['Grampian-2024-2025', 'Grampian-2024-2025', 'Grampian-2024-2025']"
Q_2025_FIN_05,FIN,2025,5,5,number,Grampian-2024-2025,PERFORMANCE REPORT,[29],unknown,0.5,True,3,[29],hit,0,0.0,[],1.0,0.25,1.0,1.0,0.4,1.0,"[29, 28, 33, 27]","['Grampian-2024-2025:p0029_000', 'Grampian-2024-2025:p0028_001', 'Grampian-2024-2025:p0029_002', 'Grampian-2024-2025:p0033_002', 'Grampian-2024-2025:p0027_001']","['Grampian-2024-2025', 'Grampian-2024-2025', 'Grampian-2024-2025', 'Grampian-2024-2025', 'Grampian-2024-2025']"
Q_2025_FIN_05,FIN,2025,5,10,number,Grampian-2024-2025,PERFORMANCE REPORT,[29],unknown,0.5,True,3,[29],hit,0,0.0,[],1.0,0.16666666666666666,1.0,1.0,0.2,1.0,"[29, 28, 33, 27, 26, 78]","['Grampian-2024-2025:p0029_000', 'Grampian-2024-2025:p0028_001', 'Grampian-2024-2025:p0029_002', 'Grampian-2024-2025:p0033_002', 'Grampian-2024-2025:p0027_001']","['Grampian-2024-2025', 'Grampian-2024-2025', 'Grampian-2024-2025', 'Grampian-2024-2025', 'Grampian-2024-2025']"
Q_2025_FIN_06,FIN,2025,6,1,number,Grampian-2024-2025,PERFORMANCE REPORT,[29],unknown,0.5,True,3,[29],missed_top_ranked,0,0.0,[],0.0,0.0,0.0,0.0,0.0,0.0,[28],['Grampian-2024-2025:p0028_001'],['Grampian-2024-2025']
Q_2025_FIN_06,FIN,2025,6,3,number,Grampian-2024-2025,PERFORMANCE REPORT,[29],unknown,0.5,True,3,[29],hit,0,0.0,[],1.0,0.5,0.5,1.0,0.3333333333333333,0.5,"[28, 29]","['Grampian-2024-2025:p0028_001', 'Grampian-2024-2025:p0029_000', 'Grampian-2024-2025:p0028_000']","['Grampian-2024-2025', 'Grampian-2024-2025', 'Grampian-2024-2025']"
Q_2025_FIN_06,FIN,2025,6,5,number,Grampian-2024-2025,PERFORMANCE REPORT,[29],unknown,0.5,True,3,[29],hit,0,0.0,[],1.0,0.25,0.5,1.0,0.2,0.5,"[28, 29, 9, 25]","['Grampian-2024-2025:p0028_001', 'Grampian-2024-2025:p0029_000', 'Grampian-2024-2025:p0028_000', 'Grampian-2024-2025:p0009_001', 'Grampian-2024-2025:p0025_000']","['Grampian-2024-2025', 'Grampian-2024-2025', 'Grampian-2024-2025', 'Grampian-2024-2025', 'Grampian-2024-2025']"
Q_2025_FIN_06,FIN,2025,6,10,number,Grampian-2024-2025,PERFORMANCE REPORT,[29],unknown,0.5,True,3,[29],hit,0,0.0,[],1.0,0.125,0.5,1.0,0.2,0.5,"[28, 29, 9, 25, 26, 7, 30, 4]","['Grampian-2024-2025:p0028_001', 'Grampian-2024-2025:p0029_000', 'Grampian-2024-2025:p0028_000', 'Grampian-2024-2025:p0009_001', 'Grampian-2024-2025:p0025_000']","['Grampian-2024-2025', 'Grampian-2024-2025', 'Grampian-2024-2025', 'Grampian-2024-2025', 'Grampian-2024-2025']"
Q_2025_FIN_07,FIN,2025,7,1,number,Grampian-2024-2025,PERFORMANCE REPORT,[29],unknown,0.5,True,3,[29],hit,0,0.0,[],1.0,1.0,1.0,1.0,1.0,1.0,[29],['Grampian-2024-2025:p0029_002'],['Grampian-2024-2025']
Q_2025_FIN_07,FIN,2025,7,3,number,Grampian-2024-2025,PERFORMANCE REPORT,[29],unknown,0.5,True,3,[29],hit,0,0.0,[],1.0,0.3333333333333333,1.0,1.0,0.3333333333333333,1.0,"[29, 30, 4]","['Grampian-2024-2025:p0029_002', 'Grampian-2024-2025:p0030_001', 'Grampian-2024-2025:p0004_000']","['Grampian-2024-2025', 'Grampian-2024-2025', 'Grampian-2024-2025']"
Q_2025_FIN_07,FIN,2025,7,5,number,Grampian-2024-2025,PERFORMANCE REPORT,[29],unknown,0.5,True,3,[29],hit,0,0.0,[],1.0,0.3333333333333333,1.0,1.0,0.6,1.0,"[29, 30, 4]","['Grampian-2024-2025:p0029_002', 'Grampian-2024-2025:p0030_001', 'Grampian-2024-2025:p0004_000', 'Grampian-2024-2025:p0029_000', 'Grampian-2024-2025:p0029_001']","['Grampian-2024-2025', 'Grampian-2024-2025', 'Grampian-2024-2025', 'Grampian-2024-2025', 'Grampian-2024-2025']"
Q_2025_FIN_07,FIN,2025,7,10,number,Grampian-2024-2025,PERFORMANCE REPORT,[29],unknown,0.5,True,3,[29],hit,0,0.0,[],1.0,0.16666666666666666,1.0,1.0,0.3,1.0,"[29, 30, 4, 62, 27, 35]","['Grampian-2024-2025:p0029_002', 'Grampian-2024-2025:p0030_001', 'Grampian-2024-2025:p0004_000', 'Grampian-2024-2025:p0029_000', 'Grampian-2024-2025:p0029_001']","['Grampian-2024-2025', 'Grampian-2024-2025', 'Grampian-2024-2025', 'Grampian-2024-2025', 'Grampian-2024-2025']"
Q_2025_FIN_P1,FIN,2025,P1,1,number,Grampian-2024-2025,PERFORMANCE REPORT,[29],unknown,0.5,True,3,[29],hit,0,0.0,[],1.0,1.0,1.0,1.0,1.0,1.0,[29],['Grampian-2024-2025:p0029_000'],['Grampian-2024-2025']
Q_2025_FIN_P1,FIN,2025,P1,3,number,Grampian-2024-2025,PERFORMANCE REPORT,[29],unknown,0.5,True,3,[29],hit,0,0.0,[],1.0,0.5,1.0,1.0,0.6666666666666666,1.0,"[29, 30]","['Grampian-2024-2025:p0029_000', 'Grampian-2024-2025:p0030_001', 'Grampian-2024-2025:p0029_002']","['Grampian-2024-2025', 'Grampian-2024-2025', 'Grampian-2024-2025']"
Q_2025_FIN_P1,FIN,2025,P1,5,number,Grampian-2024-2025,PERFORMANCE REPORT,[29],unknown,0.5,True,3,[29],hit,0,0.0,[],1.0,0.3333333333333333,1.0,1.0,0.6,1.0,"[29, 30, 62]","['Grampian-2024-2025:p0029_000', 'Grampian-2024-2025:p0030_001', 'Grampian-2024-2025:p0029_002', 'Grampian-2024-2025:p0029_001', 'Grampian-2024-2025:p0062_000']","['Grampian-2024-2025', 'Grampian-2024-2025', 'Grampian-2024-2025', 'Grampian-2024-2025', 'Grampian-2024-2025']"
Q_2025_FIN_P1,FIN,2025,P1,10,number,Grampian-2024-2025,PERFORMANCE REPORT,[29],unknown,0.5,True,3,[29],hit,0,0.0,[],1.0,0.16666666666666666,1.0,1.0,0.3,1.0,"[29, 30, 62, 27, 79, 47]","['Grampian-2024-2025:p0029_000', 'Grampian-2024-2025:p0030_001', 'Grampian-2024-2025:p0029_002', 'Grampian-2024-2025:p0029_001', 'Grampian-2024-2025:p0062_000']","['Grampian-2024-2025', 'Grampian-2024-2025', 'Grampian-2024-2025', 'Grampian-2024-2025', 'Grampian-2024-2025']"
Q_2025_FIN_08,FIN,2025,8,1,number,Grampian-2024-2025,PERFORMANCE REPORT,[31],unknown,0.5,True,3,[31],missed_top_ranked,0,0.0,[],0.0,0.0,0.0,0.0,0.0,0.0,[25],['Grampian-2024-2025:p0025_000'],['Grampian-2024-2025']
Q_2025_FIN_08,FIN,2025,8,3,number,Grampian-2024-2025,PERFORMANCE REPORT,[31],unknown,0.5,True,3,[31],missed_top_ranked,0,0.0,[],0.0,0.0,0.0,0.0,0.0,0.0,"[25, 132, 165]","['Grampian-2024-2025:p0025_000', 'Grampian-2024-2025:p0132_000', 'Grampian-2024-2025:p0165_002']","['Grampian-2024-2025', 'Grampian-2024-2025', 'Grampian-2024-2025']"
Q_2025_FIN_08,FIN,2025,8,5,number,Grampian-2024-2025,PERFORMANCE REPORT,[31],unknown,0.5,True,3,[31],missed_top_ranked,0,0.0,[],0.0,0.0,0.0,0.0,0.0,0.0,"[25, 132, 165, 28]","['Grampian-2024-2025:p0025_000', 'Grampian-2024-2025:p0132_000', 'Grampian-2024-2025:p0165_002', 'Grampian-2024-2025:p0028_001', 'Grampian-2024-2025:p0132_002']","['Grampian-2024-2025', 'Grampian-2024-2025', 'Grampian-2024-2025', 'Grampian-2024-2025', 'Grampian-2024-2025']"
Q_2025_FIN_08,FIN,2025,8,10,number,Grampian-2024-2025,PERFORMANCE REPORT,[31],unknown,0.5,True,3,[31],missed_top_ranked,0,0.0,[],0.0,0.0,0.0,0.0,0.0,0.0,"[25, 132, 165, 28, 24, 95, 29]","['Grampian-2024-2025:p0025_000', 'Grampian-2024-2025:p0132_000', 'Grampian-2024-2025:p0165_002', 'Grampian-2024-2025:p0028_001', 'Grampian-2024-2025:p0132_002']","['Grampian-2024-2025', 'Grampian-2024-2025', 'Grampian-2024-2025', 'Grampian-2024-2025', 'Grampian-2024-2025']"
Q_2025_FIN_09,FIN,2025,9,1,number,Grampian-2024-2025,PERFORMANCE REPORT,[31],unknown,0.5,True,3,[31],hit,0,0.0,[],1.0,1.0,1.0,1.0,1.0,1.0,[31],['Grampian-2024-2025:p0031_001'],['Grampian-2024-2025']
Q_2025_FIN_09,FIN,2025,9,3,number,Grampian-2024-2025,PERFORMANCE REPORT,[31],unknown,0.5,True,3,[31],hit,0,0.0,[],1.0,0.3333333333333333,1.0,1.0,0.3333333333333333,1.0,"[31, 33, 24]","['Grampian-2024-2025:p0031_001', 'Grampian-2024-2025:p0033_001', 'Grampian-2024-2025:p0024_002']","['Grampian-2024-2025', 'Grampian-2024-2025', 'Grampian-2024-2025']"
Q_2025_FIN_09,FIN,2025,9,5,number,Grampian-2024-2025,PERFORMANCE REPORT,[31],unknown,0.5,True,3,[31],hit,0,0.0,[],1.0,0.3333333333333333,1.0,1.0,0.4,1.0,"[31, 33, 24]","['Grampian-2024-2025:p0031_001', 'Grampian-2024-2025:p0033_001', 'Grampian-2024-2025:p0024_002', 'Grampian-2024-2025:p0033_002', 'Grampian-2024-2025:p0031_002']","['Grampian-2024-2025', 'Grampian-2024-2025', 'Grampian-2024-2025', 'Grampian-2024-2025', 'Grampian-2024-2025']"
Q_2025_FIN_09,FIN,2025,9,10,number,Grampian-2024-2025,PERFORMANCE REPORT,[31],unknown,0.5,True,3,[31],hit,0,0.0,[],1.0,0.125,1.0,1.0,0.2,1.0,"[31, 33, 24, 156, 130, 25, 28, 126]","['Grampian-2024-2025:p0031_001', 'Grampian-2024-2025:p0033_001', 'Grampian-2024-2025:p0024_002', 'Grampian-2024-2025:p0033_002', 'Grampian-2024-2025:p0031_002']","['Grampian-2024-2025', 'Grampian-2024-2025', 'Grampian-2024-2025', 'Grampian-2024-2025', 'Grampian-2024-2025']"
Q_2025_FIN_P2,FIN,2025,P2,1,number,Grampian-2024-2025,PERFORMANCE REPORT,[28],unknown,0.5,True,2,[28],hit,0,0.0,[],1.0,1.0,1.0,1.0,1.0,1.0,[28],['Grampian-2024-2025:p0028_001'],['Grampian-2024-2025']
Q_2025_FIN_P2,FIN,2025,P2,3,number,Grampian-2024-2025,PERFORMANCE REPORT,[28],unknown,0.5,True,2,[28],hit,0,0.0,[],1.0,0.5,1.0,1.0,0.3333333333333333,1.0,"[28, 29]","['Grampian-2024-2025:p0028_001', 'Grampian-2024-2025:p0029_000', 'Grampian-2024-2025:p0029_002']","['Grampian-2024-2025', 'Grampian-2024-2025', 'Grampian-2024-2025']"
Q_2025_FIN_P2,FIN,2025,P2,5,number,Grampian-2024-2025,PERFORMANCE REPORT,[28],unknown,0.5,True,2,[28],hit,0,0.0,[],1.0,0.3333333333333333,1.0,1.0,0.4,1.0,"[28, 29, 33]","['Grampian-2024-2025:p0028_001', 'Grampian-2024-2025:p0029_000', 'Grampian-2024-2025:p0029_002', 'Grampian-2024-2025:p0033_002', 'Grampian-2024-2025:p0028_000']","['Grampian-2024-2025', 'Grampian-2024-2025', 'Grampian-2024-2025', 'Grampian-2024-2025', 'Grampian-2024-2025']"
Q_2025_FIN_P2,FIN,2025,P2,10,number,Grampian-2024-2025,PERFORMANCE REPORT,[28],unknown,0.5,True,2,[28],hit,0,0.0,[],1.0,0.125,1.0,1.0,0.2,1.0,"[28, 29, 33, 31, 24, 139, 81, 86]","['Grampian-2024-2025:p0028_001', 'Grampian-2024-2025:p0029_000', 'Grampian-2024-2025:p0029_002', 'Grampian-2024-2025:p0033_002', 'Grampian-2024-2025:p0028_000']","['Grampian-2024-2025', 'Grampian-2024-2025', 'Grampian-2024-2025', 'Grampian-2024-2025', 'Grampian-2024-2025']"
Q_2025_SAV_01,SAV,2025,1,1,number,Grampian-2024-2025,PERFORMANCE REPORT,[31],unknown,0.5,True,3,[31],missed_top_ranked,0,0.0,[],0.0,0.0,0.0,0.0,0.0,0.0,[29],['Grampian-2024-2025:p0029_000'],['Grampian-2024-2025']
Q_2025_SAV_01,SAV,2025,1,3,number,Grampian-2024-2025,PERFORMANCE REPORT,[31],unknown,0.5,True,3,[31],missed_top_ranked,0,0.0,[],0.0,0.0,0.0,0.0,0.0,0.0,"[29, 94, 25]","['Grampian-2024-2025:p0029_000', 'Grampian-2024-2025:p0094_001', 'Grampian-2024-2025:p0025_000']","['Grampian-2024-2025', 'Grampian-2024-2025', 'Grampian-2024-2025']"
Q_2025_SAV_01,SAV,2025,1,5,number,Grampian-2024-2025,PERFORMANCE REPORT,[31],unknown,0.5,True,3,[31],hit,0,0.0,[],1.0,0.2,0.25,1.0,0.2,0.25,"[29, 94, 25, 31, 132]","['Grampian-2024-2025:p0029_000', 'Grampian-2024-2025:p0094_001', 'Grampian-2024-2025:p0025_000', 'Grampian-2024-2025:p0031_000', 'Grampian-2024-2025:p0132_000']","['Grampian-2024-2025', 'Grampian-2024-2025', 'Grampian-2024-2025', 'Grampian-2024-2025', 'Grampian-2024-2025']"
Q_2025_SAV_01,SAV,2025,1,10,number,Grampian-2024-2025,PERFORMANCE REPORT,[31],unknown,0.5,True,3,[31],hit,0,0.0,[],1.0,0.1,0.25,1.0,0.1,0.25,"[29, 94, 25, 31, 132, 158, 32, 7, 165, 95]","['Grampian-2024-2025:p0029_000', 'Grampian-2024-2025:p0094_001', 'Grampian-2024-2025:p0025_000', 'Grampian-2024-2025:p0031_000', 'Grampian-2024-2025:p0132_000']","['Grampian-2024-2025', 'Grampian-2024-2025', 'Grampian-2024-2025', 'Grampian-2024-2025', 'Grampian-2024-2025']"
Q_2025_SAV_02,SAV,2025,2,1,number,Grampian-2024-2025,PERFORMANCE REPORT,[31],unknown,0.5,True,3,[31],missed_top_ranked,0,0.0,[],0.0,0.0,0.0,0.0,0.0,0.0,[158],['Grampian-2024-2025:p0158_001'],['Grampian-2024-2025']
Q_2025_SAV_02,SAV,2025,2,3,number,Grampian-2024-2025,PERFORMANCE REPORT,[31],unknown,0.5,True,3,[31],missed_top_ranked,0,0.0,[],0.0,0.0,0.0,0.0,0.0,0.0,"[158, 165, 94]","['Grampian-2024-2025:p0158_001', 'Grampian-2024-2025:p0165_002', 'Grampian-2024-2025:p0094_001']","['Grampian-2024-2025', 'Grampian-2024-2025', 'Grampian-2024-2025']"
Q_2025_SAV_02,SAV,2025,2,5,number,Grampian-2024-2025,PERFORMANCE REPORT,[31],unknown,0.5,True,3,[31],missed_top_ranked,0,0.0,[],0.0,0.0,0.0,0.0,0.0,0.0,"[158, 165, 94, 29, 32]","['Grampian-2024-2025:p0158_001', 'Grampian-2024-2025:p0165_002', 'Grampian-2024-2025:p0094_001', 'Grampian-2024-2025:p0029_000', 'Grampian-2024-2025:p0032_001']","['Grampian-2024-2025', 'Grampian-2024-2025', 'Grampian-2024-2025', 'Grampian-2024-2025', 'Grampian-2024-2025']"
Q_2025_SAV_02,SAV,2025,2,10,number,Grampian-2024-2025,PERFORMANCE REPORT,[31],unknown,0.5,True,3,[31],missed_top_ranked,0,0.0,[],0.0,0.0,0.0,0.0,0.0,0.0,"[158, 165, 94, 29, 32, 7, 58, 24, 25, 132]","['Grampian-2024-2025:p0158_001', 'Grampian-2024-2025:p0165_002', 'Grampian-2024-2025:p0094_001', 'Grampian-2024-2025:p0029_000', 'Grampian-2024-2025:p0032_001']","['Grampian-2024-2025', 'Grampian-2024-2025', 'Grampian-2024-2025', 'Grampian-2024-2025', 'Grampian-2024-2025']"
Q_2025_SAV_03,SAV,2025,3,1,number,Grampian-2024-2025,PERFORMANCE REPORT,[31],unknown,0.5,True,3,[31],missed_top_ranked,0,0.0,[],0.0,0.0,0.0,0.0,0.0,0.0,[29],['Grampian-2024-2025:p0029_000'],['Grampian-2024-2025']
Q_2025_SAV_03,SAV,2025,3,3,number,Grampian-2024-2025,PERFORMANCE REPORT,[31],unknown,0.5,True,3,[31],hit,0,0.0,[],1.0,0.3333333333333333,0.5,1.0,0.3333333333333333,0.5,"[29, 31, 33]","['Grampian-2024-2025:p0029_000', 'Grampian-2024-2025:p0031_001', 'Grampian-2024-2025:p0033_002']","['Grampian-2024-2025', 'Grampian-2024-2025', 'Grampian-2024-2025']"
Q_2025_SAV_03,SAV,2025,3,5,number,Grampian-2024-2025,PERFORMANCE REPORT,[31],unknown,0.5,True,3,[31],hit,0,0.0,[],1.0,0.2,0.5,1.0,0.2,0.5,"[29, 31, 33, 158, 142]","['Grampian-2024-2025:p0029_000', 'Grampian-2024-2025:p0031_001', 'Grampian-2024-2025:p0033_002', 'Grampian-2024-2025:p0158_003', 'Grampian-2024-2025:p0142_003']","['Grampian-2024-2025', 'Grampian-2024-2025', 'Grampian-2024-2025', 'Grampian-2024-2025', 'Grampian-2024-2025']"
Q_2025_SAV_03,SAV,2025,3,10,number,Grampian-2024-2025,PERFORMANCE REPORT,[31],unknown,0.5,True,3,[31],hit,0,0.0,[],1.0,0.14285714285714285,0.5,1.0,0.1,0.5,"[29, 31, 33, 158, 142, 26, 27]","['Grampian-2024-2025:p0029_000', 'Grampian-2024-2025:p0031_001', 'Grampian-2024-2025:p0033_002', 'Grampian-2024-2025:p0158_003', 'Grampian-2024-2025:p0142_003']","['Grampian-2024-2025', 'Grampian-2024-2025', 'Grampian-2024-2025', 'Grampian-2024-2025', 'Grampian-2024-2025']"
Q_2025_SAV_04,SAV,2025,4,1,number,Grampian-2024-2025,PERFORMANCE REPORT,[31],unknown,0.5,True,3,[31],hit,0,0.0,[],1.0,1.0,1.0,1.0,1.0,1.0,[31],['Grampian-2024-2025:p0031_001'],['Grampian-2024-2025']
Q_2025_SAV_04,SAV,2025,4,3,number,Grampian-2024-2025,PERFORMANCE REPORT,[31],unknown,0.5,True,3,[31],hit,0,0.0,[],1.0,0.3333333333333333,1.0,1.0,0.3333333333333333,1.0,"[31, 29, 43]","['Grampian-2024-2025:p0031_001', 'Grampian-2024-2025:p0029_000', 'Grampian-2024-2025:p0043_001']","['Grampian-2024-2025', 'Grampian-2024-2025', 'Grampian-2024-2025']"
Q_2025_SAV_04,SAV,2025,4,5,number,Grampian-2024-2025,PERFORMANCE REPORT,[31],unknown,0.5,True,3,[31],hit,0,0.0,[],1.0,0.25,1.0,1.0,0.4,1.0,"[31, 29, 43, 33]","['Grampian-2024-2025:p0031_001', 'Grampian-2024-2025:p0029_000', 'Grampian-2024-2025:p0043_001', 'Grampian-2024-2025:p0031_000', 'Grampian-2024-2025:p0033_002']","['Grampian-2024-2025', 'Grampian-2024-2025', 'Grampian-2024-2025', 'Grampian-2024-2025', 'Grampian-2024-2025']"
Q_2025_SAV_04,SAV,2025,4,10,number,Grampian-2024-2025,PERFORMANCE REPORT,[31],unknown,0.5,True,3,[31],hit,0,0.0,[],1.0,0.1111111111111111,1.0,1.0,0.2,1.0,"[31, 29, 43, 33, 86, 27, 45, 26, 158]","['Grampian-2024-2025:p0031_001', 'Grampian-2024-2025:p0029_000', 'Grampian-2024-2025:p0043_001', 'Grampian-2024-2025:p0031_000', 'Grampian-2024-2025:p0033_002']","['Grampian-2024-2025', 'Grampian-2024-2025', 'Grampian-2024-2025', 'Grampian-2024-2025', 'Grampian-2024-2025']"
Q_2025_SAV_P1,SAV,2025,P1,1,text,Grampian-2024-2025,PERFORMANCE REPORT,[31],unknown,0.5,True,3,[31],missed_top_ranked,0,0.0,[],0.0,0.0,0.0,0.0,0.0,0.0,[29],['Grampian-2024-2025:p0029_000'],['Grampian-2024-2025']
Q_2025_SAV_P1,SAV,2025,P1,3,text,Grampian-2024-2025,PERFORMANCE REPORT,[31],unknown,0.5,True,3,[31],hit,0,0.0,[],1.0,0.3333333333333333,0.3333333333333333,1.0,0.3333333333333333,0.3333333333333333,"[29, 43, 31]","['Grampian-2024-2025:p0029_000', 'Grampian-2024-2025:p0043_001', 'Grampian-2024-2025:p0031_000']","['Grampian-2024-2025', 'Grampian-2024-2025', 'Grampian-2024-2025']"
Q_2025_SAV_P1,SAV,2025,P1,5,text,Grampian-2024-2025,PERFORMANCE REPORT,[31],unknown,0.5,True,3,[31],hit,0,0.0,[],1.0,0.25,0.3333333333333333,1.0,0.4,0.3333333333333333,"[29, 43, 31, 33]","['Grampian-2024-2025:p0029_000', 'Grampian-2024-2025:p0043_001', 'Grampian-2024-2025:p0031_000', 'Grampian-2024-2025:p0033_002', 'Grampian-2024-2025:p0031_001']","['Grampian-2024-2025', 'Grampian-2024-2025', 'Grampian-2024-2025', 'Grampian-2024-2025', 'Grampian-2024-2025']"
Q_2025_SAV_P1,SAV,2025,P1,10,text,Grampian-2024-2025,PERFORMANCE REPORT,[31],unknown,0.5,True,3,[31],hit,0,0.0,[],1.0,0.125,0.3333333333333333,1.0,0.2,0.3333333333333333,"[29, 43, 31, 33, 45, 41, 39, 4]","['Grampian-2024-2025:p0029_000', 'Grampian-2024-2025:p0043_001', 'Grampian-2024-2025:p0031_000', 'Grampian-2024-2025:p0033_002', 'Grampian-2024-2025:p0031_001']","['Grampian-2024-2025', 'Grampian-2024-2025', 'Grampian-2024-2025', 'Grampian-2024-2025', 'Grampian-2024-2025']"
Q_2025_SAV_P2,SAV,2025,P2,1,number,Grampian-2024-2025,PERFORMANCE REPORT,[31],unknown,0.5,True,3,[31],missed_top_ranked,0,0.0,[],0.0,0.0,0.0,0.0,0.0,0.0,[158],['Grampian-2024-2025:p0158_001'],['Grampian-2024-2025']
Q_2025_SAV_P2,SAV,2025,P2,3,number,Grampian-2024-2025,PERFORMANCE REPORT,[31],unknown,0.5,True,3,[31],missed_top_ranked,0,0.0,[],0.0,0.0,0.0,0.0,0.0,0.0,"[158, 165, 29]","['Grampian-2024-2025:p0158_001', 'Grampian-2024-2025:p0165_002', 'Grampian-2024-2025:p0029_000']","['Grampian-2024-2025', 'Grampian-2024-2025', 'Grampian-2024-2025']"
Q_2025_SAV_P2,SAV,2025,P2,5,number,Grampian-2024-2025,PERFORMANCE REPORT,[31],unknown,0.5,True,3,[31],hit,0,0.0,[],1.0,0.2,0.25,1.0,0.2,0.25,"[158, 165, 29, 31, 28]","['Grampian-2024-2025:p0158_001', 'Grampian-2024-2025:p0165_002', 'Grampian-2024-2025:p0029_000', 'Grampian-2024-2025:p0031_000', 'Grampian-2024-2025:p0028_000']","['Grampian-2024-2025', 'Grampian-2024-2025', 'Grampian-2024-2025', 'Grampian-2024-2025', 'Grampian-2024-2025']"
Q_2025_SAV_P2,SAV,2025,P2,10,number,Grampian-2024-2025,PERFORMANCE REPORT,[31],unknown,0.5,True,3,[31],hit,0,0.0,[],1.0,0.1111111111111111,0.25,1.0,0.1,0.25,"[158, 165, 29, 31, 28, 25, 24, 86, 26]","['Grampian-2024-2025:p0158_001', 'Grampian-2024-2025:p0165_002', 'Grampian-2024-2025:p0029_000', 'Grampian-2024-2025:p0031_000', 'Grampian-2024-2025:p0028_000']","['Grampian-2024-2025', 'Grampian-2024-2025', 'Grampian-2024-2025', 'Grampian-2024-2025', 'Grampian-2024-2025']"
Q_2025_IJB_01,IJB,2025,1,1,number,Grampian-2024-2025,PERFORMANCE REPORT,[26],unknown,0.5,True,3,[26],hit,0,0.0,[],1.0,1.0,1.0,1.0,1.0,1.0,[26],['Grampian-2024-2025:p0026_002'],['Grampian-2024-2025']
Q_2025_IJB_01,IJB,2025,1,3,number,Grampian-2024-2025,PERFORMANCE REPORT,[26],unknown,0.5,True,3,[26],hit,0,0.0,[],1.0,0.5,1.0,1.0,0.6666666666666666,1.0,"[26, 27]","['Grampian-2024-2025:p0026_002', 'Grampian-2024-2025:p0026_001', 'Grampian-2024-2025:p0027_001']","['Grampian-2024-2025', 'Grampian-2024-2025', 'Grampian-2024-2025']"
Q_2025_IJB_01,IJB,2025,1,5,number,Grampian-2024-2025,PERFORMANCE REPORT,[26],unknown,0.5,True,3,[26],hit,0,0.0,[],1.0,0.3333333333333333,1.0,1.0,0.4,1.0,"[26, 27, 32]","['Grampian-2024-2025:p0026_002', 'Grampian-2024-2025:p0026_001', 'Grampian-2024-2025:p0027_001', 'Grampian-2024-2025:p0032_000', 'Grampian-2024-2025:p0027_000']","['Grampian-2024-2025', 'Grampian-2024-2025', 'Grampian-2024-2025', 'Grampian-2024-2025', 'Grampian-2024-2025']"
Q_2025_IJB_01,IJB,2025,1,10,number,Grampian-2024-2025,PERFORMANCE REPORT,[26],unknown,0.5,True,3,[26],hit,0,0.0,[],1.0,0.14285714285714285,1.0,1.0,0.2,1.0,"[26, 27, 32, 29, 24, 86, 165]","['Grampian-2024-2025:p0026_002', 'Grampian-2024-2025:p0026_001', 'Grampian-2024-2025:p0027_001', 'Grampian-2024-2025:p0032_000', 'Grampian-2024-2025:p0027_000']","['Grampian-2024-2025', 'Grampian-2024-2025', 'Grampian-2024-2025', 'Grampian-2024-2025', 'Grampian-2024-2025']"
Q_2025_IJB_02,IJB,2025,2,1,number,Grampian-2024-2025,PERFORMANCE REPORT,[26],unknown,0.5,True,3,[26],hit,0,0.0,[],1.0,1.0,1.0,1.0,1.0,1.0,[26],['Grampian-2024-2025:p0026_001'],['Grampian-2024-2025']
Q_2025_IJB_02,IJB,2025,2,3,number,Grampian-2024-2025,PERFORMANCE REPORT,[26],unknown,0.5,True,3,[26],hit,0,0.0,[],1.0,0.5,1.0,1.0,0.6666666666666666,1.0,"[26, 32]","['Grampian-2024-2025:p0026_001', 'Grampian-2024-2025:p0026_002', 'Grampian-2024-2025:p0032_000']","['Grampian-2024-2025', 'Grampian-2024-2025', 'Grampian-2024-2025']"
Q_2025_IJB_02,IJB,2025,2,5,number,Grampian-2024-2025,PERFORMANCE REPORT,[26],unknown,0.5,True,3,[26],hit,0,0.0,[],1.0,0.3333333333333333,1.0,1.0,0.6,1.0,"[26, 32, 165]","['Grampian-2024-2025:p0026_001', 'Grampian-2024-2025:p0026_002', 'Grampian-2024-2025:p0032_000', 'Grampian-2024-2025:p0026_000', 'Grampian-2024-2025:p0165_000']","['Grampian-2024-2025', 'Grampian-2024-2025', 'Grampian-2024-2025', 'Grampian-2024-2025', 'Grampian-2024-2025']"
Q_2025_IJB_02,IJB,2025,2,10,number,Grampian-2024-2025,PERFORMANCE REPORT,[26],unknown,0.5,True,3,[26],hit,0,0.0,[],1.0,0.16666666666666666,1.0,1.0,0.3,1.0,"[26, 32, 165, 27, 24, 86]","['Grampian-2024-2025:p0026_001', 'Grampian-2024-2025:p0026_002', 'Grampian-2024-2025:p0032_000', 'Grampian-2024-2025:p0026_000', 'Grampian-2024-2025:p0165_000']","['Grampian-2024-2025', 'Grampian-2024-2025', 'Grampian-2024-2025', 'Grampian-2024-2025', 'Grampian-2024-2025']"
Q_2025_IJB_03,IJB,2025,3,1,number,Grampian-2024-2025,PERFORMANCE REPORT,[26],unknown,0.5,True,3,[26],hit,0,0.0,[],1.0,1.0,1.0,1.0,1.0,1.0,[26],['Grampian-2024-2025:p0026_002'],['Grampian-2024-2025']
Q_2025_IJB_03,IJB,2025,3,3,number,Grampian-2024-2025,PERFORMANCE REPORT,[26],unknown,0.5,True,3,[26],hit,0,0.0,[],1.0,0.5,1.0,1.0,0.6666666666666666,1.0,"[26, 27]","['Grampian-2024-2025:p0026_002', 'Grampian-2024-2025:p0026_001', 'Grampian-2024-2025:p0027_001']","['Grampian-2024-2025', 'Grampian-2024-2025', 'Grampian-2024-2025']"
Q_2025_IJB_03,IJB,2025,3,5,number,Grampian-2024-2025,PERFORMANCE REPORT,[26],unknown,0.5,True,3,[26],hit,0,0.0,[],1.0,0.3333333333333333,1.0,1.0,0.4,1.0,"[26, 27, 165]","['Grampian-2024-2025:p0026_002', 'Grampian-2024-2025:p0026_001', 'Grampian-2024-2025:p0027_001', 'Grampian-2024-2025:p0027_000', 'Grampian-2024-2025:p0165_000']","['Grampian-2024-2025', 'Grampian-2024-2025', 'Grampian-2024-2025', 'Grampian-2024-2025', 'Grampian-2024-2025']"
Q_2025_IJB_03,IJB,2025,3,10,number,Grampian-2024-2025,PERFORMANCE REPORT,[26],unknown,0.5,True,3,[26],hit,0,0.0,[],1.0,0.125,1.0,1.0,0.2,1.0,"[26, 27, 165, 32, 79, 24, 30, 29]","['Grampian-2024-2025:p0026_002', 'Grampian-2024-2025:p0026_001', 'Grampian-2024-2025:p0027_001', 'Grampian-2024-2025:p0027_000', 'Grampian-2024-2025:p0165_000']","['Grampian-2024-2025', 'Grampian-2024-2025', 'Grampian-2024-2025', 'Grampian-2024-2025', 'Grampian-2024-2025']"
Q_2025_IJB_04,IJB,2025,4,1,number,Grampian-2024-2025,PERFORMANCE REPORT,[27],unknown,0.5,True,2,[27],hit,0,0.0,[],1.0,1.0,1.0,1.0,1.0,1.0,[27],['Grampian-2024-2025:p0027_001'],['Grampian-2024-2025']
Q_2025_IJB_04,IJB,2025,4,3,number,Grampian-2024-2025,PERFORMANCE REPORT,[27],unknown,0.5,True,2,[27],hit,0,0.0,[],1.0,0.5,1.0,1.0,0.6666666666666666,1.0,"[27, 26]","['Grampian-2024-2025:p0027_001', 'Grampian-2024-2025:p0027_000', 'Grampian-2024-2025:p0026_002']","['Grampian-2024-2025', 'Grampian-2024-2025', 'Grampian-2024-2025']"
Q_2025_IJB_04,IJB,2025,4,5,number,Grampian-2024-2025,PERFORMANCE REPORT,[27],unknown,0.5,True,2,[27],hit,0,0.0,[],1.0,0.3333333333333333,1.0,1.0,0.4,1.0,"[27, 26, 29]","['Grampian-2024-2025:p0027_001', 'Grampian-2024-2025:p0027_000', 'Grampian-2024-2025:p0026_002', 'Grampian-2024-2025:p0029_000', 'Grampian-2024-2025:p0026_001']","['Grampian-2024-2025', 'Grampian-2024-2025', 'Grampian-2024-2025', 'Grampian-2024-2025', 'Grampian-2024-2025']"
Q_2025_IJB_04,IJB,2025,4,10,number,Grampian-2024-2025,PERFORMANCE REPORT,[27],unknown,0.5,True,2,[27],hit,0,0.0,[],1.0,0.14285714285714285,1.0,1.0,0.2,1.0,"[27, 26, 29, 32, 24, 79, 30]","['Grampian-2024-2025:p0027_001', 'Grampian-2024-2025:p0027_000', 'Grampian-2024-2025:p0026_002', 'Grampian-2024-2025:p0029_000', 'Grampian-2024-2025:p0026_001']","['Grampian-2024-2025', 'Grampian-2024-2025', 'Grampian-2024-2025', 'Grampian-2024-2025', 'Grampian-2024-2025']"
Q_2025_IJB_05,IJB,2025,5,1,number,Grampian-2024-2025,PERFORMANCE REPORT,[26],unknown,0.5,True,3,[26],hit,0,0.0,[],1.0,1.0,1.0,1.0,1.0,1.0,[26],['Grampian-2024-2025:p0026_002'],['Grampian-2024-2025']
Q_2025_IJB_05,IJB,2025,5,3,number,Grampian-2024-2025,PERFORMANCE REPORT,[26],unknown,0.5,True,3,[26],hit,0,0.0,[],1.0,0.5,1.0,1.0,0.6666666666666666,1.0,"[26, 86]","['Grampian-2024-2025:p0026_002', 'Grampian-2024-2025:p0026_001', 'Grampian-2024-2025:p0086_006']","['Grampian-2024-2025', 'Grampian-2024-2025', 'Grampian-2024-2025']"
Q_2025_IJB_05,IJB,2025,5,5,number,Grampian-2024-2025,PERFORMANCE REPORT,[26],unknown,0.5,True,3,[26],hit,0,0.0,[],1.0,0.25,1.0,1.0,0.4,1.0,"[26, 86, 24, 32]","['Grampian-2024-2025:p0026_002', 'Grampian-2024-2025:p0026_001', 'Grampian-2024-2025:p0086_006', 'Grampian-2024-2025:p0024_002', 'Grampian-2024-2025:p0032_000']","['Grampian-2024-2025', 'Grampian-2024-2025', 'Grampian-2024-2025', 'Grampian-2024-2025', 'Grampian-2024-2025']"
Q_2025_IJB_05,IJB,2025,5,10,number,Grampian-2024-2025,PERFORMANCE REPORT,[26],unknown,0.5,True,3,[26],hit,0,0.0,[],1.0,0.16666666666666666,1.0,1.0,0.2,1.0,"[26, 86, 24, 32, 27, 4]","['Grampian-2024-2025:p0026_002', 'Grampian-2024-2025:p0026_001', 'Grampian-2024-2025:p0086_006', 'Grampian-2024-2025:p0024_002', 'Grampian-2024-2025:p0032_000']","['Grampian-2024-2025', 'Grampian-2024-2025', 'Grampian-2024-2025', 'Grampian-2024-2025', 'Grampian-2024-2025']"
Q_2025_IJB_06,IJB,2025,6,1,number,Grampian-2024-2025,PERFORMANCE REPORT,[27],unknown,0.5,True,2,[27],hit,0,0.0,[],1.0,1.0,1.0,1.0,1.0,1.0,[27],['Grampian-2024-2025:p0027_000'],['Grampian-2024-2025']
Q_2025_IJB_06,IJB,2025,6,3,number,Grampian-2024-2025,PERFORMANCE REPORT,[27],unknown,0.5,True,2,[27],hit,0,0.0,[],1.0,0.5,1.0,1.0,0.6666666666666666,1.0,"[27, 26]","['Grampian-2024-2025:p0027_000', 'Grampian-2024-2025:p0027_001', 'Grampian-2024-2025:p0026_001']","['Grampian-2024-2025', 'Grampian-2024-2025', 'Grampian-2024-2025']"
Q_2025_IJB_06,IJB,2025,6,5,number,Grampian-2024-2025,PERFORMANCE REPORT,[27],unknown,0.5,True,2,[27],hit,0,0.0,[],1.0,0.3333333333333333,1.0,1.0,0.4,1.0,"[27, 26, 32]","['Grampian-2024-2025:p0027_000', 'Grampian-2024-2025:p0027_001', 'Grampian-2024-2025:p0026_001', 'Grampian-2024-2025:p0026_000', 'Grampian-2024-2025:p0032_000']","['Grampian-2024-2025', 'Grampian-2024-2025', 'Grampian-2024-2025', 'Grampian-2024-2025', 'Grampian-2024-2025']"
Q_2025_IJB_06,IJB,2025,6,10,number,Grampian-2024-2025,PERFORMANCE REPORT,[27],unknown,0.5,True,2,[27],hit,0,0.0,[],1.0,0.14285714285714285,1.0,1.0,0.2,1.0,"[27, 26, 32, 24, 108, 29, 165]","['Grampian-2024-2025:p0027_000', 'Grampian-2024-2025:p0027_001', 'Grampian-2024-2025:p0026_001', 'Grampian-2024-2025:p0026_000', 'Grampian-2024-2025:p0032_000']","['Grampian-2024-2025', 'Grampian-2024-2025', 'Grampian-2024-2025', 'Grampian-2024-2025', 'Grampian-2024-2025']"
Q_2025_IJB_P1,IJB,2025,P1,1,text,Grampian-2024-2025,PERFORMANCE REPORT,[32],unknown,0.5,True,3,[32],hit,0,0.0,[],1.0,1.0,1.0,1.0,1.0,1.0,[32],['Grampian-2024-2025:p0032_000'],['Grampian-2024-2025']
Q_2025_IJB_P1,IJB,2025,P1,3,text,Grampian-2024-2025,PERFORMANCE REPORT,[32],unknown,0.5,True,3,[32],hit,0,0.0,[],1.0,0.5,1.0,1.0,0.3333333333333333,1.0,"[32, 26]","['Grampian-2024-2025:p0032_000', 'Grampian-2024-2025:p0026_002', 'Grampian-2024-2025:p0026_001']","['Grampian-2024-2025', 'Grampian-2024-2025', 'Grampian-2024-2025']"
Q_2025_IJB_P1,IJB,2025,P1,5,text,Grampian-2024-2025,PERFORMANCE REPORT,[32],unknown,0.5,True,3,[32],hit,0,0.0,[],1.0,0.25,1.0,1.0,0.2,1.0,"[32, 26, 29, 27]","['Grampian-2024-2025:p0032_000', 'Grampian-2024-2025:p0026_002', 'Grampian-2024-2025:p0026_001', 'Grampian-2024-2025:p0029_000', 'Grampian-2024-2025:p0027_000']","['Grampian-2024-2025', 'Grampian-2024-2025', 'Grampian-2024-2025', 'Grampian-2024-2025', 'Grampian-2024-2025']"
Q_2025_IJB_P1,IJB,2025,P1,10,text,Grampian-2024-2025,PERFORMANCE REPORT,[32],unknown,0.5,True,3,[32],hit,0,0.0,[],1.0,0.16666666666666666,1.0,1.0,0.2,1.0,"[32, 26, 29, 27, 24, 30]","['Grampian-2024-2025:p0032_000', 'Grampian-2024-2025:p0026_002', 'Grampian-2024-2025:p0026_001', 'Grampian-2024-2025:p0029_000', 'Grampian-2024-2025:p0027_000']","['Grampian-2024-2025', 'Grampian-2024-2025', 'Grampian-2024-2025', 'Grampian-2024-2025', 'Grampian-2024-2025']"
Q_2025_AE_01,AE,2025,1,1,number,Grampian-2024-2025,PERFORMANCE REPORT,[14],unknown,0.5,True,1,[14],missed_top_ranked,0,0.0,[],0.0,0.0,0.0,0.0,0.0,0.0,[15],['Grampian-2024-2025:p0015_000'],['Grampian-2024-2025']
Q_2025_AE_01,AE,2025,1,3,number,Grampian-2024-2025,PERFORMANCE REPORT,[14],unknown,0.5,True,1,[14],hit,0,0.0,[],1.0,0.3333333333333333,0.5,1.0,0.3333333333333333,0.5,"[15, 14, 9]","['Grampian-2024-2025:p0015_000', 'Grampian-2024-2025:p0014_000', 'Grampian-2024-2025:p0009_000']","['Grampian-2024-2025', 'Grampian-2024-2025', 'Grampian-2024-2025']"
Q_2025_AE_01,AE,2025,1,5,number,Grampian-2024-2025,PERFORMANCE REPORT,[14],unknown,0.5,True,1,[14],hit,0,0.0,[],1.0,0.2,0.5,1.0,0.2,0.5,"[15, 14, 9, 7, 4]","['Grampian-2024-2025:p0015_000', 'Grampian-2024-2025:p0014_000', 'Grampian-2024-2025:p0009_000', 'Grampian-2024-2025:p0007_000', 'Grampian-2024-2025:p0004_002']","['Grampian-2024-2025', 'Grampian-2024-2025', 'Grampian-2024-2025', 'Grampian-2024-2025', 'Grampian-2024-2025']"
Q_2025_AE_01,AE,2025,1,10,number,Grampian-2024-2025,PERFORMANCE REPORT,[14],unknown,0.5,True,1,[14],hit,0,0.0,[],1.0,0.1,0.5,1.0,0.1,0.5,"[15, 14, 9, 7, 4, 88, 31, 90, 3, 21]","['Grampian-2024-2025:p0015_000', 'Grampian-2024-2025:p0014_000', 'Grampian-2024-2025:p0009_000', 'Grampian-2024-2025:p0007_000', 'Grampian-2024-2025:p0004_002']","['Grampian-2024-2025', 'Grampian-2024-2025', 'Grampian-2024-2025', 'Grampian-2024-2025', 'Grampian-2024-2025']"
Q_2025_AE_02,AE,2025,2,1,number,Grampian-2024-2025,PERFORMANCE REPORT,[14],unknown,0.5,True,1,[14],hit,0,0.0,[],1.0,1.0,1.0,1.0,1.0,1.0,[14],['Grampian-2024-2025:p0014_000'],['Grampian-2024-2025']
Q_2025_AE_02,AE,2025,2,3,number,Grampian-2024-2025,PERFORMANCE REPORT,[14],unknown,0.5,True,1,[14],hit,0,0.0,[],1.0,0.3333333333333333,1.0,1.0,0.3333333333333333,1.0,"[14, 15, 9]","['Grampian-2024-2025:p0014_000', 'Grampian-2024-2025:p0015_000', 'Grampian-2024-2025:p0009_000']","['Grampian-2024-2025', 'Grampian-2024-2025', 'Grampian-2024-2025']"
Q_2025_AE_02,AE,2025,2,5,number,Grampian-2024-2025,PERFORMANCE REPORT,[14],unknown,0.5,True,1,[14],hit,0,0.0,[],1.0,0.2,1.0,1.0,0.2,1.0,"[14, 15, 9, 16, 97]","['Grampian-2024-2025:p0014_000', 'Grampian-2024-2025:p0015_000', 'Grampian-2024-2025:p0009_000', 'Grampian-2024-2025:p0016_000', 'Grampian-2024-2025:p0097_000']","['Grampian-2024-2025', 'Grampian-2024-2025', 'Grampian-2024-2025', 'Grampian-2024-2025', 'Grampian-2024-2025']"
Q_2025_AE_02,AE,2025,2,10,number,Grampian-2024-2025,PERFORMANCE REPORT,[14],unknown,0.5,True,1,[14],hit,0,0.0,[],1.0,0.1111111111111111,1.0,1.0,0.1,1.0,"[14, 15, 9, 16, 97, 72, 46, 94, 7]","['Grampian-2024-2025:p0014_000', 'Grampian-2024-2025:p0015_000', 'Grampian-2024-2025:p0009_000', 'Grampian-2024-2025:p0016_000', 'Grampian-2024-2025:p0097_000']","['Grampian-2024-2025', 'Grampian-2024-2025', 'Grampian-2024-2025', 'Grampian-2024-2025', 'Grampian-2024-2025']"
Q_2025_AE_03,AE,2025,3,1,number,Grampian-2024-2025,PERFORMANCE REPORT,[14],unknown,0.5,True,1,[14],hit,0,0.0,[],1.0,1.0,1.0,1.0,1.0,1.0,[14],['Grampian-2024-2025:p0014_000'],['Grampian-2024-2025']
Q_2025_AE_03,AE,2025,3,3,number,Grampian-2024-2025,PERFORMANCE REPORT,[14],unknown,0.5,True,1,[14],hit,0,0.0,[],1.0,0.3333333333333333,1.0,1.0,0.3333333333333333,1.0,"[14, 16, 15]","['Grampian-2024-2025:p0014_000', 'Grampian-2024-2025:p0016_000', 'Grampian-2024-2025:p0015_000']","['Grampian-2024-2025', 'Grampian-2024-2025', 'Grampian-2024-2025']"
Q_2025_AE_03,AE,2025,3,5,number,Grampian-2024-2025,PERFORMANCE REPORT,[14],unknown,0.5,True,1,[14],hit,0,0.0,[],1.0,0.25,1.0,1.0,0.2,1.0,"[14, 16, 15, 18]","['Grampian-2024-2025:p0014_000', 'Grampian-2024-2025:p0016_000', 'Grampian-2024-2025:p0015_000', 'Grampian-2024-2025:p0016_001', 'Grampian-2024-2025:p0018_000']","['Grampian-2024-2025', 'Grampian-2024-2025', 'Grampian-2024-2025', 'Grampian-2024-2025', 'Grampian-2024-2025']"
Q_2025_AE_03,AE,2025,3,10,number,Grampian-2024-2025,PERFORMANCE REPORT,[14],unknown,0.5,True,1,[14],hit,0,0.0,[],1.0,0.125,1.0,1.0,0.1,1.0,"[14, 16, 15, 18, 142, 72, 97, 46]","['Grampian-2024-2025:p0014_000', 'Grampian-2024-2025:p0016_000', 'Grampian-2024-2025:p0015_000', 'Grampian-2024-2025:p0016_001', 'Grampian-2024-2025:p0018_000']","['Grampian-2024-2025', 'Grampian-2024-2025', 'Grampian-2024-2025', 'Grampian-2024-2025', 'Grampian-2024-2025']"
Q_2025_AE_04,AE,2025,4,1,number,Grampian-2024-2025,PERFORMANCE REPORT,[14],unknown,0.5,True,1,[14],hit,0,0.0,[],1.0,1.0,1.0,1.0,1.0,1.0,[14],['Grampian-2024-2025:p0014_000'],['Grampian-2024-2025']
Q_2025_AE_04,AE,2025,4,3,number,Grampian-2024-2025,PERFORMANCE REPORT,[14],unknown,0.5,True,1,[14],hit,0,0.0,[],1.0,0.5,1.0,1.0,0.3333333333333333,1.0,"[14, 16]","['Grampian-2024-2025:p0014_000', 'Grampian-2024-2025:p0016_000', 'Grampian-2024-2025:p0016_001']","['Grampian-2024-2025', 'Grampian-2024-2025', 'Grampian-2024-2025']"
Q_2025_AE_04,AE,2025,4,5,number,Grampian-2024-2025,PERFORMANCE REPORT,[14],unknown,0.5,True,1,[14],hit,0,0.0,[],1.0,0.25,1.0,1.0,0.2,1.0,"[14, 16, 15, 18]","['Grampian-2024-2025:p0014_000', 'Grampian-2024-2025:p0016_000', 'Grampian-2024-2025:p0016_001', 'Grampian-2024-2025:p0015_000', 'Grampian-2024-2025:p0018_000']","['Grampian-2024-2025', 'Grampian-2024-2025', 'Grampian-2024-2025', 'Grampian-2024-2025', 'Grampian-2024-2025']"
Q_2025_AE_04,AE,2025,4,10,number,Grampian-2024-2025,PERFORMANCE REPORT,[14],unknown,0.5,True,1,[14],hit,0,0.0,[],1.0,0.125,1.0,1.0,0.1,1.0,"[14, 16, 15, 18, 142, 46, 72, 97]","['Grampian-2024-2025:p0014_000', 'Grampian-2024-2025:p0016_000', 'Grampian-2024-2025:p0016_001', 'Grampian-2024-2025:p0015_000', 'Grampian-2024-2025:p0018_000']","['Grampian-2024-2025', 'Grampian-2024-2025', 'Grampian-2024-2025', 'Grampian-2024-2025', 'Grampian-2024-2025']"
Q_2025_AE_P1,AE,2025,P1,1,text,Grampian-2024-2025,PERFORMANCE REPORT,[14],unknown,0.5,True,1,[14],hit,0,0.0,[],1.0,1.0,1.0,1.0,1.0,1.0,[14],['Grampian-2024-2025:p0014_000'],['Grampian-2024-2025']
Q_2025_AE_P1,AE,2025,P1,3,text,Grampian-2024-2025,PERFORMANCE REPORT,[14],unknown,0.5,True,1,[14],hit,0,0.0,[],1.0,0.3333333333333333,1.0,1.0,0.3333333333333333,1.0,"[14, 15, 93]","['Grampian-2024-2025:p0014_000', 'Grampian-2024-2025:p0015_000', 'Grampian-2024-2025:p0093_001']","['Grampian-2024-2025', 'Grampian-2024-2025', 'Grampian-2024-2025']"
Q_2025_AE_P1,AE,2025,P1,5,text,Grampian-2024-2025,PERFORMANCE REPORT,[14],unknown,0.5,True,1,[14],hit,0,0.0,[],1.0,0.2,1.0,1.0,0.2,1.0,"[14, 15, 93, 82, 16]","['Grampian-2024-2025:p0014_000', 'Grampian-2024-2025:p0015_000', 'Grampian-2024-2025:p0093_001', 'Grampian-2024-2025:p0082_000', 'Grampian-2024-2025:p0016_000']","['Grampian-2024-2025', 'Grampian-2024-2025', 'Grampian-2024-2025', 'Grampian-2024-2025', 'Grampian-2024-2025']"
Q_2025_AE_P1,AE,2025,P1,10,text,Grampian-2024-2025,PERFORMANCE REPORT,[14],unknown,0.5,True,1,[14],hit,0,0.0,[],1.0,0.1,1.0,1.0,0.1,1.0,"[14, 15, 93, 82, 16, 26, 31, 81, 18, 95]","['Grampian-2024-2025:p0014_000', 'Grampian-2024-2025:p0015_000', 'Grampian-2024-2025:p0093_001', 'Grampian-2024-2025:p0082_000', 'Grampian-2024-2025:p0016_000']","['Grampian-2024-2025', 'Grampian-2024-2025', 'Grampian-2024-2025', 'Grampian-2024-2025', 'Grampian-2024-2025']"
Q_2025_DEL_01,DEL,2025,1,1,number,Grampian-2024-2025,PERFORMANCE REPORT,[11],unknown,0.5,True,2,[11],hit,0,0.0,[],1.0,1.0,1.0,1.0,1.0,1.0,[11],['Grampian-2024-2025:p0011_001'],['Grampian-2024-2025']
Q_2025_DEL_01,DEL,2025,1,3,number,Grampian-2024-2025,PERFORMANCE REPORT,[11],unknown,0.5,True,2,[11],hit,0,0.0,[],1.0,0.3333333333333333,1.0,1.0,0.3333333333333333,1.0,"[11, 62, 13]","['Grampian-2024-2025:p0011_001', 'Grampian-2024-2025:p0062_000', 'Grampian-2024-2025:p0013_000']","['Grampian-2024-2025', 'Grampian-2024-2025', 'Grampian-2024-2025']"
Q_2025_DEL_01,DEL,2025,1,5,number,Grampian-2024-2025,PERFORMANCE REPORT,[11],unknown,0.5,True,2,[11],hit,0,0.0,[],1.0,0.2,1.0,1.0,0.2,1.0,"[11, 62, 13, 7, 72]","['Grampian-2024-2025:p0011_001', 'Grampian-2024-2025:p0062_000', 'Grampian-2024-2025:p0013_000', 'Grampian-2024-2025:p0007_000', 'Grampian-2024-2025:p0072_002']","['Grampian-2024-2025', 'Grampian-2024-2025', 'Grampian-2024-2025', 'Grampian-2024-2025', 'Grampian-2024-2025']"
Q_2025_DEL_01,DEL,2025,1,10,number,Grampian-2024-2025,PERFORMANCE REPORT,[11],unknown,0.5,True,2,[11],hit,0,0.0,[],1.0,0.125,1.0,1.0,0.1,1.0,"[11, 62, 13, 7, 72, 43, 70, 4]","['Grampian-2024-2025:p0011_001', 'Grampian-2024-2025:p0062_000', 'Grampian-2024-2025:p0013_000', 'Grampian-2024-2025:p0007_000', 'Grampian-2024-2025:p0072_002']","['Grampian-2024-2025', 'Grampian-2024-2025', 'Grampian-2024-2025', 'Grampian-2024-2025', 'Grampian-2024-2025']"
Q_2025_DEL_02,DEL,2025,2,1,number,Grampian-2024-2025,PERFORMANCE REPORT,[11],unknown,0.5,True,2,[11],hit,0,0.0,[],1.0,1.0,1.0,1.0,1.0,1.0,[11],['Grampian-2024-2025:p0011_001'],['Grampian-2024-2025']
Q_2025_DEL_02,DEL,2025,2,3,number,Grampian-2024-2025,PERFORMANCE REPORT,[11],unknown,0.5,True,2,[11],hit,0,0.0,[],1.0,0.3333333333333333,1.0,1.0,0.3333333333333333,1.0,"[11, 13, 7]","['Grampian-2024-2025:p0011_001', 'Grampian-2024-2025:p0013_000', 'Grampian-2024-2025:p0007_000']","['Grampian-2024-2025', 'Grampian-2024-2025', 'Grampian-2024-2025']"
Q_2025_DEL_02,DEL,2025,2,5,number,Grampian-2024-2025,PERFORMANCE REPORT,[11],unknown,0.5,True,2,[11],hit,0,0.0,[],1.0,0.2,1.0,1.0,0.2,1.0,"[11, 13, 7, 16, 62]","['Grampian-2024-2025:p0011_001', 'Grampian-2024-2025:p0013_000', 'Grampian-2024-2025:p0007_000', 'Grampian-2024-2025:p0016_001', 'Grampian-2024-2025:p0062_000']","['Grampian-2024-2025', 'Grampian-2024-2025', 'Grampian-2024-2025', 'Grampian-2024-2025', 'Grampian-2024-2025']"
Q_2025_DEL_02,DEL,2025,2,10,number,Grampian-2024-2025,PERFORMANCE REPORT,[11],unknown,0.5,True,2,[11],hit,0,0.0,[],1.0,0.1111111111111111,1.0,1.0,0.1,1.0,"[11, 13, 7, 16, 62, 15, 95, 70, 72]","['Grampian-2024-2025:p0011_001', 'Grampian-2024-2025:p0013_000', 'Grampian-2024-2025:p0007_000', 'Grampian-2024-2025:p0016_001', 'Grampian-2024-2025:p0062_000']","['Grampian-2024-2025', 'Grampian-2024-2025', 'Grampian-2024-2025', 'Grampian-2024-2025', 'Grampian-2024-2025']"
Q_2025_DEL_03,DEL,2025,3,1,number,Grampian-2024-2025,PERFORMANCE REPORT,[11],unknown,0.5,True,2,[11],hit,0,0.0,[],1.0,1.0,1.0,1.0,1.0,1.0,[11],['Grampian-2024-2025:p0011_001'],['Grampian-2024-2025']
Q_2025_DEL_03,DEL,2025,3,3,number,Grampian-2024-2025,PERFORMANCE REPORT,[11],unknown,0.5,True,2,[11],hit,0,0.0,[],1.0,0.5,1.0,1.0,0.3333333333333333,1.0,"[11, 16]","['Grampian-2024-2025:p0011_001', 'Grampian-2024-2025:p0016_000', 'Grampian-2024-2025:p0016_001']","['Grampian-2024-2025', 'Grampian-2024-2025', 'Grampian-2024-2025']"
Q_2025_DEL_03,DEL,2025,3,5,number,Grampian-2024-2025,PERFORMANCE REPORT,[11],unknown,0.5,True,2,[11],hit,0,0.0,[],1.0,0.25,1.0,1.0,0.2,1.0,"[11, 16, 15, 13]","['Grampian-2024-2025:p0011_001', 'Grampian-2024-2025:p0016_000', 'Grampian-2024-2025:p0016_001', 'Grampian-2024-2025:p0015_000', 'Grampian-2024-2025:p0013_000']","['Grampian-2024-2025', 'Grampian-2024-2025', 'Grampian-2024-2025', 'Grampian-2024-2025', 'Grampian-2024-2025']"
Q_2025_DEL_03,DEL,2025,3,10,number,Grampian-2024-2025,PERFORMANCE REPORT,[11],unknown,0.5,True,2,[11],hit,0,0.0,[],1.0,0.1111111111111111,1.0,1.0,0.1,1.0,"[11, 16, 15, 13, 14, 18, 126, 46, 158]","['Grampian-2024-2025:p0011_001', 'Grampian-2024-2025:p0016_000', 'Grampian-2024-2025:p0016_001', 'Grampian-2024-2025:p0015_000', 'Grampian-2024-2025:p0013_000']","['Grampian-2024-2025', 'Grampian-2024-2025', 'Grampian-2024-2025', 'Grampian-2024-2025', 'Grampian-2024-2025']"
Q_2025_DEL_04,DEL,2025,4,1,number,Grampian-2024-2025,PERFORMANCE REPORT,[11],table_metric_significant_delay,0.95,True,2,[11],hit,0,0.0,[],1.0,1.0,1.0,1.0,1.0,1.0,[11],['Grampian-2024-2025:p0011_001'],['Grampian-2024-2025']
Q_2025_DEL_04,DEL,2025,4,3,number,Grampian-2024-2025,PERFORMANCE REPORT,[11],table_metric_significant_delay,0.95,True,2,[11],hit,0,0.0,[],1.0,0.3333333333333333,1.0,1.0,0.3333333333333333,1.0,"[11, 13, 16]","['Grampian-2024-2025:p0011_001', 'Grampian-2024-2025:p0013_000', 'Grampian-2024-2025:p0016_001']","['Grampian-2024-2025', 'Grampian-2024-2025', 'Grampian-2024-2025']"
Q_2025_DEL_04,DEL,2025,4,5,number,Grampian-2024-2025,PERFORMANCE REPORT,[11],table_metric_significant_delay,0.95,True,2,[11],hit,0,0.0,[],1.0,0.25,1.0,1.0,0.2,1.0,"[11, 13, 16, 12]","['Grampian-2024-2025:p0011_001', 'Grampian-2024-2025:p0013_000', 'Grampian-2024-2025:p0016_001', 'Grampian-2024-2025:p0016_000', 'Grampian-2024-2025:table_p0012']","['Grampian-2024-2025', 'Grampian-2024-2025', 'Grampian-2024-2025', 'Grampian-2024-2025', 'Grampian-2024-2025']"
Q_2025_DEL_04,DEL,2025,4,10,number,Grampian-2024-2025,PERFORMANCE REPORT,[11],table_metric_significant_delay,0.95,True,2,[11],hit,0,0.0,[],1.0,0.1111111111111111,1.0,1.0,0.1,1.0,"[11, 13, 16, 12, 15, 44, 14, 62, 79]","['Grampian-2024-2025:p0011_001', 'Grampian-2024-2025:p0013_000', 'Grampian-2024-2025:p0016_001', 'Grampian-2024-2025:p0016_000', 'Grampian-2024-2025:table_p0012']","['Grampian-2024-2025', 'Grampian-2024-2025', 'Grampian-2024-2025', 'Grampian-2024-2025', 'Grampian-2024-2025']"
Q_2025_DEL_P1,DEL,2025,P1,1,text,Grampian-2024-2025,PERFORMANCE REPORT,[7],unknown,0.5,True,2,[7],hit,0,0.0,[],1.0,1.0,1.0,1.0,1.0,1.0,[7],['Grampian-2024-2025:p0007_000'],['Grampian-2024-2025']
Q_2025_DEL_P1,DEL,2025,P1,3,text,Grampian-2024-2025,PERFORMANCE REPORT,[7],unknown,0.5,True,2,[7],hit,0,0.0,[],1.0,0.3333333333333333,1.0,1.0,0.3333333333333333,1.0,"[7, 62, 61]","['Grampian-2024-2025:p0007_000', 'Grampian-2024-2025:p0062_000', 'Grampian-2024-2025:p0061_000']","['Grampian-2024-2025', 'Grampian-2024-2025', 'Grampian-2024-2025']"
Q_2025_DEL_P1,DEL,2025,P1,5,text,Grampian-2024-2025,PERFORMANCE REPORT,[7],unknown,0.5,True,2,[7],hit,0,0.0,[],1.0,0.2,1.0,1.0,0.2,1.0,"[7, 62, 61, 74, 4]","['Grampian-2024-2025:p0007_000', 'Grampian-2024-2025:p0062_000', 'Grampian-2024-2025:p0061_000', 'Grampian-2024-2025:p0074_001', 'Grampian-2024-2025:p0004_002']","['Grampian-2024-2025', 'Grampian-2024-2025', 'Grampian-2024-2025', 'Grampian-2024-2025', 'Grampian-2024-2025']"
Q_2025_DEL_P1,DEL,2025,P1,10,text,Grampian-2024-2025,PERFORMANCE REPORT,[7],unknown,0.5,True,2,[7],hit,0,0.0,[],1.0,0.125,1.0,1.0,0.1,1.0,"[7, 62, 61, 74, 4, 9, 30, 54]","['Grampian-2024-2025:p0007_000', 'Grampian-2024-2025:p0062_000', 'Grampian-2024-2025:p0061_000', 'Grampian-2024-2025:p0074_001', 'Grampian-2024-2025:p0004_002']","['Grampian-2024-2025', 'Grampian-2024-2025', 'Grampian-2024-2025', 'Grampian-2024-2025', 'Grampian-2024-2025']"
Q_2025_STR_01,STR,2025,1,1,text,Grampian-2024-2025,PERFORMANCE REPORT,[7],unknown,0.5,True,2,[7],hit,0,0.0,[],1.0,1.0,1.0,1.0,1.0,1.0,[7],['Grampian-2024-2025:p0007_000'],['Grampian-2024-2025']
Q_2025_STR_01,STR,2025,1,3,text,Grampian-2024-2025,PERFORMANCE REPORT,[7],unknown,0.5,True,2,[7],hit,0,0.0,[],1.0,0.3333333333333333,1.0,1.0,0.3333333333333333,1.0,"[7, 62, 9]","['Grampian-2024-2025:p0007_000', 'Grampian-2024-2025:p0062_000', 'Grampian-2024-2025:p0009_001']","['Grampian-2024-2025', 'Grampian-2024-2025', 'Grampian-2024-2025']"
Q_2025_STR_01,STR,2025,1,5,text,Grampian-2024-2025,PERFORMANCE REPORT,[7],unknown,0.5,True,2,[7],hit,0,0.0,[],1.0,0.2,1.0,1.0,0.2,1.0,"[7, 62, 9, 158, 30]","['Grampian-2024-2025:p0007_000', 'Grampian-2024-2025:p0062_000', 'Grampian-2024-2025:p0009_001', 'Grampian-2024-2025:p0158_001', 'Grampian-2024-2025:p0030_000']","['Grampian-2024-2025', 'Grampian-2024-2025', 'Grampian-2024-2025', 'Grampian-2024-2025', 'Grampian-2024-2025']"
Q_2025_STR_01,STR,2025,1,10,text,Grampian-2024-2025,PERFORMANCE REPORT,[7],unknown,0.5,True,2,[7],hit,0,0.0,[],1.0,0.125,1.0,1.0,0.1,1.0,"[7, 62, 9, 158, 30, 72, 61, 4]","['Grampian-2024-2025:p0007_000', 'Grampian-2024-2025:p0062_000', 'Grampian-2024-2025:p0009_001', 'Grampian-2024-2025:p0158_001', 'Grampian-2024-2025:p0030_000']","['Grampian-2024-2025', 'Grampian-2024-2025', 'Grampian-2024-2025', 'Grampian-2024-2025', 'Grampian-2024-2025']"
Q_2025_ESC_01,ESC,2025,1,1,text,Grampian-2024-2025,PERFORMANCE REPORT,[30],unknown,0.5,True,3,[30],hit,0,0.0,[],1.0,1.0,1.0,1.0,1.0,1.0,[30],['Grampian-2024-2025:p0030_000'],['Grampian-2024-2025']
Q_2025_ESC_01,ESC,2025,1,3,text,Grampian-2024-2025,PERFORMANCE REPORT,[30],unknown,0.5,True,3,[30],hit,0,0.0,[],1.0,0.3333333333333333,1.0,1.0,0.3333333333333333,1.0,"[30, 9, 4]","['Grampian-2024-2025:p0030_000', 'Grampian-2024-2025:p0009_001', 'Grampian-2024-2025:p0004_000']","['Grampian-2024-2025', 'Grampian-2024-2025', 'Grampian-2024-2025']"
Q_2025_ESC_01,ESC,2025,1,5,text,Grampian-2024-2025,PERFORMANCE REPORT,[30],unknown,0.5,True,3,[30],hit,0,0.0,[],1.0,0.25,1.0,1.0,0.4,1.0,"[30, 9, 4, 172]","['Grampian-2024-2025:p0030_000', 'Grampian-2024-2025:p0009_001', 'Grampian-2024-2025:p0004_000', 'Grampian-2024-2025:p0172_000', 'Grampian-2024-2025:p0030_002']","['Grampian-2024-2025', 'Grampian-2024-2025', 'Grampian-2024-2025', 'Grampian-2024-2025', 'Grampian-2024-2025']"
Q_2025_ESC_01,ESC,2025,1,10,text,Grampian-2024-2025,PERFORMANCE REPORT,[30],unknown,0.5,True,3,[30],hit,0,0.0,[],1.0,0.125,1.0,1.0,0.3,1.0,"[30, 9, 4, 172, 7, 47, 58, 62]","['Grampian-2024-2025:p0030_000', 'Grampian-2024-2025:p0009_001', 'Grampian-2024-2025:p0004_000', 'Grampian-2024-2025:p0172_000', 'Grampian-2024-2025:p0030_002']","['Grampian-2024-2025', 'Grampian-2024-2025', 'Grampian-2024-2025', 'Grampian-2024-2025', 'Grampian-2024-2025']"
Q_2025_ESC_02,ESC,2025,2,1,text,Grampian-2024-2025,PERFORMANCE REPORT,[4],unknown,0.5,True,3,[4],missed_top_ranked,0,0.0,[],0.0,0.0,0.0,0.0,0.0,0.0,[30],['Grampian-2024-2025:p0030_000'],['Grampian-2024-2025']
Q_2025_ESC_02,ESC,2025,2,3,text,Grampian-2024-2025,PERFORMANCE REPORT,[4],unknown,0.5,True,3,[4],hit,0,0.0,[],1.0,0.5,0.5,1.0,0.3333333333333333,0.5,"[30, 4]","['Grampian-2024-2025:p0030_000', 'Grampian-2024-2025:p0004_000', 'Grampian-2024-2025:p0030_002']","['Grampian-2024-2025', 'Grampian-2024-2025', 'Grampian-2024-2025']"
Q_2025_ESC_02,ESC,2025,2,5,text,Grampian-2024-2025,PERFORMANCE REPORT,[4],unknown,0.5,True,3,[4],hit,0,0.0,[],1.0,0.25,0.5,1.0,0.2,0.5,"[30, 4, 61, 3]","['Grampian-2024-2025:p0030_000', 'Grampian-2024-2025:p0004_000', 'Grampian-2024-2025:p0030_002', 'Grampian-2024-2025:p0061_001', 'Grampian-2024-2025:p0003_000']","['Grampian-2024-2025', 'Grampian-2024-2025', 'Grampian-2024-2025', 'Grampian-2024-2025', 'Grampian-2024-2025']"
Q_2025_ESC_02,ESC,2025,2,10,text,Grampian-2024-2025,PERFORMANCE REPORT,[4],unknown,0.5,True,3,[4],hit,0,0.0,[],1.0,0.14285714285714285,0.5,1.0,0.2,0.5,"[30, 4, 61, 3, 62, 7, 71]","['Grampian-2024-2025:p0030_000', 'Grampian-2024-2025:p0004_000', 'Grampian-2024-2025:p0030_002', 'Grampian-2024-2025:p0061_001', 'Grampian-2024-2025:p0003_000']","['Grampian-2024-2025', 'Grampian-2024-2025', 'Grampian-2024-2025', 'Grampian-2024-2025', 'Grampian-2024-2025']"
Q_2025_ESC_P1,ESC,2025,P1,1,text,Grampian-2024-2025,PERFORMANCE REPORT,[4],unknown,0.5,True,3,[4],hit,0,0.0,[],1.0,1.0,1.0,1.0,1.0,1.0,[4],['Grampian-2024-2025:p0004_000'],['Grampian-2024-2025']
Q_2025_ESC_P1,ESC,2025,P1,3,text,Grampian-2024-2025,PERFORMANCE REPORT,[4],unknown,0.5,True,3,[4],hit,0,0.0,[],1.0,0.5,1.0,1.0,0.3333333333333333,1.0,"[4, 30]","['Grampian-2024-2025:p0004_000', 'Grampian-2024-2025:p0030_000', 'Grampian-2024-2025:p0030_002']","['Grampian-2024-2025', 'Grampian-2024-2025', 'Grampian-2024-2025']"
Q_2025_ESC_P1,ESC,2025,P1,5,text,Grampian-2024-2025,PERFORMANCE REPORT,[4],unknown,0.5,True,3,[4],hit,0,0.0,[],1.0,0.3333333333333333,1.0,1.0,0.4,1.0,"[4, 30, 7]","['Grampian-2024-2025:p0004_000', 'Grampian-2024-2025:p0030_000', 'Grampian-2024-2025:p0030_002', 'Grampian-2024-2025:p0007_000', 'Grampian-2024-2025:p0004_002']","['Grampian-2024-2025', 'Grampian-2024-2025', 'Grampian-2024-2025', 'Grampian-2024-2025', 'Grampian-2024-2025']"
Q_2025_ESC_P1,ESC,2025,P1,10,text,Grampian-2024-2025,PERFORMANCE REPORT,[4],unknown,0.5,True,3,[4],hit,0,0.0,[],1.0,0.14285714285714285,1.0,1.0,0.2,1.0,"[4, 30, 7, 88, 61, 3, 60]","['Grampian-2024-2025:p0004_000', 'Grampian-2024-2025:p0030_000', 'Grampian-2024-2025:p0030_002', 'Grampian-2024-2025:p0007_000', 'Grampian-2024-2025:p0004_002']","['Grampian-2024-2025', 'Grampian-2024-2025', 'Grampian-2024-2025', 'Grampian-2024-2025', 'Grampian-2024-2025']"
Q_2025_ESC_P2,ESC,2025,P2,1,text,Grampian-2024-2025,PERFORMANCE REPORT,[30],unknown,0.5,True,3,[30],hit,0,0.0,[],1.0,1.0,1.0,1.0,1.0,1.0,[30],['Grampian-2024-2025:p0030_002'],['Grampian-2024-2025']
Q_2025_ESC_P2,ESC,2025,P2,3,text,Grampian-2024-2025,PERFORMANCE REPORT,[30],unknown,0.5,True,3,[30],hit,0,0.0,[],1.0,0.5,1.0,1.0,0.6666666666666666,1.0,"[30, 9]","['Grampian-2024-2025:p0030_002', 'Grampian-2024-2025:p0030_000', 'Grampian-2024-2025:p0009_001']","['Grampian-2024-2025', 'Grampian-2024-2025', 'Grampian-2024-2025']"
Q_2025_ESC_P2,ESC,2025,P2,5,text,Grampian-2024-2025,PERFORMANCE REPORT,[30],unknown,0.5,True,3,[30],hit,0,0.0,[],1.0,0.25,1.0,1.0,0.4,1.0,"[30, 9, 3, 4]","['Grampian-2024-2025:p0030_002', 'Grampian-2024-2025:p0030_000', 'Grampian-2024-2025:p0009_001', 'Grampian-2024-2025:p0003_000', 'Grampian-2024-2025:p0004_000']","['Grampian-2024-2025', 'Grampian-2024-2025', 'Grampian-2024-2025', 'Grampian-2024-2025', 'Grampian-2024-2025']"
Q_2025_ESC_P2,ESC,2025,P2,10,text,Grampian-2024-2025,PERFORMANCE REPORT,[30],unknown,0.5,True,3,[30],hit,0,0.0,[],1.0,0.125,1.0,1.0,0.2,1.0,"[30, 9, 3, 4, 61, 49, 89, 93]","['Grampian-2024-2025:p0030_002', 'Grampian-2024-2025:p0030_000', 'Grampian-2024-2025:p0009_001', 'Grampian-2024-2025:p0003_000', 'Grampian-2024-2025:p0004_000']","['Grampian-2024-2025', 'Grampian-2024-2025', 'Grampian-2024-2025', 'Grampian-2024-2025', 'Grampian-2024-2025']"
Q_2025_PLAN_01,PLAN,2025,1,1,text,Grampian-2024-2025,PERFORMANCE REPORT,[30],unknown,0.5,True,3,[30],hit,0,0.0,[],1.0,1.0,1.0,1.0,1.0,1.0,[30],['Grampian-2024-2025:p0030_001'],['Grampian-2024-2025']
Q_2025_PLAN_01,PLAN,2025,1,3,text,Grampian-2024-2025,PERFORMANCE REPORT,[30],unknown,0.5,True,3,[30],hit,0,0.0,[],1.0,0.3333333333333333,1.0,1.0,0.3333333333333333,1.0,"[30, 62, 170]","['Grampian-2024-2025:p0030_001', 'Grampian-2024-2025:p0062_000', 'Grampian-2024-2025:p0170_000']","['Grampian-2024-2025', 'Grampian-2024-2025', 'Grampian-2024-2025']"
Q_2025_PLAN_01,PLAN,2025,1,5,text,Grampian-2024-2025,PERFORMANCE REPORT,[30],unknown,0.5,True,3,[30],hit,0,0.0,[],1.0,0.25,1.0,1.0,0.4,1.0,"[30, 62, 170, 79]","['Grampian-2024-2025:p0030_001', 'Grampian-2024-2025:p0062_000', 'Grampian-2024-2025:p0170_000', 'Grampian-2024-2025:p0030_000', 'Grampian-2024-2025:p0079_000']","['Grampian-2024-2025', 'Grampian-2024-2025', 'Grampian-2024-2025', 'Grampian-2024-2025', 'Grampian-2024-2025']"
Q_2025_PLAN_01,PLAN,2025,1,10,text,Grampian-2024-2025,PERFORMANCE REPORT,[30],unknown,0.5,True,3,[30],hit,0,0.0,[],1.0,0.1111111111111111,1.0,1.0,0.2,1.0,"[30, 62, 170, 79, 9, 29, 4, 47, 7]","['Grampian-2024-2025:p0030_001', 'Grampian-2024-2025:p0062_000', 'Grampian-2024-2025:p0170_000', 'Grampian-2024-2025:p0030_000', 'Grampian-2024-2025:p0079_000']","['Grampian-2024-2025', 'Grampian-2024-2025', 'Grampian-2024-2025', 'Grampian-2024-2025', 'Grampian-2024-2025']"
Q_2025_GOPES_01,GOPES,2025,1,1,text,Grampian-2024-2025,ACCOUNTABILITY REPORT,[65],unknown,0.5,True,3,[65],hit,0,0.0,[],1.0,1.0,1.0,1.0,1.0,1.0,[65],['Grampian-2024-2025:p0065_000'],['Grampian-2024-2025']
Q_2025_GOPES_01,GOPES,2025,1,3,text,Grampian-2024-2025,ACCOUNTABILITY REPORT,[65],unknown,0.5,True,3,[65],hit,0,0.0,[],1.0,0.5,1.0,1.0,0.6666666666666666,1.0,"[65, 9]","['Grampian-2024-2025:p0065_000', 'Grampian-2024-2025:p0065_001', 'Grampian-2024-2025:p0009_000']","['Grampian-2024-2025', 'Grampian-2024-2025', 'Grampian-2024-2025']"
Q_2025_GOPES_01,GOPES,2025,1,5,text,Grampian-2024-2025,ACCOUNTABILITY REPORT,[65],unknown,0.5,True,3,[65],hit,0,0.0,[],1.0,0.25,1.0,1.0,0.4,1.0,"[65, 9, 62, 17]","['Grampian-2024-2025:p0065_000', 'Grampian-2024-2025:p0065_001', 'Grampian-2024-2025:p0009_000', 'Grampian-2024-2025:p0062_002', 'Grampian-2024-2025:p0017_000']","['Grampian-2024-2025', 'Grampian-2024-2025', 'Grampian-2024-2025', 'Grampian-2024-2025', 'Grampian-2024-2025']"
Q_2025_GOPES_01,GOPES,2025,1,10,text,Grampian-2024-2025,ACCOUNTABILITY REPORT,[65],unknown,0.5,True,3,[65],hit,0,0.0,[],1.0,0.125,1.0,1.0,0.2,1.0,"[65, 9, 62, 17, 68, 76, 25, 67]","['Grampian-2024-2025:p0065_000', 'Grampian-2024-2025:p0065_001', 'Grampian-2024-2025:p0009_000', 'Grampian-2024-2025:p0062_002', 'Grampian-2024-2025:p0017_000']","['Grampian-2024-2025', 'Grampian-2024-2025', 'Grampian-2024-2025', 'Grampian-2024-2025', 'Grampian-2024-2025']"
Q_2025_FIN_10,FIN,2025,10,1,number,Grampian-2024-2025,PERFORMANCE REPORT,[28],unknown,0.5,True,2,[28],missed_top_ranked,0,0.0,[],0.0,0.0,0.0,0.0,0.0,0.0,[33],['Grampian-2024-2025:p0033_002'],['Grampian-2024-2025']
Q_2025_FIN_10,FIN,2025,10,3,number,Grampian-2024-2025,PERFORMANCE REPORT,[28],unknown,0.5,True,2,[28],hit,0,0.0,[],1.0,0.3333333333333333,0.5,1.0,0.3333333333333333,0.5,"[33, 28, 109]","['Grampian-2024-2025:p0033_002', 'Grampian-2024-2025:p0028_001', 'Grampian-2024-2025:p0109_001']","['Grampian-2024-2025', 'Grampian-2024-2025', 'Grampian-2024-2025']"
Q_2025_FIN_10,FIN,2025,10,5,number,Grampian-2024-2025,PERFORMANCE REPORT,[28],unknown,0.5,True,2,[28],hit,0,0.0,[],1.0,0.2,0.5,1.0,0.2,0.5,"[33, 28, 109, 24, 165]","['Grampian-2024-2025:p0033_002', 'Grampian-2024-2025:p0028_001', 'Grampian-2024-2025:p0109_001', 'Grampian-2024-2025:p0024_002', 'Grampian-2024-2025:p0165_002']","['Grampian-2024-2025', 'Grampian-2024-2025', 'Grampian-2024-2025', 'Grampian-2024-2025', 'Grampian-2024-2025']"
Q_2025_FIN_10,FIN,2025,10,10,number,Grampian-2024-2025,PERFORMANCE REPORT,[28],unknown,0.5,True,2,[28],hit,0,0.0,[],1.0,0.1111111111111111,0.5,1.0,0.1,0.5,"[33, 28, 109, 24, 165, 95, 25, 62, 29]","['Grampian-2024-2025:p0033_002', 'Grampian-2024-2025:p0028_001', 'Grampian-2024-2025:p0109_001', 'Grampian-2024-2025:p0024_002', 'Grampian-2024-2025:p0165_002']","['Grampian-2024-2025', 'Grampian-2024-2025', 'Grampian-2024-2025', 'Grampian-2024-2025', 'Grampian-2024-2025']"
Q_2025_FIN_11,FIN,2025,11,1,number,Grampian-2024-2025,PERFORMANCE REPORT,[33],unknown,0.5,True,3,[33],missed_top_ranked,0,0.0,[],0.0,0.0,0.0,0.0,0.0,0.0,[165],['Grampian-2024-2025:p0165_002'],['Grampian-2024-2025']
Q_2025_FIN_11,FIN,2025,11,3,number,Grampian-2024-2025,PERFORMANCE REPORT,[33],unknown,0.5,True,3,[33],hit,0,0.0,[],1.0,0.3333333333333333,0.5,1.0,0.3333333333333333,0.5,"[165, 33, 95]","['Grampian-2024-2025:p0165_002', 'Grampian-2024-2025:p0033_002', 'Grampian-2024-2025:p0095_000']","['Grampian-2024-2025', 'Grampian-2024-2025', 'Grampian-2024-2025']"
Q_2025_FIN_11,FIN,2025,11,5,number,Grampian-2024-2025,PERFORMANCE REPORT,[33],unknown,0.5,True,3,[33],hit,0,0.0,[],1.0,0.2,0.5,1.0,0.2,0.5,"[165, 33, 95, 25, 24]","['Grampian-2024-2025:p0165_002', 'Grampian-2024-2025:p0033_002', 'Grampian-2024-2025:p0095_000', 'Grampian-2024-2025:p0025_000', 'Grampian-2024-2025:p0024_002']","['Grampian-2024-2025', 'Grampian-2024-2025', 'Grampian-2024-2025', 'Grampian-2024-2025', 'Grampian-2024-2025']"
Q_2025_FIN_11,FIN,2025,11,10,number,Grampian-2024-2025,PERFORMANCE REPORT,[33],unknown,0.5,True,3,[33],hit,0,0.0,[],1.0,0.1,0.5,1.0,0.1,0.5,"[165, 33, 95, 25, 24, 29, 4, 86, 7, 62]","['Grampian-2024-2025:p0165_002', 'Grampian-2024-2025:p0033_002', 'Grampian-2024-2025:p0095_000', 'Grampian-2024-2025:p0025_000', 'Grampian-2024-2025:p0024_002']","['Grampian-2024-2025', 'Grampian-2024-2025', 'Grampian-2024-2025', 'Grampian-2024-2025', 'Grampian-2024-2025']"
Q_2025_FIN_12,FIN,2025,12,1,number,Grampian-2024-2025,PERFORMANCE REPORT,[31],table_metric_staff_costs,0.85,True,3,[31],hit,0,0.0,[],1.0,1.0,1.0,1.0,1.0,1.0,[31],['Grampian-2024-2025:p0031_002'],['Grampian-2024-2025']
Q_2025_FIN_12,FIN,2025,12,3,number,Grampian-2024-2025,PERFORMANCE REPORT,[31],table_metric_staff_costs,0.85,True,3,[31],hit,0,0.0,[],1.0,0.5,1.0,1.0,0.6666666666666666,1.0,"[31, 87]","['Grampian-2024-2025:p0031_002', 'Grampian-2024-2025:p0031_001', 'Grampian-2024-2025:table_p0087']","['Grampian-2024-2025', 'Grampian-2024-2025', 'Grampian-2024-2025']"
Q_2025_FIN_12,FIN,2025,12,5,number,Grampian-2024-2025,PERFORMANCE REPORT,[31],table_metric_staff_costs,0.85,True,3,[31],hit,0,0.0,[],1.0,0.25,1.0,1.0,0.4,1.0,"[31, 87, 91, 95]","['Grampian-2024-2025:p0031_002', 'Grampian-2024-2025:p0031_001', 'Grampian-2024-2025:table_p0087', 'Grampian-2024-2025:table_p0091', 'Grampian-2024-2025:p0095_000']","['Grampian-2024-2025', 'Grampian-2024-2025', 'Grampian-2024-2025', 'Grampian-2024-2025', 'Grampian-2024-2025']"
Q_2025_FIN_12,FIN,2025,12,10,number,Grampian-2024-2025,PERFORMANCE REPORT,[31],table_metric_staff_costs,0.85,True,3,[31],hit,0,0.0,[],1.0,0.1111111111111111,1.0,1.0,0.2,1.0,"[31, 87, 91, 95, 83, 92, 81, 82, 84]","['Grampian-2024-2025:p0031_002', 'Grampian-2024-2025:p0031_001', 'Grampian-2024-2025:table_p0087', 'Grampian-2024-2025:table_p0091', 'Grampian-2024-2025:p0095_000']","['Grampian-2024-2025', 'Grampian-2024-2025', 'Grampian-2024-2025', 'Grampian-2024-2025', 'Grampian-2024-2025']"
Q_2025_FIN_13,FIN,2025,13,1,number,Grampian-2024-2025,PERFORMANCE REPORT,[32],unknown,0.5,True,3,[32],missed_top_ranked,0,0.0,[],0.0,0.0,0.0,0.0,0.0,0.0,[96],['Grampian-2024-2025:p0096_001'],['Grampian-2024-2025']
Q_2025_FIN_13,FIN,2025,13,3,number,Grampian-2024-2025,PERFORMANCE REPORT,[32],unknown,0.5,True,3,[32],missed_top_ranked,0,0.0,[],0.0,0.0,0.0,0.0,0.0,0.0,"[96, 125, 149]","['Grampian-2024-2025:p0096_001', 'Grampian-2024-2025:p0125_000', 'Grampian-2024-2025:p0149_001']","['Grampian-2024-2025', 'Grampian-2024-2025', 'Grampian-2024-2025']"
Q_2025_FIN_13,FIN,2025,13,5,number,Grampian-2024-2025,PERFORMANCE REPORT,[32],unknown,0.5,True,3,[32],hit,0,0.0,[],1.0,0.25,0.25,1.0,0.2,0.25,"[96, 125, 149, 32]","['Grampian-2024-2025:p0096_001', 'Grampian-2024-2025:p0125_000', 'Grampian-2024-2025:p0149_001', 'Grampian-2024-2025:p0032_001', 'Grampian-2024-2025:p0149_000']","['Grampian-2024-2025', 'Grampian-2024-2025', 'Grampian-2024-2025', 'Grampian-2024-2025', 'Grampian-2024-2025']"
Q_2025_FIN_13,FIN,2025,13,10,number,Grampian-2024-2025,PERFORMANCE REPORT,[32],unknown,0.5,True,3,[32],hit,0,0.0,[],1.0,0.14285714285714285,0.25,1.0,0.1,0.25,"[96, 125, 149, 32, 119, 148, 97]","['Grampian-2024-2025:p0096_001', 'Grampian-2024-2025:p0125_000', 'Grampian-2024-2025:p0149_001', 'Grampian-2024-2025:p0032_001', 'Grampian-2024-2025:p0149_000']","['Grampian-2024-2025', 'Grampian-2024-2025', 'Grampian-2024-2025', 'Grampian-2024-2025', 'Grampian-2024-2025']"
Q_2025_GOV_01,GOV,2025,1,1,text,Grampian-2024-2025,PERFORMANCE REPORT,[28],unknown,0.5,True,2,[28],hit,0,0.0,[],1.0,1.0,1.0,1.0,1.0,1.0,[28],['Grampian-2024-2025:p0028_001'],['Grampian-2024-2025']
Q_2025_GOV_01,GOV,2025,1,3,text,Grampian-2024-2025,PERFORMANCE REPORT,[28],unknown,0.5,True,2,[28],hit,0,0.0,[],1.0,0.5,1.0,1.0,0.6666666666666666,1.0,"[28, 29]","['Grampian-2024-2025:p0028_001', 'Grampian-2024-2025:p0028_000', 'Grampian-2024-2025:p0029_000']","['Grampian-2024-2025', 'Grampian-2024-2025', 'Grampian-2024-2025']"
Q_2025_GOV_01,GOV,2025,1,5,text,Grampian-2024-2025,PERFORMANCE REPORT,[28],unknown,0.5,True,2,[28],hit,0,0.0,[],1.0,0.3333333333333333,1.0,1.0,0.4,1.0,"[28, 29, 30]","['Grampian-2024-2025:p0028_001', 'Grampian-2024-2025:p0028_000', 'Grampian-2024-2025:p0029_000', 'Grampian-2024-2025:p0029_002', 'Grampian-2024-2025:p0030_001']","['Grampian-2024-2025', 'Grampian-2024-2025', 'Grampian-2024-2025', 'Grampian-2024-2025', 'Grampian-2024-2025']"
Q_2025_GOV_01,GOV,2025,1,10,text,Grampian-2024-2025,PERFORMANCE REPORT,[28],unknown,0.5,True,2,[28],hit,0,0.0,[],1.0,0.125,1.0,1.0,0.2,1.0,"[28, 29, 30, 162, 4, 163, 148, 47]","['Grampian-2024-2025:p0028_001', 'Grampian-2024-2025:p0028_000', 'Grampian-2024-2025:p0029_000', 'Grampian-2024-2025:p0029_002', 'Grampian-2024-2025:p0030_001']","['Grampian-2024-2025', 'Grampian-2024-2025', 'Grampian-2024-2025', 'Grampian-2024-2025', 'Grampian-2024-2025']"
Q_2025_FIN_P3,FIN,2025,P3,1,text,Grampian-2024-2025,PERFORMANCE REPORT,[29],unknown,0.5,True,3,[29],hit,0,0.0,[],1.0,1.0,1.0,1.0,1.0,1.0,[29],['Grampian-2024-2025:p0029_000'],['Grampian-2024-2025']
Q_2025_FIN_P3,FIN,2025,P3,3,text,Grampian-2024-2025,PERFORMANCE REPORT,[29],unknown,0.5,True,3,[29],hit,0,0.0,[],1.0,0.5,1.0,1.0,0.6666666666666666,1.0,"[29, 31]","['Grampian-2024-2025:p0029_000', 'Grampian-2024-2025:p0029_001', 'Grampian-2024-2025:p0031_001']","['Grampian-2024-2025', 'Grampian-2024-2025', 'Grampian-2024-2025']"
Q_2025_FIN_P3,FIN,2025,P3,5,text,Grampian-2024-2025,PERFORMANCE REPORT,[29],unknown,0.5,True,3,[29],hit,0,0.0,[],1.0,0.3333333333333333,1.0,1.0,0.6,1.0,"[29, 31, 62]","['Grampian-2024-2025:p0029_000', 'Grampian-2024-2025:p0029_001', 'Grampian-2024-2025:p0031_001', 'Grampian-2024-2025:p0062_000', 'Grampian-2024-2025:p0029_002']","['Grampian-2024-2025', 'Grampian-2024-2025', 'Grampian-2024-2025', 'Grampian-2024-2025', 'Grampian-2024-2025']"
Q_2025_FIN_P3,FIN,2025,P3,10,text,Grampian-2024-2025,PERFORMANCE REPORT,[29],unknown,0.5,True,3,[29],hit,0,0.0,[],1.0,0.14285714285714285,1.0,1.0,0.3,1.0,"[29, 31, 62, 30, 87, 33, 28]","['Grampian-2024-2025:p0029_000', 'Grampian-2024-2025:p0029_001', 'Grampian-2024-2025:p0031_001', 'Grampian-2024-2025:p0062_000', 'Grampian-2024-2025:p0029_002']","['Grampian-2024-2025', 'Grampian-2024-2025', 'Grampian-2024-2025', 'Grampian-2024-2025', 'Grampian-2024-2025']"
Q_2025_FIN_17,FIN,2025,17,1,number,Grampian-2024-2025,PERFORMANCE REPORT,[33],unknown,0.5,True,3,[33],missed_top_ranked,0,0.0,[],0.0,0.0,0.0,0.0,0.0,0.0,[165],['Grampian-2024-2025:p0165_002'],['Grampian-2024-2025']
Q_2025_FIN_17,FIN,2025,17,3,number,Grampian-2024-2025,PERFORMANCE REPORT,[33],unknown,0.5,True,3,[33],hit,0,0.0,[],1.0,0.3333333333333333,0.5,1.0,0.3333333333333333,0.5,"[165, 33, 95]","['Grampian-2024-2025:p0165_002', 'Grampian-2024-2025:p0033_002', 'Grampian-2024-2025:p0095_000']","['Grampian-2024-2025', 'Grampian-2024-2025', 'Grampian-2024-2025']"
Q_2025_FIN_17,FIN,2025,17,5,number,Grampian-2024-2025,PERFORMANCE REPORT,[33],unknown,0.5,True,3,[33],hit,0,0.0,[],1.0,0.2,0.5,1.0,0.2,0.5,"[165, 33, 95, 25, 24]","['Grampian-2024-2025:p0165_002', 'Grampian-2024-2025:p0033_002', 'Grampian-2024-2025:p0095_000', 'Grampian-2024-2025:p0025_000', 'Grampian-2024-2025:p0024_002']","['Grampian-2024-2025', 'Grampian-2024-2025', 'Grampian-2024-2025', 'Grampian-2024-2025', 'Grampian-2024-2025']"
Q_2025_FIN_17,FIN,2025,17,10,number,Grampian-2024-2025,PERFORMANCE REPORT,[33],unknown,0.5,True,3,[33],hit,0,0.0,[],1.0,0.1,0.5,1.0,0.1,0.5,"[165, 33, 95, 25, 24, 29, 4, 86, 7, 62]","['Grampian-2024-2025:p0165_002', 'Grampian-2024-2025:p0033_002', 'Grampian-2024-2025:p0095_000', 'Grampian-2024-2025:p0025_000', 'Grampian-2024-2025:p0024_002']","['Grampian-2024-2025', 'Grampian-2024-2025', 'Grampian-2024-2025', 'Grampian-2024-2025', 'Grampian-2024-2025']"
Q_2025_FIN_18,FIN,2025,18,1,number,Grampian-2024-2025,PERFORMANCE REPORT,[31],table_metric_staff_costs,0.85,True,3,[31],hit,0,0.0,[],1.0,1.0,1.0,1.0,1.0,1.0,[31],['Grampian-2024-2025:p0031_002'],['Grampian-2024-2025']
Q_2025_FIN_18,FIN,2025,18,3,number,Grampian-2024-2025,PERFORMANCE REPORT,[31],table_metric_staff_costs,0.85,True,3,[31],hit,0,0.0,[],1.0,0.3333333333333333,1.0,1.0,0.3333333333333333,1.0,"[31, 82, 83]","['Grampian-2024-2025:p0031_002', 'Grampian-2024-2025:p0082_000', 'Grampian-2024-2025:table_p0083']","['Grampian-2024-2025', 'Grampian-2024-2025', 'Grampian-2024-2025']"
Q_2025_FIN_18,FIN,2025,18,5,number,Grampian-2024-2025,PERFORMANCE REPORT,[31],table_metric_staff_costs,0.85,True,3,[31],hit,0,0.0,[],1.0,0.25,1.0,1.0,0.4,1.0,"[31, 82, 83, 81]","['Grampian-2024-2025:p0031_002', 'Grampian-2024-2025:p0082_000', 'Grampian-2024-2025:table_p0083', 'Grampian-2024-2025:p0081_001', 'Grampian-2024-2025:p0031_001']","['Grampian-2024-2025', 'Grampian-2024-2025', 'Grampian-2024-2025', 'Grampian-2024-2025', 'Grampian-2024-2025']"
Q_2025_FIN_18,FIN,2025,18,10,number,Grampian-2024-2025,PERFORMANCE REPORT,[31],table_metric_staff_costs,0.85,True,3,[31],hit,0,0.0,[],1.0,0.1111111111111111,1.0,1.0,0.2,1.0,"[31, 82, 83, 81, 91, 87, 84, 85, 90]","['Grampian-2024-2025:p0031_002', 'Grampian-2024-2025:p0082_000', 'Grampian-2024-2025:table_p0083', 'Grampian-2024-2025:p0081_001', 'Grampian-2024-2025:p0031_001']","['Grampian-2024-2025', 'Grampian-2024-2025', 'Grampian-2024-2025', 'Grampian-2024-2025', 'Grampian-2024-2025']"
Q_2025_GOV_02,GOV,2025,2,1,number,Grampian-2024-2025,PERFORMANCE REPORT,[11],unknown,0.5,True,2,[11],hit,0,0.0,[],1.0,1.0,1.0,1.0,1.0,1.0,[11],['Grampian-2024-2025:p0011_001'],['Grampian-2024-2025']
Q_2025_GOV_02,GOV,2025,2,3,number,Grampian-2024-2025,PERFORMANCE REPORT,[11],unknown,0.5,True,2,[11],hit,0,0.0,[],1.0,0.3333333333333333,1.0,1.0,0.3333333333333333,1.0,"[11, 62, 13]","['Grampian-2024-2025:p0011_001', 'Grampian-2024-2025:p0062_000', 'Grampian-2024-2025:p0013_000']","['Grampian-2024-2025', 'Grampian-2024-2025', 'Grampian-2024-2025']"
Q_2025_GOV_02,GOV,2025,2,5,number,Grampian-2024-2025,PERFORMANCE REPORT,[11],unknown,0.5,True,2,[11],hit,0,0.0,[],1.0,0.2,1.0,1.0,0.2,1.0,"[11, 62, 13, 7, 72]","['Grampian-2024-2025:p0011_001', 'Grampian-2024-2025:p0062_000', 'Grampian-2024-2025:p0013_000', 'Grampian-2024-2025:p0007_000', 'Grampian-2024-2025:p0072_002']","['Grampian-2024-2025', 'Grampian-2024-2025', 'Grampian-2024-2025', 'Grampian-2024-2025', 'Grampian-2024-2025']"
Q_2025_GOV_02,GOV,2025,2,10,number,Grampian-2024-2025,PERFORMANCE REPORT,[11],unknown,0.5,True,2,[11],hit,0,0.0,[],1.0,0.1,1.0,1.0,0.1,1.0,"[11, 62, 13, 7, 72, 140, 139, 29, 142, 25]","['Grampian-2024-2025:p0011_001', 'Grampian-2024-2025:p0062_000', 'Grampian-2024-2025:p0013_000', 'Grampian-2024-2025:p0007_000', 'Grampian-2024-2025:p0072_002']","['Grampian-2024-2025', 'Grampian-2024-2025', 'Grampian-2024-2025', 'Grampian-2024-2025', 'Grampian-2024-2025']"
