id,x,y,label,text,page,section,category,highlight
Shetland-2022-2023:p0002_000,-0.9323578,0.5316585,Unknown,Table of Contents Annual Accounts and Notes for Year Ended 31 March 2023 ..................................... 1 Performance Overview Report ..............................................................................…,2,Unknown,Financial narrative,False
Shetland-2022-2023:p0002_001,-1.394317,0.4976756,Unknown,Reporting on other requirements .......................................................................... 78 NHS Shetland Statements and Summaries ............................................................. 80 Statem…,2,Unknown,Strategy / narrative,False
Shetland-2022-2023:p0003_000,-0.9152416,0.6482014,Unknown,Note 2—Notes to the Cash Flow Statement ....................................................... 105 Note 3—Expenditure .......................................................................................... 109 Note…,3,Unknown,Financial narrative,False
Shetland-2022-2023:p0004_000,-5.5279737,-2.5520084,PERFORMANCE OVERVIEW REPORT,Annual Accounts and Notes for Year Ended 31 March 2023 Performance Overview Report Section 1—Chief Executive’s Statement NHS Shetland rose to the challenges presented in 2022–23 and continued to deliver for the populati…,4,PERFORMANCE OVERVIEW REPORT,Financial narrative,False
Shetland-2022-2023:p0004_001,-5.483915,-2.609561,PERFORMANCE OVERVIEW REPORT,I would like to thank them for their hard work and commitment for their achievements and successes not just in 2022–23 but in every one of the 75 years the NHS has been in existence. Without it I am certain Shetland wou…,4,PERFORMANCE OVERVIEW REPORT,Clinical performance,False
Shetland-2022-2023:p0004_002,-5.8227315,-2.5409017,PERFORMANCE OVERVIEW REPORT,"return of the Shetland tradition of Up Helly Aa, NHS Shetland experienced an increase of staff sickness. This impacted services across our system and once again staff rallied in support of one another to maintain essent…",4,PERFORMANCE OVERVIEW REPORT,Clinical performance,False
Shetland-2022-2023:p0005_000,-6.3173304,-2.5845904,PERFORMANCE OVERVIEW REPORT,"in the last year. These will continue until the Shetland based MRI scanner is in situ. The year saw strong performances from departments across NHS Shetland, particularly Adult Mental Health, Children and Adolescent Men…",5,PERFORMANCE OVERVIEW REPORT,Clinical performance,False
Shetland-2022-2023:p0005_001,-5.7666197,-2.0878248,PERFORMANCE OVERVIEW REPORT,"collaborative working across different healthcare settings, professions, and with wider stakeholders around shared interests and common goals of improving care. Progress has been made in the development of the business…",5,PERFORMANCE OVERVIEW REPORT,Clinical performance,False
Shetland-2022-2023:p0005_002,-5.5144744,-2.2761338,PERFORMANCE OVERVIEW REPORT,"2022–23 to prioritize staff wellbeing, through existing policy frameworks and other initiatives which have been promoted to all staff in the organisation’s monthly newsletter. These initiatives have ranged from free bik…",5,PERFORMANCE OVERVIEW REPORT,Clinical performance,False
Shetland-2022-2023:p0006_000,-5.4571576,-2.2456236,PERFORMANCE OVERVIEW REPORT,"community within the bounds of funds available, and it is right the public expect us to deliver against this. As I sign off this annual account I must also reflect that this document marks the end of my tenure as Chief…",6,PERFORMANCE OVERVIEW REPORT,Financial narrative,False
Shetland-2022-2023:p0007_000,-5.7120132,-2.39781,PERFORMANCE OVERVIEW REPORT,"This overview will give the reader a summary of what an NHS Board does. It will also describe the nature of NHS Shetland, our purpose, the key risks to the achievement of our objectives , and our performance during 2022…",7,PERFORMANCE OVERVIEW REPORT,Governance,False
Shetland-2022-2023:p0007_001,-5.893416,-2.4983618,PERFORMANCE OVERVIEW REPORT,improving and protecting the health of the local people; - providing an improved health service for local people; - focusing clearly on health outcomes and people’s experience of their local NHS system; - promoting inte…,7,PERFORMANCE OVERVIEW REPORT,Clinical performance,False
Shetland-2022-2023:p0008_000,-5.9385376,-2.3804781,FIGURE 1—MAP OF SHETLAND,"Figure 2 below outlines a summary structure of NHS Shetland’s organisational structure. The detailed organisational management structure for NHS Shetland is available on our website, along with the organisational govern…",8,FIGURE 1—MAP OF SHETLAND,Strategy / narrative,False
Shetland-2022-2023:p0009_000,-6.010532,-2.8452592,DIRECTLY PROVIDED HEALTHCARE,"services from partners. - Table 1—NHS Shetland at a glance Directly Provided Healthcare Commissioned Healthcare Services 8 General Practitioner (GP) Practices 2 GP Practices with 3,551 registered with 19,417 registered…",9,DIRECTLY PROVIDED HEALTHCARE,Strategy / narrative,False
Shetland-2022-2023:p0009_001,-5.413516,-2.9747388,DIRECTLY PROVIDED HEALTHCARE,in 2022–23 The 2022–23 Annual Delivery Plan was submitted to Scottish Government on 31 July 2022. It was formally approved by the Scottish Government on 22 September 2022. This was NHS Shetland’s strategy to address NHS…,9,DIRECTLY PROVIDED HEALTHCARE,Strategy / narrative,False
Shetland-2022-2023:p0010_000,-4.7745748,-2.6765199,DIRECTLY PROVIDED HEALTHCARE,series of professional workshops was completed to inform the initial phase in our planning process on a potential healthcare campus to deliver services in the future aligned to our clinical strategy priorities. As highl…,10,DIRECTLY PROVIDED HEALTHCARE,Clinical performance,False
Shetland-2022-2023:p0010_001,-4.4685755,-2.8880875,DIRECTLY PROVIDED HEALTHCARE,"followed throughout NHS Shetland. Every risk is assigned to a specific Governance Committee. The Board and the Governance Committees have continued to monitor risk throughout 2022–23, with interim report to Board meetin…",10,DIRECTLY PROVIDED HEALTHCARE,Governance,False
Shetland-2022-2023:p0010_002,-4.5385747,-2.9470186,DIRECTLY PROVIDED HEALTHCARE,remained as a high risk during 2022–23 that did impact local services during the year. The World Health Organisation though has now advised that: “COVID-19 is now an established and on-going health issue which no longer…,10,DIRECTLY PROVIDED HEALTHCARE,Strategy / narrative,False
Shetland-2022-2023:p0011_000,-4.094194,-2.895125,RISK DESCRIPTION,Theme Risk Description skills and - increased risk of poor patient experience and outcomes; knowledge within and the organisation - increased reliance on agency or temporary staff causing increased cost that creates sho…,11,RISK DESCRIPTION,Clinical performance,False
Shetland-2022-2023:p0011_001,-4.179502,-2.8582952,RISK DESCRIPTION,"system. Mitigation: Multiple layers of technical controls in place including anti-malware, firewalls, intrusion detection, access logging, encryption, web filtering, advanced threat protection, software patching. Cyber…",11,RISK DESCRIPTION,Strategy / narrative,False
Shetland-2022-2023:p0011_002,-4.250944,-2.716688,RISK DESCRIPTION,"risks Our workforce is a common theme in the Strategic Risks register. It is essential to have the right staff in the right place to meet peaks in demand, as well as to ensure continual sustainable service provision, wh…",11,RISK DESCRIPTION,Strategy / narrative,False
Shetland-2022-2023:p0012_000,-5.0052037,-2.383787,RISK DESCRIPTION,"Scottish average. Staff turnover was significantly up in 2022–23 as it more than doubled from last year’s 8% to 19%. In total during 2022–23, 157 individuals left NHS Shetland employment. Only 25 of these leavers direct…",12,RISK DESCRIPTION,Strategy / narrative,False
Shetland-2022-2023:p0012_001,-4.659892,-2.900119,RISK DESCRIPTION,"NHS standard terms and conditions on higher cost engagement has in part being mitigate by GP Joy, our a direct engagement model via third party partner TempRe and engaging staff on flexible contracts or via staff bank h…",12,RISK DESCRIPTION,Strategy / narrative,False
Shetland-2022-2023:p0012_002,-4.5372367,-3.1183598,RISK DESCRIPTION,Risk Issue Mitigation Management Action Taken Risk of patients accessing care in Ensuring staff have access to personal protective health facilities during pandemic equipment (PPE) in clinical areas. recovery period tra…,12,RISK DESCRIPTION,Clinical performance,False
Shetland-2022-2023:p0013_000,-2.0457592,0.8321973,COVID-19 RISK ISSUE,Covid-19 Risk Issue Mitigation Management Action Taken Risk of community virus transfer Vaccination programmes to mitigate virus spread. Promoting hygiene guidance to local public. Section 4—Performance Summary Appraisa…,13,COVID-19 RISK ISSUE,Clinical performance,False
Shetland-2022-2023:p0013_001,-4.6485457,-3.0827677,COVID-19 RISK ISSUE,"was as follows: - Table 4—Out-turn against net expenditure limits Limit as set by Actual Out-turn Variance Scottish Government Under/(over) Health and Social Care Directorate £000 £000 £000 Core RRL 78,458 78,386 72 Non…",13,COVID-19 RISK ISSUE,Financial table,False
Shetland-2022-2023:table_p0014,8.462414,-0.093963556,ACTUAL OUT-TURN VARIANCE,"Financial table on page 14 (Unknown) Contains 33 line items across 1 columns. Column headers: Underlying(Deficit)/SurplusagainstCoreRRL27. Row labels: Percentage0%; •Financialplan,2022–23; Aone-yearfinancialplanwassubmi…",14,ACTUAL OUT-TURN VARIANCE,Financial table,False
Shetland-2022-2023:table_p0015,7.8019776,0.14399804,COMPLIANCE NATIONAL TARGET,Financial table on page 15 (Unknown) Contains 11 line items across 6 columns. Column headers: Compliance | NationalTarget | 2020–21 | 2021–22 | 2022–23 | Movement. Row labels: ×; ✓; ✓; ×; ×. Key items: × | 18weeksfromGP…,15,COMPLIANCE NATIONAL TARGET,Financial table,False
Shetland-2022-2023:p0016_000,-5.225101,-3.1350336,COMPLIANCE NATIONAL TARGET,"2. A&E and Cancer Access targets which are 95%; and 3. Staff-sickness absence rate is 4.0%. Arrows indicate direction statistic is moving. Key to colours is green meets standard, amber within 10% of target and all other…",16,COMPLIANCE NATIONAL TARGET,Strategy / narrative,False
Shetland-2022-2023:p0017_000,-5.749648,-2.824992,SECTION 5 PERFORMANCE ANALYSIS REPORT,"- Objectives of NHS Shetland During 2022–23, NHS Shetland has continued to focus on delivering the key Board Objectives , prioritised in our Annual Operating Plan alongside focusing on addressing the significant continu…",17,SECTION 5 PERFORMANCE ANALYSIS REPORT,Governance,False
Shetland-2022-2023:p0017_001,-5.769533,-3.095677,SECTION 5 PERFORMANCE ANALYSIS REPORT,"significant change in the health of the local population and tackle inequalities. Some steps that have been taken as part of this strategy include: To address the first objective, NHS Shetland has been implementing a te…",17,SECTION 5 PERFORMANCE ANALYSIS REPORT,Clinical performance,False
Shetland-2022-2023:p0018_000,-6.1986904,-2.3475292,SECTION 5 PERFORMANCE ANALYSIS REPORT,"services, delivered in the most appropriate setting for the patient”, “redesign services where appropriate, in partnership, to ensure a modern sustainable local health service” and “ensure sufficient organisational capa…",18,SECTION 5 PERFORMANCE ANALYSIS REPORT,Clinical performance,False
Shetland-2022-2023:p0018_001,-6.14826,-2.603262,SECTION 5 PERFORMANCE ANALYSIS REPORT,has been providing local access to Acute and Maternity Services in Shetland since it opened in 1961. The Board is continuing to progress through NHS Scotland governance process for large capital expenditure programmes a…,18,SECTION 5 PERFORMANCE ANALYSIS REPORT,Financial narrative,False
Shetland-2022-2023:p0018_002,-6.104223,-2.8733704,SECTION 5 PERFORMANCE ANALYSIS REPORT,"transmission prevention management strategy has been to minimise patient travel to the mainland for care and treatment that could be provided locally. Not only has this saved a significant amount of money but, more impo…",18,SECTION 5 PERFORMANCE ANALYSIS REPORT,Clinical performance,False
Shetland-2022-2023:p0018_003,-3.6608913,-1.230261,SECTION 5 PERFORMANCE ANALYSIS REPORT,The IJB agreed the proposed revised Joint Strategic Commissioning Plan 2022-25 in February 2022. NHS Shetland approved the plan at the April 2022 Board meeting.,18,SECTION 5 PERFORMANCE ANALYSIS REPORT,Governance,False
Shetland-2022-2023:table_p0019,8.3525305,-0.0096418895,SECTION 5 PERFORMANCE ANALYSIS REPORT,"Financial table on page 19 (Unknown) Contains 15 line items across 1 columns. Column headers: SICandNHSShetlandhavedelegatedagreedservicestotheIJBWhilecarryingthem. Row labels: out,theIJBisrequiredtopaycarefulattentiont…",19,SECTION 5 PERFORMANCE ANALYSIS REPORT,Financial table,False
Shetland-2022-2023:table_p0020,7.7106757,0.955581,SECTION 5 PERFORMANCE ANALYSIS REPORT,Financial table on page 20 (Staff Costs) Contains 6 line items across 6 columns. Column headers: EfficiencySavings | 2018–19 | 2019–20 | 2020–21 | 2021–22 | 2022–23. Row labels: EfficiencySavings; Recurring; Non-Recurri…,20,SECTION 5 PERFORMANCE ANALYSIS REPORT,Financial table,False
Shetland-2022-2023:p0021_000,-2.8421624,-0.33214658,SECTION 5 PERFORMANCE ANALYSIS REPORT,- Consultant Mental Health post £0.419m (£0.518m 2021–22); and - Physicians and anaesthetists consultant vacancies at Gilbert Bain Hospital at £1.291m (£1.183m 2021–22). The overall total cost of locum and agency staff…,21,SECTION 5 PERFORMANCE ANALYSIS REPORT,Clinical performance,False
Shetland-2022-2023:p0021_001,-2.997972,-0.39187598,SECTION 5 PERFORMANCE ANALYSIS REPORT,Scottish Government in March 2023. In line with the Scottish Government timetable there is an update to this scheduled to be submitted by 30 June 2023. The financial plan submitted on 31 March 2023 has reverted back to…,21,SECTION 5 PERFORMANCE ANALYSIS REPORT,Financial narrative,False
Shetland-2022-2023:p0021_002,-3.147503,-0.76692194,SECTION 5 PERFORMANCE ANALYSIS REPORT,outcomes through leaner delivery of services in line with the principle set out in the Board’s clinical strategy . Management will ensure it takes significant and appropriate management action to achieve financial balan…,21,SECTION 5 PERFORMANCE ANALYSIS REPORT,Financial narrative,False
Shetland-2022-2023:p0022_000,-6.389802,-2.0655046,BUILDING WORKS,"Project Amount £m Gilbert Bain Hospital, Medical Equipment 0.545 Building Works 0.978 Gilbert Bain Hospital, other Plant and Equipment 0.157 Gross Additions Total 1.680 The building works represents the completion of th…",22,BUILDING WORKS,Strategy / narrative,False
Shetland-2022-2023:p0022_001,-2.039386,0.44279152,BUILDING WORKS,"in the IJB. These figures are included in the financial commentary below. The Board’s net assets at 31 March 2023 stood at £30.797m. When compared with £23.782m at 31 March 2022, this represents an increase of £7.015m.…",22,BUILDING WORKS,Financial narrative,False
Shetland-2022-2023:p0022_002,-2.1438026,0.6486958,BUILDING WORKS,"Board carried four provisions totalling £2.101m for future liabilities (compared to £2,047k in 2021–22), as laid out in Note 13 . Payment Policy The Scottish Government is committed to supporting business by paying bill…",22,BUILDING WORKS,Governance,False
Shetland-2022-2023:table_p0023,7.991268,0.068918645,PENSION LIABILITIES,Financial table on page 23 (Staff Costs) Contains 23 line items across 1 columns. Column headers: Thedeteriorationinperformancewaspartiallyduetotechnicalissuesexperienced. Row labels: duringthefinalquarterof2022–23Follo…,23,PENSION LIABILITIES,Financial table,False
Shetland-2022-2023:p0024_000,-5.8159103,-3.5760753,PENSION LIABILITIES,"Psychological Therapies team recruited additional staff, and the service is embedding new technologies for talking therapies. Our performance against the access target of 18-weeks Referral to Treatment for specialist CA…",24,PENSION LIABILITIES,Clinical performance,False
Shetland-2022-2023:p0024_001,-3.2017374,-0.16816562,PENSION LIABILITIES,target and the comparable end of March 2022 figure were the longest wait was 18 weeks. Figure 4 illustrates that the access target was only met in the three of the last five years. We recognise ongoing issues with the f…,24,PENSION LIABILITIES,Strategy / narrative,False
Shetland-2022-2023:table_p0025,8.160132,-0.0740582,PENSION LIABILITIES,"Financial table on page 25 (Unknown) Contains 4 line items across 1 columns. Column headers: Ourpartnershipwork,withdedicatedSocialWorkinputtosupportthehospitalworking. Row labels: withtheIntermediateCareTeaminthecommun…",25,PENSION LIABILITIES,Financial table,False
Shetland-2022-2023:p0026_000,-5.502545,-3.304901,UNSCHEDULED CARE,"“provide quality, effective and safe services, delivered in the most appropriate setting for the patient.” Unscheduled Care For the first time since the statistic was introduce during 2022–23, NHS Shetland did not meet…",26,UNSCHEDULED CARE,Clinical performance,False
Shetland-2022-2023:p0026_001,-5.2887025,-3.2209058,UNSCHEDULED CARE,"in A&E. However behind Western Isles, who were the only Board to meet the target, our local performance was the second best in Scotland. Figure 7—A&E Discharged within 4 hours One of the initial impact of Covid-19 was a…",26,UNSCHEDULED CARE,Governance,False
Shetland-2022-2023:p0027_000,-5.7458735,-3.5701118,UNSCHEDULED CARE,they are finding the right care or medical assistance directly from the person with the appropriate skills in the right setting that may not necessary be A&E. Figure 8—A&E Annual Activity Levels - Waiting Times Targets—…,27,UNSCHEDULED CARE,Clinical performance,False
Shetland-2022-2023:p0027_001,-5.701621,-3.4807181,UNSCHEDULED CARE,Vanguard waiting times remobilisation project commenced. Performance in meeting 95% target of a first outpatient appointment within 12 weeks has been the primarily issues in not meeting the 18-week access standard. Stru…,27,UNSCHEDULED CARE,Clinical performance,False
Shetland-2022-2023:p0028_000,-5.7502384,-3.5849369,UNSCHEDULED CARE,"Throat accounted for 17.3% of these delays, with 70 cases, while in 2021–22 Ear Nose and Throat accounted 45 cases being responsible for 16.6% of delays. For new outpatient cases, 127 patients had been waiting longer th…",28,UNSCHEDULED CARE,Strategy / narrative,False
Shetland-2022-2023:p0029_000,-5.7936544,-3.6228645,UNSCHEDULED CARE,"a reduction on 31 March 2022 when 51 patients who to wait longer than six weeks. The total number of diagnostic test under taken though decreased by 4.6% from 2022–23 activity at 3,736 compared to 3,915 diagnostic test…",29,UNSCHEDULED CARE,Strategy / narrative,False
Shetland-2022-2023:p0029_001,-5.840181,-3.5193567,UNSCHEDULED CARE,"2021–22, ten patients’ treatment-time wait exceeded the target. A principal factor behind the non-compliance was access to diagnostic services provided by NHS Grampian, which is working to improve patient flow in this p…",29,UNSCHEDULED CARE,Clinical performance,False
Shetland-2022-2023:p0030_000,-5.3860283,-3.1898174,UNSCHEDULED CARE,"for newly diagnosed primary cancers While overall the Board continues to have some of the best access-target performance across Scotland, we recognise that we will continue to experience risks in sustaining performance,…",30,UNSCHEDULED CARE,Governance,False
Shetland-2022-2023:p0030_001,-5.725156,-3.0442295,UNSCHEDULED CARE,"places every two years. The latest survey was published in May 2022 on the Public Health Scotland website. In Shetland 3,587 survey forms were issued with 1,197 responses. This response rate at 33.4% was higher than the…",30,UNSCHEDULED CARE,Strategy / narrative,False
Shetland-2022-2023:p0031_000,-5.8128686,-2.7666624,FIGURE 13—EXTRACT FROM HEALTH AND CARE EXPERIENCE REPORT PUBLISHED BY PUBLIC,Health Scotland showing “Most positive and negative experience ratings” related to GP Services NHS Shetland is directly responsible for operating eight out of the ten local practices. There are currently a number of vac…,31,FIGURE 13—EXTRACT FROM HEALTH AND CARE EXPERIENCE REPORT PUBLISHED BY PUBLIC,Strategy / narrative,False
Shetland-2022-2023:p0032_000,-5.7029777,-2.8740373,FIGURE 13—EXTRACT FROM HEALTH AND CARE EXPERIENCE REPORT PUBLISHED BY PUBLIC,"their housing, transport, and employment; and health and wellbeing, focused on topics such as physical and mental health, and habits around alcohol, physical activity, and food choices. All the information collected was…",32,FIGURE 13—EXTRACT FROM HEALTH AND CARE EXPERIENCE REPORT PUBLISHED BY PUBLIC,Strategy / narrative,False
Shetland-2022-2023:p0032_001,-5.0609674,-3.011244,FIGURE 13—EXTRACT FROM HEALTH AND CARE EXPERIENCE REPORT PUBLISHED BY PUBLIC,also the team that analysed a huge amount of data to produce such a useful resource”. - Establishing a dedicated vaccination team Figure 14—Photos showing clinical and administrative members of the new dedicated vaccina…,32,FIGURE 13—EXTRACT FROM HEALTH AND CARE EXPERIENCE REPORT PUBLISHED BY PUBLIC,Clinical performance,False
Shetland-2022-2023:p0032_002,-5.027038,-3.059909,FIGURE 13—EXTRACT FROM HEALTH AND CARE EXPERIENCE REPORT PUBLISHED BY PUBLIC,"resulted in changes to the Test and Protect service. In July 2022, the Test and Protect Team began winding down after two years playing a central role in the management of the Covid-19 pandemic. Over 60 staff were invol…",32,FIGURE 13—EXTRACT FROM HEALTH AND CARE EXPERIENCE REPORT PUBLISHED BY PUBLIC,Strategy / narrative,False
Shetland-2022-2023:p0033_000,-5.917743,-2.7408204,FIGURE 13—EXTRACT FROM HEALTH AND CARE EXPERIENCE REPORT PUBLISHED BY PUBLIC,During 2022–23 the health improvement team continued their work across the length and breadth of Shetland to improve the health and wellbeing of individuals or communities. A key theme is enabling and encouraging health…,33,FIGURE 13—EXTRACT FROM HEALTH AND CARE EXPERIENCE REPORT PUBLISHED BY PUBLIC,Strategy / narrative,False
Shetland-2022-2023:p0033_001,-5.992687,-2.9246202,FIGURE 13—EXTRACT FROM HEALTH AND CARE EXPERIENCE REPORT PUBLISHED BY PUBLIC,and preventative services; strategic planning; collaborative working with community planning partnership and other partners. Health Improvement Team continued development of the Health Improvement Practitioner/Community…,33,FIGURE 13—EXTRACT FROM HEALTH AND CARE EXPERIENCE REPORT PUBLISHED BY PUBLIC,Strategy / narrative,False
Shetland-2022-2023:p0033_002,-4.114699,-2.1536252,FIGURE 13—EXTRACT FROM HEALTH AND CARE EXPERIENCE REPORT PUBLISHED BY PUBLIC,"Money Worries sessions were delivered locally in partnership with Citizens Advice Bureau, and we have gained commitment from the Integration Joint Board to consider the impact on inequality of any decisions taken by the…",33,FIGURE 13—EXTRACT FROM HEALTH AND CARE EXPERIENCE REPORT PUBLISHED BY PUBLIC,Governance,False
Shetland-2022-2023:p0034_000,-5.499237,-1.4837986,SUSTAINABILITY AND ENVIRONMENTAL REPORTING,by Healthcare Improvement Scotland team. Sustainability and Environmental Reporting The Climate Change (Scotland) Act 2009 originally set out measures adopted by the Scottish Government to reduce emissions in Scotland b…,34,SUSTAINABILITY AND ENVIRONMENTAL REPORTING,Strategy / narrative,False
Shetland-2022-2023:p0034_001,-5.462657,-1.71122,SUSTAINABILITY AND ENVIRONMENTAL REPORTING,annually and superseding the prior requirement for public bodies to publish individual sustainability reports. Further information on the Scottish Government’s approach can be found in the Climate Change Plan 2018-2032…,34,SUSTAINABILITY AND ENVIRONMENTAL REPORTING,Strategy / narrative,False
Shetland-2022-2023:p0034_002,-5.601135,-1.5987042,SUSTAINABILITY AND ENVIRONMENTAL REPORTING,NHS Scotland Climate Change Adaptation Assessment Tool to assess the risks and produce an Adaptation Action Plan. This created our Climate Change Risk Assessment submission to Scottish Government. The Board is committed…,34,SUSTAINABILITY AND ENVIRONMENTAL REPORTING,Governance,False
Shetland-2022-2023:p0035_000,-5.650829,-1.4594582,SUSTAINABILITY AND ENVIRONMENTAL REPORTING,target for 20% reduction in patient travel emissions by 2030 when accessing health services through: o reducing patients travel flights off-island via repatriation schemes; o increasing the number of appointments using…,35,SUSTAINABILITY AND ENVIRONMENTAL REPORTING,Clinical performance,False
Shetland-2022-2023:p0035_001,-5.6325045,-1.421015,SUSTAINABILITY AND ENVIRONMENTAL REPORTING,of our light commercial vehicles. This alongside staff travel off island also benefiting from the modernisation of Loganair airplanes to ATR-72 will also have met nationally set target for 20% reduction in staff travel…,35,SUSTAINABILITY AND ENVIRONMENTAL REPORTING,Strategy / narrative,False
Shetland-2022-2023:p0035_002,-5.6031237,-1.402199,SUSTAINABILITY AND ENVIRONMENTAL REPORTING,significant primary next step on our journey to net zero. In respect of the Board’s target to net zero emissions in our pooled fleet our plan is to have 93% of vehicles able to run on electricity by 31 March 2024 and 10…,35,SUSTAINABILITY AND ENVIRONMENTAL REPORTING,Governance,False
Shetland-2022-2023:p0036_000,-6.3410344,-2.6756058,SUSTAINABILITY AND ENVIRONMENTAL REPORTING,"Shetland during 2022–23 Re-establishing and improving services - Managed Clinical Networks In April 2022, two Managed Clinical Networks (MCNs) were launched, following the appointment of a fixed-term MCN Co-ordinator ba…",36,SUSTAINABILITY AND ENVIRONMENTAL REPORTING,Clinical performance,False
Shetland-2022-2023:p0036_001,-6.3586073,-2.6904497,SUSTAINABILITY AND ENVIRONMENTAL REPORTING,"with heart disease to regain and maintain a good quality of life, addressing not just the medical toll of their illness, but also the mental and emotional burden. The CR service had been comprehensively reviewed pre-pan…",36,SUSTAINABILITY AND ENVIRONMENTAL REPORTING,Strategy / narrative,False
Shetland-2022-2023:p0037_000,-6.386807,-2.439144,SUSTAINABILITY AND ENVIRONMENTAL REPORTING,supporting someone struggling with their own mental health and wellbeing. - New Repatriation of Services in 2022–23 The medical imaging service started two new projects that maximised the skills and equipment available…,37,SUSTAINABILITY AND ENVIRONMENTAL REPORTING,Strategy / narrative,False
Shetland-2022-2023:p0037_001,-6.2528114,-2.2815323,SUSTAINABILITY AND ENVIRONMENTAL REPORTING,offer a wider range of CT based diagnostic tests in Shetland. The patient benefits include improved access and reduced need to travel out with Shetland for most common cardiac investigations. It has taken 18 months to d…,37,SUSTAINABILITY AND ENVIRONMENTAL REPORTING,Clinical performance,False
Shetland-2022-2023:p0037_002,-6.037805,-2.0933857,SUSTAINABILITY AND ENVIRONMENTAL REPORTING,"increased capacity to address health inequalities, a greater ability to meet current and future demand, and an aim to make infrastructure compliant with sustainability and patient dignity requirements. - Excellence in C…",37,SUSTAINABILITY AND ENVIRONMENTAL REPORTING,Clinical performance,False
Shetland-2022-2023:p0038_000,-6.0531535,-2.2885737,SUSTAINABILITY AND ENVIRONMENTAL REPORTING,really shone through was the focus on putting the patient and their families at the centre of care and how that had such a positive impact on the quality of the patients’ experience and the quality of their care”. - Cel…,38,SUSTAINABILITY AND ENVIRONMENTAL REPORTING,Clinical performance,False
Shetland-2022-2023:p0038_001,-5.9060464,-2.4632,SUSTAINABILITY AND ENVIRONMENTAL REPORTING,"of areas including anaesthetics, surgery, and post-anaesthetic recovery. Advanced Nurse Practitioner Jane Astles and Chief Midwife Jacquie Whitaker were two of the first practitioners in Scotland complete a PgCert in Ad…",38,SUSTAINABILITY AND ENVIRONMENTAL REPORTING,Strategy / narrative,False
Shetland-2022-2023:p0039_000,-5.6497965,-2.4864836,SUSTAINABILITY AND ENVIRONMENTAL REPORTING,"- New benches outside the Servery Figure 17—Photo of staff members resting on new benches outside the Servery In May 2022 as part of our staff wellbeing actions, NHS Shetland was delighted to take delivery of the superb…",39,SUSTAINABILITY AND ENVIRONMENTAL REPORTING,Strategy / narrative,False
Shetland-2022-2023:p0040_000,-5.698456,-2.079849,ARTIST STUART PEARSON WRIGHT PAINTED A BEAUTIFUL PORTRAIT OF SHETLAND KNITTER HARRIET,"- MRI fundraiser Harriet Middleton’s portrait revealed Artist Stuart Pearson Wright painted a beautiful portrait of Shetland knitter Harriet Middleton for the BBC’s Extraordinary Portrait television programme, to honour…",40,ARTIST STUART PEARSON WRIGHT PAINTED A BEAUTIFUL PORTRAIT OF SHETLAND KNITTER HARRIET,Strategy / narrative,False
Shetland-2022-2023:p0041_000,-5.415182,-2.0547953,23 JUNE 2023,"Minister for Scotland, Humza Yousaf and Deputy Chief Medical Officer Professor Graham Ellis visited NHS Shetland. Mr. Yousaf and Professor Ellis visited a variety of locations and met with many members of staff and mana…",41,23 JUNE 2023,Strategy / narrative,False
Shetland-2022-2023:p0042_000,-2.984563,-1.8943406,ACCOUNTABILITY REPORT,Corporate Governance Report Directors’ Report - Date of Issue The Accountable Officer authorised these audited financial statements for issue on 23 June 2023 following approval by the Board on 22 June 2023. - Appointmen…,42,ACCOUNTABILITY REPORT,Financial narrative,False
Shetland-2022-2023:p0043_000,-2.8292336,-1.5007434,POSITION HELD,"Stakeholder Non-Executive Board Position Held Members Amanda McDermott Chair, Area Clinical Forum Ian Sandilands [until 5 June 2022] Employee Director Bruce McCulloch [from 6 June 2022] Employee Director Under the terms…",43,POSITION HELD,Governance,False
Shetland-2022-2023:p0043_001,-2.7926586,-1.4819591,POSITION HELD,a statement following this report. The terms “Board Members” and “Directors” are interchangeable in this report. The names and positions of the Board Members are set out above. The Chief Executive has resigned from his…,43,POSITION HELD,Governance,False
Shetland-2022-2023:p0043_002,-2.620756,-1.1970803,POSITION HELD,". All Directors appointed by the Cabinet Secretary (shown in the remuneration report ) are also Trustees of the NHS Shetland Endowment Fund, which are consolidated into these accounts. Directors’ third party indemnity p…",43,POSITION HELD,Financial narrative,False
Shetland-2022-2023:p0044_000,-3.2301114,-2.5095513,POSITION HELD,"The value of land owned by the Board is included at current market value, with details provided in Note 7.a . - Public Services Reform (Scotland) Act 2010 Sections 31 and 32 of the Public Services Reform (Scotland) Act…",44,POSITION HELD,Governance,False
Shetland-2022-2023:p0044_001,-3.0047045,-2.6707318,POSITION HELD,"awareness of, and response to, the requirements of the Data Protection Act 2018. The ICO concluded that no further action was necessary in all 12 cases. They made recommendations for improvements to procedures and, in c…",44,POSITION HELD,Strategy / narrative,False
Shetland-2022-2023:p0045_000,-1.4231924,-1.9208134,THE STATEMENT OF ACCOUNTABLE OFFICER’S RESPONSIBILITIES,"Under Section 15 of the Public Finance and Accountability (Scotland) Act, 2000, The Principal Accountable Officer of the Scottish Government has appointed me as Accountable Officer of Shetland NHS Board. This designatio…",45,THE STATEMENT OF ACCOUNTABLE OFFICER’S RESPONSIBILITIES,Financial narrative,False
Shetland-2022-2023:p0045_001,-1.2747575,-2.077795,THE STATEMENT OF ACCOUNTABLE OFFICER’S RESPONSIBILITIES,"been followed and disclose and explain any material departures; - prepare the financial statements on a going concern basis; I confirm that the Annual Report and Accounts as a whole are fair, balanced and reasonable and…",45,THE STATEMENT OF ACCOUNTABLE OFFICER’S RESPONSIBILITIES,Financial narrative,False
Shetland-2022-2023:p0046_000,-1.6544424,-1.8968903,THE STATEMENT OF ACCOUNTABLE OFFICER’S RESPONSIBILITIES,"Under the National Health Service (Scotland) Act 1978, the Health Board is required to prepare financial statements in accordance with the directions of Scottish Ministers which require that those financial statements g…",46,THE STATEMENT OF ACCOUNTABLE OFFICER’S RESPONSIBILITIES,Financial narrative,False
Shetland-2022-2023:p0046_001,-1.5546131,-1.8254287,THE STATEMENT OF ACCOUNTABLE OFFICER’S RESPONSIBILITIES,"that the Board will continue to operate. The Health Board Members are responsible for ensuring that proper accounting records are maintained which disclose, with reasonable accuracy at any time, the financial position o…",46,THE STATEMENT OF ACCOUNTABLE OFFICER’S RESPONSIBILITIES,Financial narrative,False
Shetland-2022-2023:p0047_000,-3.4975622,-2.0371614,GOVERNANCE STATEMENT,Scope of Responsibility As Accountable Officer I am responsible for maintaining an adequate and effective system of internal control that supports compliance with NHS Shetland’s policies and promotes achievement of NHS…,47,GOVERNANCE STATEMENT,Governance,False
Shetland-2022-2023:p0047_001,-3.4542856,-2.0068498,GOVERNANCE STATEMENT,there was only one other formal external review undertaken with ICO under taking a review of all Health Boards in Scotland Information Governance compliance. An action plan was approved to address issues the report high…,47,GOVERNANCE STATEMENT,Governance,False
Shetland-2022-2023:p0047_002,-3.6241715,-1.4380658,GOVERNANCE STATEMENT,Finance Manual (SPFM) and supplementary NHS guidance and has been in place for the year and up to the date of approval of the Annual Report and Accounts. The SPFM is issued by the Scottish Ministers to provide guidance…,47,GOVERNANCE STATEMENT,Financial narrative,False
Shetland-2022-2023:table_p0048,8.569255,0.1765181,GOVERNANCE STATEMENT,Financial table on page 48 (Unknown) Contains 32 line items across 1 columns. Column headers: sustainablelocalhealthservice;. Row labels: 4providebestvalueforresourcesanddeliverfinancialbalance;and; 5ensuresufficientorg…,48,GOVERNANCE STATEMENT,Financial table,False
Shetland-2022-2023:p0049_000,-2.9691246,-1.6303335,GOVERNANCE STATEMENT,"At each normal public Board meeting the Board fulfils its performance management role by receiving and scrutinising reports on the Quality Strategy (this includes patient experience feedback), Service Performance (inclu…",49,GOVERNANCE STATEMENT,Governance,False
Shetland-2022-2023:p0050_000,-2.9337707,-1.7319492,GOVERNANCE STATEMENT,2022–23 saw some turnover in non-executive directors has outlined in the Board membership table above. There has been a review and updating of some committee membership. Further information on changes can be found on th…,50,GOVERNANCE STATEMENT,Governance,False
Shetland-2022-2023:p0050_001,-3.1364129,-1.9102886,GOVERNANCE STATEMENT,chaired by Colin Campbell. The committee’s primary function is to provide the Board with assurance that adequate control systems are in place to manage governance effectively. The committee met five times during 2022–23…,50,GOVERNANCE STATEMENT,Governance,False
Shetland-2022-2023:p0050_002,-3.122151,-1.615867,GOVERNANCE STATEMENT,There are seven management actions arising in these reports. Three of these are graded as high risk. The committee agrees the Annual Internal Audit plan and receives the Chief Internal Auditors Annual Report. In 2022–23…,50,GOVERNANCE STATEMENT,Governance,False
Shetland-2022-2023:table_p0051,9.120106,0.9520976,GOVERNANCE STATEMENT,Financial table on page 51 (Property) Contains 3 line items across 2 columns. Column headers: • | Board’ssustainabilityplan. Row labels: •; •; •. Key items: • | InformationGovernance; • | DigitalandCyberSecurity; • | Bu…,51,GOVERNANCE STATEMENT,Financial table,False
Shetland-2022-2023:p0052_000,-2.8874686,-1.5329095,GOVERNANCE STATEMENT,The management action plan to address statutory and mandatory training issues highlighted in the Internal Audit report is being monitored by Staff Governance Committee. - Reference Committee The Board has a Reference Co…,52,GOVERNANCE STATEMENT,Governance,False
Shetland-2022-2023:p0052_001,-3.874938,-2.4410827,GOVERNANCE STATEMENT,chaired by the Vice Chair. Risk and Control Framework As Accountable Officer I also have responsibility for reviewing the effectiveness of the system of internal control and accountable to the Board for the effective ma…,52,GOVERNANCE STATEMENT,Governance,False
Shetland-2022-2023:p0052_002,-3.9785268,-2.6275325,GOVERNANCE STATEMENT,"(23 August 2021), and HM Government and the SPFM ‘Risk Management—Good Practice in the Scottish Public Sector’ (2018, Scottish Government). As Chief Executive I ensure there is suitable review and management of strategi…",52,GOVERNANCE STATEMENT,Governance,False
Shetland-2022-2023:p0053_000,-3.865865,-2.5905268,FIGURE 21—DIAGRAM SHOWING RISK REGISTER HIERARCHY,The work of the RMG is now overseen by the Audit and Risk Committee with individual corporate risks allocated to the relevant committee as outlined below in Figure 22. Overall oversight is maintained by the Board. Figur…,53,FIGURE 21—DIAGRAM SHOWING RISK REGISTER HIERARCHY,Governance,False
Shetland-2022-2023:p0054_000,-4.5418653,-3.0355945,FIGURE 21—DIAGRAM SHOWING RISK REGISTER HIERARCHY,"includes both issues the Board has full autonomy overall and external factors. More generally, the Board is committed to continuous development and improvement; developing systems in response to any relevant reviews; an…",54,FIGURE 21—DIAGRAM SHOWING RISK REGISTER HIERARCHY,Governance,False
Shetland-2022-2023:p0054_001,-3.6882374,-2.2269423,FIGURE 21—DIAGRAM SHOWING RISK REGISTER HIERARCHY,"in partnership with the IJB, SIC, Scottish Ambulance Service, NHS Grampian, NHS National Shared Services, Up Helly Aa committees and local volunteer groups to ensure the health and wellbeing of the Shetland population w…",54,FIGURE 21—DIAGRAM SHOWING RISK REGISTER HIERARCHY,Strategy / narrative,False
Shetland-2022-2023:p0054_002,-3.5754573,-2.2455428,FIGURE 21—DIAGRAM SHOWING RISK REGISTER HIERARCHY,operating effectiveness of controls in order to meet the stated control objectives rather than indicating that the underlying transactions are necessarily incorrectly processed. An adverse opinion would occur where cont…,54,FIGURE 21—DIAGRAM SHOWING RISK REGISTER HIERARCHY,Strategy / narrative,False
Shetland-2022-2023:p0055_000,-3.231573,-2.4128737,FIGURE 21—DIAGRAM SHOWING RISK REGISTER HIERARCHY,"NHS Shetland whistleblowing policy is NHS Scotland national whistleblowing standard. In February 2020, the Scottish Government appointed an additional non-executive to the Board who is the Board’s Whistleblowing Champio…",55,FIGURE 21—DIAGRAM SHOWING RISK REGISTER HIERARCHY,Governance,False
Shetland-2022-2023:p0055_001,-3.4680474,-2.7883625,FIGURE 21—DIAGRAM SHOWING RISK REGISTER HIERARCHY,"respect of fraud training, 145 members of staff completed CFS on-line training in Turas in year. At 31 March 2023, 622 members of staff have a valid completion certificate. In addition staff have also completed Procurem…",55,FIGURE 21—DIAGRAM SHOWING RISK REGISTER HIERARCHY,Strategy / narrative,False
Shetland-2022-2023:p0055_002,-3.5208273,-2.684403,FIGURE 21—DIAGRAM SHOWING RISK REGISTER HIERARCHY,"Records (Scotland) Act 2011 and Network & Information Systems Regulations 2018 . The operational delivery of these issues is scrutinized by Information Governance Sub Group (IGSG) that includes the DPO, Caldecott Guardi…",55,FIGURE 21—DIAGRAM SHOWING RISK REGISTER HIERARCHY,Governance,False
Shetland-2022-2023:p0056_000,-3.3253188,-2.734388,FIGURE 21—DIAGRAM SHOWING RISK REGISTER HIERARCHY,"staff to ensure they understand their responsibilities. During 2022–23 there were five incidents (2021–22, seven) reported to the Information Commissioners Office. These cases have all been closed as the ICO concluded t…",56,FIGURE 21—DIAGRAM SHOWING RISK REGISTER HIERARCHY,Strategy / narrative,False
Shetland-2022-2023:p0056_001,-3.3751326,-2.6545858,FIGURE 21—DIAGRAM SHOWING RISK REGISTER HIERARCHY,protection compliance. The audit has identified only limited scope for improvement in existing arrangements and as such it is not anticipated that significant further action is required to reduce the risk of non-complia…,56,FIGURE 21—DIAGRAM SHOWING RISK REGISTER HIERARCHY,Governance,False
Shetland-2022-2023:p0057_000,-3.587986,-1.8925385,BEST VALUE,I can confirm that NHS Shetland is committed to ensuring that its activities are undertaken in a manner that will secure best value in the use of public funds in line with the arrangements set out in the SPFM. The Board…,57,BEST VALUE,Governance,False
Shetland-2022-2023:p0057_001,-3.2408583,-2.102157,BEST VALUE,out in the guidance issued by the SGHSCD to Chief Executives as being applicable to NHS Boards. This includes ensuring self-evaluation and KPIs are in place to identify and address the development needs of Executive and…,57,BEST VALUE,Strategy / narrative,False
Shetland-2022-2023:p0057_002,-3.3050625,-2.1909049,BEST VALUE,"their management letters and reports; - and the work of the service auditors in relation to the control frameworks operated by the following, which are reported through the Annual Service Audit Reports: ▪ Practitioner a…",57,BEST VALUE,Governance,False
Shetland-2022-2023:p0058_000,-3.5106685,-2.121982,BEST VALUE,"The ultimate test of the effectiveness of this system is the extent to which the Board achieves its corporate objectives. As described above, progress against these objectives is monitored by regular performance reports…",58,BEST VALUE,Governance,False
Shetland-2022-2023:p0058_001,-3.6683118,-1.5598007,BEST VALUE,CGC and RMG. Appropriate action is in place to address weaknesses and ensure continuous improvement of the system is in place. Significant Governance Issues During the financial year there were no other significant cont…,58,BEST VALUE,Financial narrative,False
Shetland-2022-2023:p0058_002,-3.9413404,-1.6628172,BEST VALUE,in partnership with NHS Grampian to comply with our disclosure requirements NHS Shetland acknowledges that we retains the responsibility for ensuring these are produced in-line with our obligations. 2. The NHS Scotland’…,58,BEST VALUE,Strategy / narrative,False
Shetland-2022-2023:p0059_000,-2.5327537,-0.994951,REMUNERATION AND STAFF REPORT,"Remuneration Report - Board Members’ and Senior Employees’ Remuneration - Remuneration Committee membership (Unaudited) The members of the Remuneration Committee are the Chair and Vice-Chair of the Board, as well as the…",59,REMUNERATION AND STAFF REPORT,Governance,False
Shetland-2022-2023:p0059_001,-2.637951,-0.81925756,REMUNERATION AND STAFF REPORT,"annual objectives for the other Executive Directors, as well as staff on the Senior Manager pay scale. The Committee considers performance against objectives, as well as the remuneration of these staff, who are then rem…",59,REMUNERATION AND STAFF REPORT,Governance,False
Shetland-2022-2023:table_p0060,7.1528606,0.8723367,GROSS SALARY,"Financial table on page 60 (Staff Costs) Contains 15 line items across 5 columns. Column headers: Director | Director’sGrossSalary(bandsof£5,000) | TotalEarningsinYear | PensionBenefits | TotalRemuneration. Row labels:…",60,GROSS SALARY,Financial table,False
Shetland-2022-2023:table_p0061,7.212452,0.8128005,GROSS SALARY,"Financial table on page 61 (Staff Costs) Contains 10 line items across 5 columns. Column headers: Director | Director’sGrossSalary(bandsof£5,000) | TotalEarningsinYear | PensionBenefits | TotalRemuneration. Row labels:…",61,GROSS SALARY,Financial table,False
Shetland-2022-2023:p0062_000,-2.4794035,-0.8115115,GROSS SALARY,5. This Chair of the Area Clinical Forum salary includes £65k in respect of non-Board duties (Chief Nurse Acute). 6. This Employee Director’s salary includes £29k in respect of non-Board duties (Clinical Team Leader). T…,62,GROSS SALARY,Governance,False
Shetland-2022-2023:table_p0063,7.111358,0.73757684,GROSS SALARY,"Financial table on page 63 (Unknown) Contains 7 line items across 6 columns. Column headers: Director | Accruedpensionatage60asat31March2023(bandsof£5,000)[1] | RealIncreaseinPensionatage60(bandsof£2,500)[1] | CETVat31M…",63,GROSS SALARY,Financial table,False
Shetland-2022-2023:table_p0064,7.428834,0.59139997,31 MARCH,"Financial table on page 64 (Unknown) Contains 8 line items across 6 columns. Column headers: Director | Accruedpensionatage60asat31March2023(bandsof£5,000)[1] | RealIncreaseinPensionatage60(bandsof£2,500)[1] | CETVat31M…",64,31 MARCH,Financial table,False
Shetland-2022-2023:table_p0065,7.3377414,0.7626053,31 MARCH,"Financial table on page 65 (Staff Costs) Contains 7 line items across 6 columns. Column headers: Director | Director’sGrossSalary(bandsof£5,000) | BenefitsinKind | TotalEarningsinYear | PensionBenefits | TotalRemunerati…",65,31 MARCH,Financial table,False
Shetland-2022-2023:table_p0066,7.289989,0.95285887,31 MARCH,"Financial table on page 66 (Staff Costs) Contains 9 line items across 6 columns. Column headers: Director | Director’sGrossSalary(bandsof£5,000) | Benefitsinkind | TotalEarningsinYear | PensionBenefits | TotalRemunerati…",66,31 MARCH,Financial table,False
Shetland-2022-2023:table_p0067,7.457686,0.7573163,31 MARCH,"Financial table on page 67 (Staff Costs) Contains 6 line items across 6 columns. Column headers: Director | Director’sGrossSalary(bandsof£5,000) | Benefitsinkind | TotalEarningsinYear | PensionBenefits | TotalRemunerati…",67,31 MARCH,Financial table,False
Shetland-2022-2023:table_p0068,7.2729945,0.6557489,31 MARCH,"Financial table on page 68 (Unknown) Contains 7 line items across 6 columns. Column headers: Director | Accruedpensionatage60asat31March2022(bandsof£5,000)[2] | RealIncreaseinPensionatage60(bandsof£2,500)[2] | CETVat31M…",68,31 MARCH,Financial table,False
Shetland-2022-2023:table_p0069,7.461298,0.6319822,31 MARCH,"Financial table on page 69 (Unknown) Contains 7 line items across 6 columns. Column headers: Director | Accruedpensionatage60asat31March2022(bandsof£5,000)[2] | RealIncreaseinPensionatage60(bandsof£2,500)[2] | CETVat31M…",69,31 MARCH,Financial table,False
Shetland-2022-2023:p0070_000,-2.5054069,-0.5406549,31 MARCH,The following table compares the banded remuneration of the highest paid Director against the median salary for the workforce in each year. 2023 2022 Change £s % Range of staff remuneration 22-328 21–355 (8%) Highest ea…,70,31 MARCH,Governance,False
Shetland-2022-2023:p0070_001,-2.5557907,-0.096912935,31 MARCH,in elective care. This project came to an end in June 2022. The increase in the current year’s remuneration compared to the previous year is in line with the NHS Scotland pay award for 2022–23. The remuneration figures…,70,31 MARCH,Governance,False
Shetland-2022-2023:table_p0071,7.986286,0.9378465,STAFF REPORT,"Financial table on page 71 (Staff Costs) Contains 12 line items across 3 columns. Row labels: 2023; Number; 12; 10. Key items: 2023 | 2022; Number | Number; 12 | £70,001to£80,000 | 8; 10 | £80,001to£90,000 | 10. Table (…",71,STAFF REPORT,Financial table,False
Shetland-2022-2023:table_p0072,7.399731,0.8022978,STAFF REPORT,Financial table on page 72 (Staff Costs) Contains 8 line items across 7 columns. Column headers: | Salariesandwages | Socialsecuritycosts | NHSschemeemployers’costs | Inwardsecondees | Agencyandotherdirectlyengagedstaff…,72,STAFF REPORT,Financial table,False
Shetland-2022-2023:p0073_000,-2.567785,-0.022161078,WHOLE TIME EQUIVALENT,Whole Time Equivalent Executive Board Members 6 Non-Executive Members 2 Permanent staff 646 Inward Secondees 0 Other Staff 0 Outward Secondees 0 2023 total 654 Included in the total staff numbers above 0 were staff enga…,73,WHOLE TIME EQUIVALENT,Governance,False
Shetland-2022-2023:table_p0074,7.180971,0.9923129,HEAD COUNT OF STAFF,Financial table on page 74 (Unknown) Contains 7 line items across 7 columns. Row labels: HeadCountofStaff; ExecutiveDirectors; Non-ExecutiveDirectorsandEmployeeDirector; SeniorEmployees. Key items: HeadCountofStaff | 20…,74,HEAD COUNT OF STAFF,Financial table,False
Shetland-2022-2023:p0075_000,-1.636283,-2.5842326,THE TRADE UNION (FACILITY TIME PUBLICATION REQUIREMENTS) REGULATIONS 2017 CAME,- Exit packages (Audited Information) None in 2022–23 or prior year. - The Trade Union (Facility Time Publication Requirements) Regulations 2017 (Unaudited Information) The Trade Union (Facility Time Publication Require…,75,THE TRADE UNION (FACILITY TIME PUBLICATION REQUIREMENTS) REGULATIONS 2017 CAME,Strategy / narrative,False
Shetland-2022-2023:p0076_000,-4.6448374,-2.0549912,THE TRADE UNION (FACILITY TIME PUBLICATION REQUIREMENTS) REGULATIONS 2017 CAME,The significant increase in 2022–23 was due to the number of Covid-19 temporary contracts ending during the year. Staff turnover is calculated as follows and has remained reasonably consistent year- on-year: - Total num…,76,THE TRADE UNION (FACILITY TIME PUBLICATION REQUIREMENTS) REGULATIONS 2017 CAME,Strategy / narrative,False
Shetland-2022-2023:p0076_001,-1.7233429,-2.5428,THE TRADE UNION (FACILITY TIME PUBLICATION REQUIREMENTS) REGULATIONS 2017 CAME,"understand and improve staff experience. This is a term used to describe the extent to which employees feel motivated, supported, and cared for at work. It is reflected in levels of engagement, motivation and productivi…",76,THE TRADE UNION (FACILITY TIME PUBLICATION REQUIREMENTS) REGULATIONS 2017 CAME,Strategy / narrative,False
Shetland-2022-2023:p0076_002,-1.7293907,-2.5746384,THE TRADE UNION (FACILITY TIME PUBLICATION REQUIREMENTS) REGULATIONS 2017 CAME,"contract RM6100, at a cost of £73k, to support the Board in developing a financial sustainability plan for 2023–24 and beyond. - Other Employee Matters (Unaudited Information) The Board has policies and procedures in pl…",76,THE TRADE UNION (FACILITY TIME PUBLICATION REQUIREMENTS) REGULATIONS 2017 CAME,Financial narrative,False
Shetland-2022-2023:p0077_000,-2.8163612,-2.256044,THE TRADE UNION (FACILITY TIME PUBLICATION REQUIREMENTS) REGULATIONS 2017 CAME,"Bullying and Harassment’, ‘Work Life Balance’ and ‘Health and Safety’. You can find the relevant documentation on NHS Shetland’s external website . - Parliamentary Accountability Report (Audited Information) There are n…",77,THE TRADE UNION (FACILITY TIME PUBLICATION REQUIREMENTS) REGULATIONS 2017 CAME,Governance,False
Shetland-2022-2023:p0078_000,-1.161478,-2.1444612,THE TRADE UNION (FACILITY TIME PUBLICATION REQUIREMENTS) REGULATIONS 2017 CAME,"Independent auditor’s report to the members of NHS Shetland, the Auditor General for Scotland and the Scottish Parliament Reporting on the audit of the financial statements Opinion on financial statements I have audited…",78,THE TRADE UNION (FACILITY TIME PUBLICATION REQUIREMENTS) REGULATIONS 2017 CAME,Financial narrative,False
Shetland-2022-2023:p0078_001,-1.2722073,-2.4018137,THE TRADE UNION (FACILITY TIME PUBLICATION REQUIREMENTS) REGULATIONS 2017 CAME,financial statements: - give a true and fair view of the state of the affairs of the board and its group as at 31 March 2023 and of the net expenditure for the year then ended; - have been properly prepared in accordanc…,78,THE TRADE UNION (FACILITY TIME PUBLICATION REQUIREMENTS) REGULATIONS 2017 CAME,Financial narrative,False
Shetland-2022-2023:p0078_002,-1.232503,-2.4923487,THE TRADE UNION (FACILITY TIME PUBLICATION REQUIREMENTS) REGULATIONS 2017 CAME,"appointed by the Auditor General on 2 December 2022. My period of appointment is five years, covering 2022–23 to 2026/27. I am independent of the board and its group in accordance with the ethical requirements that are…",78,THE TRADE UNION (FACILITY TIME PUBLICATION REQUIREMENTS) REGULATIONS 2017 CAME,Financial narrative,False
Shetland-2022-2023:p0079_000,-1.0783353,-2.5083227,THE TRADE UNION (FACILITY TIME PUBLICATION REQUIREMENTS) REGULATIONS 2017 CAME,"I have concluded that the use of the going concern basis of accounting in the preparation of the financial statements is appropriate. Based on the work I have performed, I have not identified any material uncertainties…",79,THE TRADE UNION (FACILITY TIME PUBLICATION REQUIREMENTS) REGULATIONS 2017 CAME,Financial narrative,False
Shetland-2022-2023:p0079_001,-1.136103,-2.5318522,THE TRADE UNION (FACILITY TIME PUBLICATION REQUIREMENTS) REGULATIONS 2017 CAME,the most significant assessed risks of material misstatement that I identified and my judgement thereon. Responsibil i ties of the Accountable Officer for the financial statements As explained more fully in the Statemen…,79,THE TRADE UNION (FACILITY TIME PUBLICATION REQUIREMENTS) REGULATIONS 2017 CAME,Financial narrative,False
Shetland-2022-2023:p0079_002,-1.2128931,-2.689871,THE TRADE UNION (FACILITY TIME PUBLICATION REQUIREMENTS) REGULATIONS 2017 CAME,the board’s operations. Auditor’s responsibilities for the audit of the financial statements My objectives are to obtain reasonable assurance about whether the financial statements as a whole are free from material miss…,79,THE TRADE UNION (FACILITY TIME PUBLICATION REQUIREMENTS) REGULATIONS 2017 CAME,Financial narrative,False
Shetland-2022-2023:p0080_000,-1.14607,-2.6129339,THE TRADE UNION (FACILITY TIME PUBLICATION REQUIREMENTS) REGULATIONS 2017 CAME,Health Service (Scotland) Act 1978 and directions made thereunder by the Scottish Ministers are significant in the context of the board - inquiring of the Accountable Officer as to other laws or regulations that may be…,80,THE TRADE UNION (FACILITY TIME PUBLICATION REQUIREMENTS) REGULATIONS 2017 CAME,Governance,False
Shetland-2022-2023:p0080_001,-1.2152227,-2.643019,THE TRADE UNION (FACILITY TIME PUBLICATION REQUIREMENTS) REGULATIONS 2017 CAME,"nature, timing and extent of the audit procedures performed. Irregularities that result from fraud are inherently more difficult to detect than irregularities that result from error as fraud may involve collusion, inten…",80,THE TRADE UNION (FACILITY TIME PUBLICATION REQUIREMENTS) REGULATIONS 2017 CAME,Governance,False
Shetland-2022-2023:p0080_002,-1.2977291,-2.6065364,THE TRADE UNION (FACILITY TIME PUBLICATION REQUIREMENTS) REGULATIONS 2017 CAME,incurred or applied in accordance with any applicable enactments and guidance issued by the Scottish Ministers. Responsibilities for regularity The Accountable Officer is responsible for ensuring the regularity of expen…,80,THE TRADE UNION (FACILITY TIME PUBLICATION REQUIREMENTS) REGULATIONS 2017 CAME,Strategy / narrative,False
Shetland-2022-2023:p0081_000,-1.0524616,-2.3585222,THE REMUNERATION AND STAFF REPORT,"Opinion prescribed by the Auditor General for Scotland on the audited parts of the Remuneration and Staff Report I have audited the parts of the Remuneration and Staff Report described as audited. In my opinion, the aud…",81,THE REMUNERATION AND STAFF REPORT,Governance,False
Shetland-2022-2023:p0081_001,-1.0221612,-2.211899,THE REMUNERATION AND STAFF REPORT,"or otherwise appears to be materially misstated. If I identify such material inconsistencies or apparent material misstatements, I am required to determine whether this gives rise to a material misstatement in the finan…",81,THE REMUNERATION AND STAFF REPORT,Governance,False
Shetland-2022-2023:p0081_002,-1.2243692,-2.0818114,THE REMUNERATION AND STAFF REPORT,based on the work undertaken in the course of the audit: - the information given in the Performance Overview Report and Performance Analysis Report for the financial year for which the financial statements are prepared…,81,THE REMUNERATION AND STAFF REPORT,Financial narrative,False
Shetland-2022-2023:p0082_000,-1.0587038,-2.113041,THE REMUNERATION AND STAFF REPORT,"I am required by the Auditor General for Scotland to report to you if, in my opinion: - adequate accounting records have not been kept; or - the financial statements and the audited parts of the Remuneration and Staff R…",82,THE REMUNERATION AND STAFF REPORT,Financial narrative,False
Shetland-2022-2023:table_p0083,8.66992,0.42127922,FINANCIAL STATEMENTS,"Financial table on page 83 (Income Statement) Contains 11 line items across 4 columns. Row labels: 2022; £000; 48,827; 3,321. Key items: 2022 | 2023; £000 | Note | £000; 48,827 | Staffcosts | 3a | 49,996; Otheroperating…",83,FINANCIAL STATEMENTS,Financial table,False
Shetland-2022-2023:table_p0084,9.495095,1.3176141,FINANCIAL STATEMENTS,"Financial table on page 84 (Balance Sheet) Contains 19 line items across 6 columns. Column headers: Consolidated | Board | | | Consolidated | Board. Row labels: 2022; £000; 33,990; 0. Key items: 2022 | 2022 | 2023 | 202…",84,FINANCIAL STATEMENTS,Financial table,False
Shetland-2022-2023:table_p0085,9.48039,1.1064993,FINANCIAL STATEMENTS,"Financial table on page 85 (Provisions) Contains 15 line items across 6 columns. Column headers: Consolidated | Board | | | Consolidated | Board. Row labels: 2022; £000; (17,136); 25,211. Key items: 2022 | 2022 | 2023 |…",85,FINANCIAL STATEMENTS,Financial table,False
Shetland-2022-2023:table_p0086,9.254448,0.2985852,31 MARCH 2023,"Financial table on page 86 (Cash Flow) Contains 20 line items across 5 columns. Row labels: 2022; £000; (86,108); 760. Key items: 2022 | 2023 | 2023; £000 | Note | £000 | £000; (86,108) | Netexpenditure | SoCTE(Summaryo…",86,31 MARCH 2023,Financial table,False
Shetland-2022-2023:table_p0087,9.241811,0.42563564,31 MARCH 2023,"Financial table on page 87 (Cash Flow) Contains 9 line items across 5 columns. Row labels: 2022; £000; 251; 1,555; 1,806. Key items: 2022 | 2023 | 2023; £000 | Note | £000 | £000; 251 | NetIncreaseincashandcashequivalen…",87,31 MARCH 2023,Financial table,False
Shetland-2022-2023:table_p0088,8.951631,0.18240663,FINANCIAL STATEMENTS,Financial table on page 88 (Income Statement) Contains 11 line items across 7 columns. Column headers: | | GeneralFund | RevaluationReserve | Otherreserve-associatesandjointventures | FundsHeldonTrust. Row labels: Balan…,88,FINANCIAL STATEMENTS,Financial table,False
Shetland-2022-2023:table_p0089,8.971254,0.23384228,FINANCIAL STATEMENTS,Financial table on page 89 (Unknown) Contains 6 line items across 7 columns. Column headers: | | GeneralFund | RevaluationReserve | Otherreserve-associatesandjointventures | FundsHeldonTrust. Row labels: Balanceat1April…,89,FINANCIAL STATEMENTS,Financial table,False
Shetland-2022-2023:table_p0090,8.827126,0.139044,FINANCIAL STATEMENTS,Financial table on page 90 (Income Statement) Contains 9 line items across 7 columns. Column headers: | | GeneralFund | RevaluationReserve | Otherreserve-associatesandjointventures | FundsHeldonTrust. Row labels: Impair…,90,FINANCIAL STATEMENTS,Financial table,False
Shetland-2022-2023:p0091_000,-1.4620329,-1.6543112,FINANCIAL STATEMENTS,"Note 1—Accounting Policies Authority In accordance with the accounts direction issued by Scottish Ministers under section 19(4) of the Public Finance and Accountability (Scotland) Act 2000 appended, these financial stat…",91,FINANCIAL STATEMENTS,Financial narrative,False
Shetland-2022-2023:p0091_001,-1.4800302,-1.4890137,FINANCIAL STATEMENTS,"Adoption of new and revised Standards - Standards, amendments and interpretations effective in the current year IFRS16 is the new standard which has been issued and adopted for the year 2022– 2023. - Standards, amendmen…",91,FINANCIAL STATEMENTS,Financial narrative,False
Shetland-2022-2023:p0092_000,-1.7172084,-0.2636395,BASIS OF CONSOLIDATION,"Basis of Consolidation Consolidation In accordance with IFRS 10 — Consolidated Financial Statements, the financial statements consolidate the NHS Shetland",92,BASIS OF CONSOLIDATION,Financial narrative,False
Shetland-2022-2023:p0092_001,-1.7940809,-0.34818822,BASIS OF CONSOLIDATION,Endowment Funds and the IJB which are both considered material to NHS Shetland. NHS Endowment Funds were established by the NHS (Scotland) Act 1978. The legal framework under which charities operate in Scotland is the C…,92,BASIS OF CONSOLIDATION,Strategy / narrative,False
Shetland-2022-2023:p0092_003,-1.892345,-0.11841429,BASIS OF CONSOLIDATION,The IJB was formally constituted on 27 June 2015 under the Public Bodies (Joint Working) (Scotland) Act 2014. The basis of consolidation used is the equity method. Going Concern The going concern assumption remains appr…,92,BASIS OF CONSOLIDATION,Financial narrative,False
Shetland-2022-2023:p0093_000,-2.451172,1.0221031,BASIS OF CONSOLIDATION,Funding Most of the expenditure of the Health Board as Commissioner is met from funds advanced by the Scottish Government within an approved RRL. Cash drawn down to fund expenditure within this approved RRL is credited…,93,BASIS OF CONSOLIDATION,Financial narrative,False
Shetland-2022-2023:p0093_001,-2.217348,1.9022787,BASIS OF CONSOLIDATION,Non-discretionary expenditure is disclosed in the financial statements and deducted from operating costs charged against the RRL in the Statement of Resource Out-turn. Funding for the acquisition of capital assets recei…,93,BASIS OF CONSOLIDATION,Financial narrative,False
Shetland-2022-2023:p0093_002,-2.4824755,2.362867,BASIS OF CONSOLIDATION,"Ministers. Recognition Property, Plant and Equipment is capitalised where: it is held for use in delivering services or for administrative purposes; it is probable that future economic benefits will flow to, or service…",93,BASIS OF CONSOLIDATION,Strategy / narrative,False
Shetland-2022-2023:p0094_000,-2.601748,2.2488172,BASIS OF CONSOLIDATION,"2. In cases where a new hospital would face an exceptional write-off of items of equipment costing individually less than £5k, the Board has the option to capitalise initial revenue equipment costs with a standard life…",94,BASIS OF CONSOLIDATION,Governance,False
Shetland-2022-2023:p0094_001,-2.5625763,2.0394347,BASIS OF CONSOLIDATION,"follows: - Specialised NHS Land, buildings, equipment, installations and fittings are stated at depreciated replacement cost, as a proxy for fair value as specified in the FReM. - Non-specialised land and buildings, suc…",94,BASIS OF CONSOLIDATION,Strategy / narrative,False
Shetland-2022-2023:p0094_002,-2.5509682,2.1586459,BASIS OF CONSOLIDATION,"take place at 31 March 2026. Non-specialised equipment, installations and fittings are valued at fair value. Boards value such assets using the most appropriate valuation methodology available (for example, appropriate…",94,BASIS OF CONSOLIDATION,Strategy / narrative,False
Shetland-2022-2023:p0095_000,-2.3014312,2.394485,BASIS OF CONSOLIDATION,- Specialised operational assets are valued on a modified replacement cost basis to take account of modern substitute building materials and locality factors only. - Subsequent expenditure Subsequent expenditure is capi…,95,BASIS OF CONSOLIDATION,Financial narrative,False
Shetland-2022-2023:p0095_001,-2.4224153,2.5701067,BASIS OF CONSOLIDATION,which case they are recognised as income. Movements on revaluation are considered for individual assets rather than groups or land/buildings together. Permanent decreases in asset values and impairments are charged gros…,95,BASIS OF CONSOLIDATION,Financial narrative,False
Shetland-2022-2023:p0095_002,-2.537647,2.5750902,BASIS OF CONSOLIDATION,"the reclassification. 3. Buildings, Dwellings and fittings are depreciated on current value over the estimated remaining life of the asset, as advised by the appointed valuer. They are assessed in the context of the max…",95,BASIS OF CONSOLIDATION,Strategy / narrative,False
Shetland-2022-2023:p0096_000,-2.3816187,2.5179303,ASSET CATEGORY,Asset Category Component Useful Life Land Unlimited Buildings [*] Various As determined by valuer Dwellings As above Transport Equipment 5 to 15 years Plant and Machinery 5 to 15 Years IT 5 to 10 years Furniture and Fit…,96,ASSET CATEGORY,Strategy / narrative,False
Shetland-2022-2023:p0096_001,-2.2777581,2.569528,ASSET CATEGORY,they are capable of being used in a Board’s activities for more than one year and they have a cost of at least £5k. The main classes of intangible assets recognised are: - Software Software which is integral to the oper…,96,ASSET CATEGORY,Governance,False
Shetland-2022-2023:p0097_000,-2.2249858,2.4449081,ASSET CATEGORY,- Amortisation Intangible assets are amortised to their estimated residual value over their remaining useful economic lives in a manner consistent with the consumption of economic or service delivery benefits. All intan…,97,ASSET CATEGORY,Strategy / narrative,False
Shetland-2022-2023:p0097_001,-2.5813718,3.0029054,ASSET CATEGORY,"2022–23. - Sale of Property, plant and equipment, intangible assets and non-current assets held for sale Disposal of non-current assets is accounted for as a reduction to the value of assets equal to the net book value…",97,ASSET CATEGORY,Strategy / narrative,False
Shetland-2022-2023:p0098_000,-2.6417623,3.0416803,ASSET CATEGORY,"Contracts or parts of contract that are leases in substance are determined by evaluating whether they convey the right to control the use of an identified asset, as represented by rights both to obtain substantially all…",98,ASSET CATEGORY,Strategy / narrative,False
Shetland-2022-2023:p0098_001,-2.6901653,3.1016884,ASSET CATEGORY,"lease liability is measured at the present value of the payments for the remaining lease term (as defined above), net of irrecoverable value added tax, discounted either by the rate implicit in the lease, or, where this…",98,ASSET CATEGORY,Strategy / narrative,False
Shetland-2022-2023:p0098_002,-2.8048472,3.2085161,ASSET CATEGORY,"value model. The cost model is considered to be a reasonable proxy except for leases of land and property without regular rent reviews. For these leases, the asset is carried at a revalued amount. In these financial sta…",98,ASSET CATEGORY,Financial narrative,False
Shetland-2022-2023:table_p0099,8.758274,-0.017020151,ASSET CATEGORY,Financial table on page 99 (Balance Sheet) Contains 34 line items across 1 columns. Column headers: againsttheliabilityRentalpaymentsforleasesoflow-valueitemsorshorterthan. Row labels: twelvemonthsareexpensed; Transitio…,99,ASSET CATEGORY,Financial table,False
Shetland-2022-2023:p0100_000,-2.6445818,3.061424,ASSET CATEGORY,"non-lease component or components. This determination reflects prices for leases of the underlying asset, where these are observable; otherwise, it maximises the use of other observable data, including the fair values o…",100,ASSET CATEGORY,Strategy / narrative,False
Shetland-2022-2023:p0100_001,-2.6940591,3.1115324,ASSET CATEGORY,"lease in accordance with IFRS. The asset and liability are recognised at the inception of the lease, and are de- recognised when the liability is discharged, cancelled or expires. The minimum lease payments (annual rent…",100,ASSET CATEGORY,Strategy / narrative,False
Shetland-2022-2023:p0100_002,-2.638047,3.0357912,ASSET CATEGORY,regarded as operating leases and the rentals are charged to expenditure on a straight-line basis over the term of the lease. Operating lease incentives received are added to the lease rentals and charged to expenditure…,100,ASSET CATEGORY,Financial narrative,False
Shetland-2022-2023:p0101_000,-1.9215997,2.21909,GENERAL FUND RECEIVABLES AND PAYABLES,"the higher of an asset’s fair value less costs to sell, and value in use. Where an asset is not held for the purpose of generating cash flows, value in use is assumed to equal the cost of replacing the service potential…",101,GENERAL FUND RECEIVABLES AND PAYABLES,Strategy / narrative,False
Shetland-2022-2023:p0101_001,-2.4595423,0.8691615,GENERAL FUND RECEIVABLES AND PAYABLES,"general fund debited with the same amount to indicate that this cash is repayable to the SGHSCD. Where the Health Board has a net overdrawn cash position at the year-end, a corresponding debtor is created and the genera…",101,GENERAL FUND RECEIVABLES AND PAYABLES,Governance,False
Shetland-2022-2023:p0101_002,-2.6132479,0.5521363,GENERAL FUND RECEIVABLES AND PAYABLES,"which would have been made good through insurance cover had the NHS not been bearing its own risks. Had the NHS provided insurance cover, the insurance premiums would have been included as normal revenue expenditure. Sh…",101,GENERAL FUND RECEIVABLES AND PAYABLES,Financial narrative,False
Shetland-2022-2023:p0102_000,-2.61985,0.47223696,1 APRIL 2015 TO EXTEND THE RETIREMENT AGE TO THE STATE PENSION AGE AND TO CALCULATE,"1 April 2015 to extend the retirement age to the State Pension age and to calculate benefits on a career average re-valued earnings basis (CARE). The previous scheme was split in to two sections, 1995 and 2008, and any…",102,1 APRIL 2015 TO EXTEND THE RETIREMENT AGE TO THE STATE PENSION AGE AND TO CALCULATE,Strategy / narrative,False
Shetland-2022-2023:p0102_001,-2.629044,0.61560255,1 APRIL 2015 TO EXTEND THE RETIREMENT AGE TO THE STATE PENSION AGE AND TO CALCULATE,scheme at a later date. The Board is unable to identify its share of the underlying notional assets and liabilities of the scheme on a consistent and reasonable basis and therefore accounts for the scheme as if it were…,102,1 APRIL 2015 TO EXTEND THE RETIREMENT AGE TO THE STATE PENSION AGE AND TO CALCULATE,Financial narrative,False
Shetland-2022-2023:p0102_002,-2.7688785,0.7670478,1 APRIL 2015 TO EXTEND THE RETIREMENT AGE TO THE STATE PENSION AGE AND TO CALCULATE,by the scheme except where the retirement is due to ill-health. The full amount of the liability for the additional costs is charged to the Statement of Comprehensive Net Expenditure at the time the Board commits itself…,102,1 APRIL 2015 TO EXTEND THE RETIREMENT AGE TO THE STATE PENSION AGE AND TO CALCULATE,Financial narrative,False
Shetland-2022-2023:p0102_003,-2.7582777,1.0661027,1 APRIL 2015 TO EXTEND THE RETIREMENT AGE TO THE STATE PENSION AGE AND TO CALCULATE,as nil. The balance of the value of claims not provided for is disclosed as a contingent liability. This procedure is intended to estimate the amount considered to be the liability in respect of any claims outstanding a…,102,1 APRIL 2015 TO EXTEND THE RETIREMENT AGE TO THE STATE PENSION AGE AND TO CALCULATE,Strategy / narrative,False
Shetland-2022-2023:p0103_000,-2.5803828,1.0219989,RELATED PARTY TRANSACTIONS,NHS Shetland also provides for its liability from participating in the scheme. The Participation in CNORIS provision recognises the Board’s respective share of the total liability of NHS Scotland as advised by the Scott…,103,RELATED PARTY TRANSACTIONS,Governance,False
Shetland-2022-2023:p0103_001,-2.3634973,1.5527906,RELATED PARTY TRANSACTIONS,"is charged to the relevant expenditure category or included in the capitalised purchase cost of non-current assets. Where output tax is charged or input VAT is recoverable, the amounts are stated net of VAT. Provisions…",103,RELATED PARTY TRANSACTIONS,Financial narrative,False
Shetland-2022-2023:p0103_002,-2.3197525,1.5589799,RELATED PARTY TRANSACTIONS,"are not recognised, but are disclosed in Note 14 , unless the probability of a transfer of economic benefits is remote. Contingent liabilities are defined as: - possible obligations arising from past events whose existe…",103,RELATED PARTY TRANSACTIONS,Strategy / narrative,False
Shetland-2022-2023:p0104_000,-1.787938,2.4043858,CORRESPONDING AMOUNTS,Corresponding Amounts Corresponding amounts are shown for the primary statements and notes to the financial statements. Where the corresponding amounts are not directly comparable with the amount to be shown in respect…,104,CORRESPONDING AMOUNTS,Financial narrative,False
Shetland-2022-2023:p0104_001,-1.8595382,2.435986,CORRESPONDING AMOUNTS,"Board classifies its financial assets in the following categories: at fair value through profit or loss, amortised cost, and fair value through other comprehensive income. The default basis for financial assets is to be…",104,CORRESPONDING AMOUNTS,Financial narrative,False
Shetland-2022-2023:p0104_002,-1.8192916,2.4202325,CORRESPONDING AMOUNTS,interest. c) Financial assets at fair value through other comprehensive income A financial asset may be held at fair value through other comprehensive income where both of the following conditions are met: i. the financ…,104,CORRESPONDING AMOUNTS,Financial narrative,False
Shetland-2022-2023:p0105_000,-1.8109552,2.2846866,CORRESPONDING AMOUNTS,- Impairment of financial assets: Provisions for impairment of financial assets are made on the basis of expected credit losses. The Board recognises a loss allowance for expected credit losses on financial assets and t…,105,CORRESPONDING AMOUNTS,Financial narrative,False
Shetland-2022-2023:p0105_001,-1.74395,2.2209406,CORRESPONDING AMOUNTS,are derecognised when the rights to receive cash flows from the asset have expired or have been transferred and the Board has transferred substantially all risks and rewards of ownership. a) Financial assets at fair val…,105,CORRESPONDING AMOUNTS,Financial narrative,False
Shetland-2022-2023:p0105_002,-1.7742983,2.270251,CORRESPONDING AMOUNTS,amount of the asset. c) Financial assets held at fair value through other comprehensive income - Financial Liabilities - Classification: The Board classifies its financial liabilities in the following categories: at fai…,105,CORRESPONDING AMOUNTS,Financial narrative,False
Shetland-2022-2023:p0106_000,-1.7129192,1.5634702,CORRESPONDING AMOUNTS,- it eliminates or reduces ‘accounting mismatch’ that would otherwise arise from measurement or recognition on an amortised costs basis. a) Financial liabilities at fair value through profit or loss Financial liabilitie…,106,CORRESPONDING AMOUNTS,Financial narrative,False
Shetland-2022-2023:p0106_001,-1.5488834,2.062035,CORRESPONDING AMOUNTS,"instrument. A financial liability is removed from the Statement of Financial Position when it is extinguished, that is when the obligation is discharged, cancelled or expired. a) Financial liabilities at fair value thro…",106,CORRESPONDING AMOUNTS,Financial narrative,False
Shetland-2022-2023:p0106_002,-1.3663876,2.1163654,CORRESPONDING AMOUNTS,is responsible for allocating resources and assessing performance of the operating segments. This has been identified as the executive management team of the Board. Operating segments represent the Directorates of the B…,106,CORRESPONDING AMOUNTS,Governance,False
Shetland-2022-2023:p0107_000,-1.8864076,0.434634,CORRESPONDING AMOUNTS,"maturities of three months or less, and bank overdrafts. Bank overdrafts are shown within borrowings in current liabilities on the Statement of Financial Position. Where the Government Banking Service is using Royal Ban…",107,CORRESPONDING AMOUNTS,Financial narrative,False
Shetland-2022-2023:p0107_001,-1.8735573,0.02371128,CORRESPONDING AMOUNTS,that are believed to be reasonable under the circumstances. The key judgements and estimations exercised in the application of the Board’s accounting policies which have the most significant effect on the carrying amoun…,107,CORRESPONDING AMOUNTS,Governance,False
Shetland-2022-2023:p0108_000,-2.1478581,0.7834069,CORRESPONDING AMOUNTS,Estimates Area Description Sensitivities Accruals The Board has placed significant reliance on estimation and judgement based on best available evidence to quantify amounts accrued in the accounts. Provisions - The Boar…,108,CORRESPONDING AMOUNTS,Financial narrative,False
Shetland-2022-2023:p0108_001,-2.3873236,1.8922454,CORRESPONDING AMOUNTS,in buildings used to inform the measurement of valuation would (Note 7) assets in these financial statements. increase next year’s depreciation by £0.010m. Note 2—Notes to the Cash Flow Statement - 2a. Summary of Resour…,108,CORRESPONDING AMOUNTS,Financial narrative,False
Shetland-2022-2023:table_p0109,9.274355,-0.13217111,CORE RRL,Financial table on page 109 (Cash Flow) Contains 10 line items across 3 columns. Row labels: SummaryofNon-CoreRevenueResourceOut-turn; Depreciation/amortisation; RightofUse(RoU)AssetDepreciation; AnnuallyManagedExpendit…,109,CORE RRL,Financial table,False
Shetland-2022-2023:table_p0110,9.348976,-0.21140033,RIGHT OF USE (ROU) REMEASUREMENT LOSS,Financial table on page 110 (Income Statement) Contains 31 line items across 2 columns. Row labels: 2022; £000; 0; 138. Key items: 2022 | 2023; £000 | Note£000; 0 | RightofUse(RoU)Remeasurementloss642; 138 | Impairments…,110,RIGHT OF USE (ROU) REMEASUREMENT LOSS,Financial table,False
Shetland-2022-2023:table_p0111,9.421076,-0.073773146,RIGHT OF USE (ROU) REMEASUREMENT LOSS,"Financial table on page 111 (Provisions) Contains 9 line items across 6 columns. Row labels: 2022; Netmovement; £000; 2,347. Key items: 2022 | 2023; Netmovement | Note | Openingbalances | Closingbalances; £000 | £000 |…",111,RIGHT OF USE (ROU) REMEASUREMENT LOSS,Financial table,False
Shetland-2022-2023:table_p0112,9.369595,-0.20004828,RIGHT OF USE (ROU) REMEASUREMENT LOSS,"Financial table on page 112 (Income Statement) Contains 17 line items across 4 columns. Row labels: 2022; Total; £000; 1,222. Key items: 2022 | 2023 | 2023; Total | Board | Consolidated; £000 | £000 | £000; 1,222 | Gene…",112,RIGHT OF USE (ROU) REMEASUREMENT LOSS,Financial table,False
Shetland-2022-2023:table_p0113,9.515312,0.0012165719,RIGHT OF USE (ROU) REMEASUREMENT LOSS,"Financial table on page 113 (Unknown) Contains 14 line items across 4 columns. Row labels: 2022; Total; £000; 9,452; 11. Key items: 2022 | 2023 | 2023; Total | Board | Consolidated; £000 | £000 | £000; 9,452 | Goodsands…",113,RIGHT OF USE (ROU) REMEASUREMENT LOSS,Financial table,False
Shetland-2022-2023:table_p0114,9.205129,0.7737759,FINANCIAL STATEMENTS,"Financial table on page 114 (Income Statement) Contains 15 line items across 5 columns. Row labels: 2022; Total; £000; 67; 1,130. Key items: 2022 | 2023 | 2023; Total | Board | Consolidated; £000 | Note | £000 | £000; 6…",114,FINANCIAL STATEMENTS,Financial table,False
Shetland-2022-2023:table_p0115,8.684455,0.44169423,FINANCIAL STATEMENTS,Financial table on page 115 (Unknown) Contains 6 line items across 5 columns. Column headers: | | NetOperatingCosts | Totalassets | Totalliabilities. Row labels: DirectorateofAcuteandSpecialistServices; DirectorateofCom…,115,FINANCIAL STATEMENTS,Financial table,False
Shetland-2022-2023:table_p0116,8.959683,0.45706022,FINANCIAL STATEMENTS,Financial table on page 116 (Property) Contains 11 line items across 4 columns. Row labels: CostorValuation:; At1April2022; At31March2023. Key items: ITSoftware | Total; Note | £000 | £000; At1April2022 | 97 | 97; At31M…,116,FINANCIAL STATEMENTS,Financial table,False
Shetland-2022-2023:table_p0117,8.896511,3.3082633,BUILDINGS DWELLINGS,Financial table on page 117 (Property) Contains 10 line items across 10 columns. Column headers: | Land | Buildings | Dwellings | TransEquip | Plant&Machinery. Row labels: Costorvaluation; At1April2022; Additions—purcha…,117,BUILDINGS DWELLINGS,Financial table,False
Shetland-2022-2023:table_p0118,8.949011,3.2673075,BUILDINGS DWELLINGS,Financial table on page 118 (Unknown) Contains 11 line items across 10 columns. Column headers: | Land | Buildings | Dwellings | TransEquip | Plant&Machinery. Row labels: Depreciation; At1April2022; Providedduringtheyea…,118,BUILDINGS DWELLINGS,Financial table,False
Shetland-2022-2023:table_p0119,8.898299,3.3149464,BUILDINGS DWELLINGS,Financial table on page 119 (Unknown) Contains 6 line items across 10 columns. Column headers: | Land | Buildings | Dwellings | TransEquip | Plant&Machinery. Row labels: Netbookvalueat31March2023; Assetfinancing:; Owned…,119,BUILDINGS DWELLINGS,Financial table,False
Shetland-2022-2023:table_p0120,9.032875,3.1746044,BUILDINGS DWELLINGS,Financial table on page 120 (Property) Contains 11 line items across 10 columns. Column headers: | Land | Buildings | Dwellings | TransEquip | Plant&Machinery. Row labels: Costorvaluation; At1April2021; Additions—purcha…,120,BUILDINGS DWELLINGS,Financial table,False
Shetland-2022-2023:table_p0121,8.905461,3.3036485,BUILDINGS DWELLINGS,Financial table on page 121 (Unknown) Contains 10 line items across 10 columns. Column headers: | Land | Buildings | Dwellings | TransEquip | Plant&Machinery. Row labels: Providedduringtheyear–donated; Impairmentcharges…,121,BUILDINGS DWELLINGS,Financial table,False
Shetland-2022-2023:table_p0122,8.932945,3.28533,BUILDINGS DWELLINGS,Financial table on page 122 (Unknown) Contains 4 line items across 10 columns. Column headers: | Land | Buildings | Dwellings | TransEquip | Plant&Machinery. Row labels: Owned—purchased; Owned—donated; Netbookvalueat31M…,122,BUILDINGS DWELLINGS,Financial table,False
Shetland-2022-2023:table_p0123,9.603783,1.442331,AT 1 APRIL 2022,"Financial table on page 123 (Property) Contains 8 line items across 6 columns. Column headers: Consolidated | Board | | | Consolidated | Board. Row labels: 2022; £000; 33,877; 113. Key items: 2022 | 2022 | 2023 | 2023;…",123,AT 1 APRIL 2022,Financial table,False
Shetland-2022-2023:table_p0124,9.617326,1.4909927,AT 1 APRIL 2022,"Financial table on page 124 (Property) Contains 6 line items across 6 columns. Column headers: Consolidated | Board | | | Consolidated | Board. Row labels: 2022; £000; 3,205; 0. Key items: 2022 | 2022 | 2023 | 2023; £00…",124,AT 1 APRIL 2022,Financial table,False
Shetland-2022-2023:table_p0125,9.490888,1.4140613,AT 1 APRIL 2022,Financial table on page 125 (Property) Contains 10 line items across 6 columns. Column headers: Consolidated | Board | | | Consolidated | Board. Row labels: 2022; £000; 0; 0. Key items: 2022 | 2022 | 2023 | 2023; £000 |…,125,AT 1 APRIL 2022,Financial table,False
Shetland-2022-2023:table_p0126,9.438562,1.1222842,FINANCIAL STATEMENTS,Financial table on page 126 (Provisions) Contains 18 line items across 6 columns. Column headers: Consolidated | Board | | | Consolidated | Board. Row labels: 2022; £000; 510. Key items: 2022 | 2022 | 2023 | 2023; £000…,126,FINANCIAL STATEMENTS,Financial table,False
Shetland-2022-2023:table_p0127,9.554007,1.0780095,FINANCIAL STATEMENTS,"Financial table on page 127 (Unknown) Contains 10 line items across 6 columns. Column headers: Consolidated | Board | | | Consolidated | Board. Row labels: 2022; £000; 1,226; 2,385. Key items: 2022 | 2022 | 2023 | 2023;…",127,FINANCIAL STATEMENTS,Financial table,False
Shetland-2022-2023:table_p0128,9.577491,1.0931538,FINANCIAL STATEMENTS,Financial table on page 128 (Unknown) Contains 6 line items across 5 columns. Column headers: Consolidated | Board | | Consolidated | Board. Row labels: 2022; £000; 783; 25; 19. Key items: 2022 | 2022 | 2023 | 2023; £00…,128,FINANCIAL STATEMENTS,Financial table,False
Shetland-2022-2023:table_p0129,9.496247,1.2010902,FINANCIAL STATEMENTS,"Financial table on page 129 (Unknown) Contains 7 line items across 6 columns. Column headers: Consolidated | Board | | Note | Consolidated | Board. Row labels: 2022; £000; 1,480; 1,480; 1,495. Key items: 2022 | 2022 | 2…",129,FINANCIAL STATEMENTS,Financial table,False
Shetland-2022-2023:table_p0130,9.411043,0.34616384,AT 31 MARCH,"Financial table on page 130 (Cash Flow) Contains 11 line items across 3 columns. Row labels: Balanceat1April; Netchangeincashandcashequivalentbalances; Balanceat31March. Key items: Note | £000; Balanceat1April | 1,806;…",130,AT 31 MARCH,Financial table,False
Shetland-2022-2023:table_p0131,9.461176,1.2103789,FINANCIAL STATEMENTS,"Financial table on page 131 (Unknown) Contains 20 line items across 6 columns. Column headers: Consolidated | Board | | Note | Consolidated | Board. Row labels: 2022; £000; 2,201. Key items: 2022 | 2022 | 2023 | 2023; £…",131,FINANCIAL STATEMENTS,Financial table,False
Shetland-2022-2023:table_p0132,9.626286,1.1410822,FINANCIAL STATEMENTS,"Financial table on page 132 (Unknown) Contains 14 line items across 6 columns. Column headers: Consolidated | Board | | Note | Consolidated | Board. Row labels: 2022; £000; 0; 16,518. Key items: 2022 | 2022 | 2023 | 202…",132,FINANCIAL STATEMENTS,Financial table,False
Shetland-2022-2023:table_p0133,7.827964,0.113933,MEDICAL LEGAL,Financial table on page 133 (Provisions) Contains 7 line items across 6 columns. Column headers: | PensionsarisingfromStaffEarlyRetirement | ClinicalandMedicalLegalClaimsagainstNHSBoard | ParticipationinCNORIS | Other |…,133,MEDICAL LEGAL,Financial table,False
Shetland-2022-2023:table_p0134,7.8337507,0.09917373,MEDICAL LEGAL,Financial table on page 134 (Unknown) Contains 6 line items across 6 columns. Column headers: | PensionsarisingfromStaffEarlyRetirement | Clinical&MedicalLegalClaimsagainstNHSBoard | ParticipationinCNORIS | Other | 2023…,134,MEDICAL LEGAL,Financial table,False
Shetland-2022-2023:table_p0135,7.8189936,0.14452726,MEDICAL LEGAL,Financial table on page 135 (Provisions) Contains 7 line items across 6 columns. Column headers: | PensionsarisingfromStaffEarlyRetirement | ClinicalandMedicalLegalClaimsagainstNHSBoard | ParticipationinCNORIS | Other |…,135,MEDICAL LEGAL,Financial table,False
Shetland-2022-2023:table_p0136,7.719315,0.24148105,2022 TOTAL,Financial table on page 136 (Provisions) Contains 6 line items across 6 columns. Column headers: | PensionsarisingfromStaffEarlyRetirement | Clinical&MedicalLegalClaimsagainstNHSBoard | ParticipationinCNORIS | Other | 2…,136,2022 TOTAL,Financial table,False
Shetland-2022-2023:p0137_000,-2.5332248,0.6609816,2022 TOTAL,"directly from within Boards’ own budgets. Participants, for example NHS Boards, contribute to the CNORIS pool each financial year at a pre-agreed contribution rate based on the risks associated with their individual NHS…",137,2022 TOTAL,Financial narrative,False
Shetland-2022-2023:p0137_001,-2.6432104,0.7827473,2022 TOTAL,the legal claim settles. The provision and associated receivable are shown in the first two lines above. The receivable has been netted off against the provision to reflect reimbursement from the scheme. As a result of…,137,2022 TOTAL,Strategy / narrative,False
Shetland-2022-2023:table_p0138,8.73421,0.85069185,2022 TOTAL,"Financial table on page 138 (Unknown) Contains 10 line items across 3 columns. Row labels: 2022; £000; 0. Key items: 2022 | 2023; £000 | £000; 0 | MRIScanner | 3,010. Table (header-injected facts): - £000 > 2 2023 : £00…",138,2022 TOTAL,Financial table,False
Shetland-2022-2023:p0139_000,-2.5807872,2.9977925,2022 TOTAL,"- Note 17b—Lease Liabilities—Consolidated and Board Buildings Transport Plant & Total Equipment Machinery £000s £000s £000s £000s Total Lease liability at 31 March 603 146 528 1,227 2023 - Amounts recognised in the SoCN…",139,2022 TOTAL,Financial table,False
Shetland-2022-2023:p0140_000,-2.53928,0.46405733,2022 TOTAL,2021 2022 £000 £000 0 Later than five years 0 Amounts charged to Operating Costs in the year were: 210 Hire of equipment (including vehicles) 357 146 Other operating leases 215 356 Total 572 - Aggregate Rentals Receivab…,140,2022 TOTAL,Strategy / narrative,False
Shetland-2022-2023:p0140_001,-2.5852733,0.37401214,2022 TOTAL,rates based on pensionable pay as specified in the regulations. The rate of employer contributions is set with reference to a funding valuation undertaken by the scheme actuary. The last four-yearly valuation was undert…,140,2022 TOTAL,Strategy / narrative,False
Shetland-2022-2023:table_p0141,8.41671,-0.10077553,2022 TOTAL,Financial table on page 141 (Property) Contains 38 line items across 1 columns. Column headers: Astheschemeisunfundedtherecanbenodeficitorsurplustodistributeonthe. Row labels: wind-upoftheschemeorwithdrawalfromthescheme…,141,2022 TOTAL,Financial table,False
Shetland-2022-2023:table_p0142,8.241568,-0.14376453,NATIONAL EMPLOYMENT SAVINGS TRUST (NEST),Financial table on page 142 (Unknown) Contains 20 line items across 1 columns. Column headers: retireSomememberswhowereclosetoretirementwhentheNHS2015scheme. Row labels: launchedwillcontinuetoearnbenefitsintheircurrents…,142,NATIONAL EMPLOYMENT SAVINGS TRUST (NEST),Financial table,False
Shetland-2022-2023:table_p0143,9.13279,0.084724285,FINANCIAL STATEMENTS,Financial table on page 143 (Balance Sheet) Contains 7 line items across 6 columns. Column headers: Consolidated | | FinancialassetsatfairvaluethroughOCI | Financialassetsatamortisedcost | Financialassetsatfairvaluethro…,143,FINANCIAL STATEMENTS,Financial table,False
Shetland-2022-2023:table_p0144,9.132005,0.030064115,FINANCIAL STATEMENTS,Financial table on page 144 (Balance Sheet) Contains 6 line items across 6 columns. Column headers: Board | | FinancialassetsatfairvaluethroughOCI | Financialassetsatamortisedcost | Financialassetsatfairvaluethroughprof…,144,FINANCIAL STATEMENTS,Financial table,False
Shetland-2022-2023:table_p0145,9.185514,0.053915568,FINANCIAL STATEMENTS,Financial table on page 145 (Balance Sheet) Contains 7 line items across 6 columns. Column headers: Consolidated(prioryear) | | FinancialassetsatfairvaluethroughOCI | Financialassetsatamortisedcost | Financialassetsatfa…,145,FINANCIAL STATEMENTS,Financial table,False
Shetland-2022-2023:table_p0146,9.203204,0.0128966635,FINANCIAL STATEMENTS,Financial table on page 146 (Balance Sheet) Contains 6 line items across 6 columns. Column headers: Board | | FinancialassetsatfairvaluethroughOCI | Financialassetsatamortisedcost | Financialassetsatfairvaluethroughprof…,146,FINANCIAL STATEMENTS,Financial table,False
Shetland-2022-2023:p0147_000,-1.4803613,1.5573176,LIABILITIES AT FAIR,- Financial Liabilities Consolidated Liabilities at Fair Financial Total Value through liabilities at profit and loss amortised cost Note £000 £000 £000 As at 31 March 2023 Liabilities per Statement of Financial Positio…,147,LIABILITIES AT FAIR,Financial table,False
Shetland-2022-2023:p0148_000,-1.5795372,1.2575443,LIABILITIES AT FAIR,Consolidated (prior Liabilities at Fair Financial Total year) Value through liabilities at profit and loss amortised cost Note £000 £000 £000 As at 31 March 2022 Liabilities per Statement of Financial Position Trade and…,148,LIABILITIES AT FAIR,Financial table,False
Shetland-2022-2023:p0149_000,-1.6634706,1.0682616,LIABILITIES AT FAIR,a) Credit risk—the possibility that other parties might fail to pay amounts due. b) Liquidity risk—the possibility that the NHS Board might not have funds available to meet its commitments to make payments. c) Market ri…,149,LIABILITIES AT FAIR,Governance,False
Shetland-2022-2023:p0149_001,-1.7346083,1.0240518,LIABILITIES AT FAIR,"are assessed, taking into account their financial position, past experience and other factors, with individual credit limits being set in accordance with internal ratings in accordance with parameters set by the NHS Boa…",149,LIABILITIES AT FAIR,Financial narrative,False
Shetland-2022-2023:p0149_002,-1.6869249,1.1155359,LIABILITIES AT FAIR,to significant liquidity risks. All liabilities are due within one year. - Market Risk The NHS Board has no powers to borrow or invest surplus funds. Financial assets and liabilities are generated by day-to-day operatio…,149,LIABILITIES AT FAIR,Financial narrative,False
Shetland-2022-2023:p0150_000,-1.9213847,0.75410444,B) FOREIGN CURRENCY RISK,b) Foreign Currency Risk The NHS Board is not exposed to foreign currency price risk. - Price risk The NHS Board is not exposed to equity security price risk. - 19c. Fair value estimation The fair value of financial ins…,150,B) FOREIGN CURRENCY RISK,Financial narrative,False
Shetland-2022-2023:p0150_001,-3.548878,-1.5974737,B) FOREIGN CURRENCY RISK,"had transactions with other government departments and other central government bodies during the year. These transactions were mainly with HM Revenue and Customs, SPPA (Note 18) and other Health Boards. NHS Shetland ha…",150,B) FOREIGN CURRENCY RISK,Strategy / narrative,False
Shetland-2022-2023:table_p0151,8.736209,0.483118,B) FOREIGN CURRENCY RISK,Financial table on page 151 (Unknown) Contains 12 line items across 5 columns. Row labels: Relatedparty; NHSO; NHSG; SIC. Key items: Relatedparty | Dueto | Duefrom | Incomefrom; NHSO | 0044 | 0101 | 0424; NHSG | 2032 |…,151,B) FOREIGN CURRENCY RISK,Financial table,False
Shetland-2022-2023:table_p0152,10.160656,1.2869388,FINANCIAL STATEMENTS,"Financial table on page 152 (Income Statement) Contains 11 line items across 7 columns. Column headers: Consolidated | | | Board | Endowment | ShetlandIJB. Row labels: 2022; £000; 48,827. Key items: 2022 | 2023 | 2023 |…",152,FINANCIAL STATEMENTS,Financial table,False
Shetland-2022-2023:table_p0153,10.739988,1.4368197,ENDOWMENT SHETLAND,"Financial table on page 153 (Unknown) Contains 4 line items across 7 columns. Column headers: Consolidated | | | Board | Endowment | ShetlandIJB. Row labels: 2022; £000; 86,108. Key items: 2022 | 2023 | 2023 | 2023; £00…",153,ENDOWMENT SHETLAND,Financial table,False
Shetland-2022-2023:table_p0154,10.69327,1.4641283,INTRA GROUP,"Financial table on page 154 (Balance Sheet) Contains 13 line items across 8 columns. Column headers: Consolidated | | | Board | Endowment | IntraGroupadjustment. Row labels: 2022; £000; 33,990. Key items: 2022 | 2023 |…",154,INTRA GROUP,Financial table,False
Shetland-2022-2023:table_p0155,10.819001,1.6052634,INTRA GROUP,"Financial table on page 155 (Balance Sheet) Contains 15 line items across 8 columns. Column headers: Consolidated | | | Board | Endowment | IntraGroupadjustment. Row labels: 2022; £000; 0; 4,719; 42,347. Key items: 2022…",155,INTRA GROUP,Financial table,False
Shetland-2022-2023:table_p0156,10.794585,1.5671003,INTRA GROUP,"Financial table on page 156 (Unknown) Contains 10 line items across 8 columns. Column headers: Consolidated | | | Board | Endowment | IntraGroupadjustment. Row labels: 2022; £000; (1,429); 23,782. Key items: 2022 | 2023…",156,INTRA GROUP,Financial table,False
Shetland-2022-2023:table_p0157,10.716252,1.4425647,INTRA GROUP,"Financial table on page 157 (Balance Sheet) Contains 13 line items across 7 columns. Column headers: PriorYear | | Board | Endowment | IntraGroupadjustment | ShetlandIJB. Row labels: Non-currentassets:; Property,plantan…",157,INTRA GROUP,Financial table,False
Shetland-2022-2023:table_p0158,10.703243,1.6319454,INTRA GROUP,Financial table on page 158 (Balance Sheet) Contains 14 line items across 7 columns. Column headers: PriorYear | | Board | Endowment | IntraGroupadjustment | ShetlandIJB. Row labels: Totalassets; Currentliabilities:; Pr…,158,INTRA GROUP,Financial table,False
Shetland-2022-2023:table_p0159,10.800559,1.4920459,INTRA GROUP,Financial table on page 159 (Unknown) Contains 10 line items across 7 columns. Column headers: PriorYear | | Board | Endowment | IntraGroupadjustment | ShetlandIJB. Row labels: Assetslessliabilities; Taxpayers'Equity. K…,159,INTRA GROUP,Financial table,False
Shetland-2022-2023:table_p0160,10.789331,1.4761766,INTRA GROUP,"Financial table on page 160 (Cash Flow) Contains 13 line items across 7 columns. Column headers: Consolidated | | Board | Endowment | IntraGroupAdjustment | ShetlandIJB. Row labels: 2022; £000; (86,108); 760. Key items:…",160,INTRA GROUP,Financial table,False
Shetland-2022-2023:table_p0161,10.813068,1.5616281,INTRA GROUP,"Financial table on page 161 (Cash Flow) Contains 12 line items across 7 columns. Column headers: Consolidated | | Board | Endowment | IntraGroupAdjustment | ShetlandIJB. Row labels: 2022; £000; (3,236); 85,965. Key item…",161,INTRA GROUP,Financial table,False
Shetland-2022-2023:table_p0162,10.839999,1.502371,INTRA GROUP,"Financial table on page 162 (Cash Flow) Contains 6 line items across 7 columns. Column headers: Consolidated | | Board | Endowment | IntraGroupAdjustment | ShetlandIJB. Row labels: 2022; £000; 251; 1,555. Key items: 202…",162,INTRA GROUP,Financial table,False
Shetland-2022-2023:table_p0163,10.901862,1.4636875,ENDOWMENT INTRA GROUP,Financial table on page 163 (Cash Flow) Contains 17 line items across 6 columns. Column headers: PriorYear | Board | Endowment | IntraGroupAdjustment | ShetlandIJB | Consolidated. Row labels: Cashflowfromoperatingactivi…,163,ENDOWMENT INTRA GROUP,Financial table,False
Shetland-2022-2023:table_p0164,11.000277,1.3959681,ENDOWMENT INTRA GROUP,Financial table on page 164 (Cash Flow) Contains 11 line items across 6 columns. Column headers: PriorYear | Board | Endowment | IntraGroupAdjustment | ShetlandIJB | Consolidated. Row labels: Cashdrawndown; NetFinancing…,164,ENDOWMENT INTRA GROUP,Financial table,False
Shetland-2022-2023:p0165_000,-3.9722192,-2.198651,NARRATIVE EXPLANATION,"Glossary of commonly abbreviated terms and acronyms, as well as local terms, in the report Acronym Narrative Explanation A&E Accident and Emergency Department AME Annually managed expenditure (a type of non-core funding…",165,NARRATIVE EXPLANATION,Financial narrative,False
Shetland-2022-2023:p0165_001,-3.5656095,-2.358344,NARRATIVE EXPLANATION,Office IJB Shetland Islands Health and Social Care Partnership also referred to as Integration Joint Board IG Information Governance IGSG Information Governance Sub Group,165,NARRATIVE EXPLANATION,Governance,False
Shetland-2022-2023:p0166_000,-4.5465684,-2.1676013,NARRATIVE EXPLANATION,Acronym Narrative Explanation IT Information Technology IFRSs International Financial Reporting Standards ISAs International Standards on Auditing JSCP Joint Strategic Commissioning Plan KPIs Key Performance Indicators…,166,NARRATIVE EXPLANATION,Financial narrative,False
Shetland-2022-2023:p0167_000,-1.5856453,-1.6327838,DIRECTION BY THE SCOTTISH MINISTERS,"Direction by the Scottish Ministers DIRECTIONS BY THE SCOTTISH MINISTERS The Scottish Ministers, in exercise of their functions under section 86(1) and (3) of the National Health Service (Scotland) Act 1978, in relation…",167,DIRECTION BY THE SCOTTISH MINISTERS,Strategy / narrative,False
Shetland-2022-2023:p0167_001,-1.4829196,-1.6011513,DIRECTION BY THE SCOTTISH MINISTERS,"the statement of accounts is prepared. 3, In preparing a statement of accounts in accordance with paragraph 1, NHS Shetland must adhere to any supplementary accounting requirements set out in the following documents whi…",167,DIRECTION BY THE SCOTTISH MINISTERS,Financial narrative,False
Shetland-2022-2023:p0167_002,-1.5452962,-1.6714153,DIRECTION BY THE SCOTTISH MINISTERS,"of accounts which it prepares for each financial year. 6. In these Directions — “financial year” has the same meaning as that given by Schedule | of the Interpretation Act 1978, “Government Financial Reporting Manual"" m…",167,DIRECTION BY THE SCOTTISH MINISTERS,Financial narrative,False
Shetland-2022-2023:p0168_000,-1.7112031,-1.4616481,DIRECTION BY THE SCOTTISH MINISTERS,NHS Shetland is a Health Board established under section 2(1) of the National Health Service (Scotland) Act 1978 “NHS Shetland Annual Accounts template” means the Excel spreadsheet issued to NHS Shetland by the Scottish…,168,DIRECTION BY THE SCOTTISH MINISTERS,Financial narrative,False
