query_id,topic,year,sequence,k,answer_type,doc_id,expected_section,expected_subsection,expected_pages,evidence_layout,failure_stage,leakage_count_top_k,leakage_rate_top_k,leakage_doc_ids_top_k,page_recall_at_k,page_precision_at_k,page_mrr_at_k,chunk_hit_at_k,chunk_precision_at_k,chunk_mrr_at_k,table_chunk_hit_at_k,top_pages,top_chunk_ids,top_doc_ids
Q_2024_FIN_01,FIN,2024,1,1,number,Grampian-2023-2024,PERFORMANCE REPORT,B) PERFORMANCE ANALYSIS,[26],table,hit,0,0.0,[],1.0,1.0,1.0,1.0,1.0,1.0,0.0,[26],['Grampian-2023-2024:p0026_001'],['Grampian-2023-2024']
Q_2024_FIN_01,FIN,2024,1,3,number,Grampian-2023-2024,PERFORMANCE REPORT,B) PERFORMANCE ANALYSIS,[26],table,hit,0,0.0,[],1.0,0.5,1.0,1.0,0.3333333333333333,1.0,0.0,"[26, 27]","['Grampian-2023-2024:p0026_001', 'Grampian-2023-2024:p0027_000', 'Grampian-2023-2024:p0027_002']","['Grampian-2023-2024', 'Grampian-2023-2024', 'Grampian-2023-2024']"
Q_2024_FIN_01,FIN,2024,1,5,number,Grampian-2023-2024,PERFORMANCE REPORT,B) PERFORMANCE ANALYSIS,[26],table,hit,0,0.0,[],1.0,0.5,1.0,1.0,0.6,1.0,1.0,"[26, 27]","['Grampian-2023-2024:p0026_001', 'Grampian-2023-2024:p0027_000', 'Grampian-2023-2024:p0027_002', 'Grampian-2023-2024:p0026_000', 'Grampian-2023-2024:table_p0026']","['Grampian-2023-2024', 'Grampian-2023-2024', 'Grampian-2023-2024', 'Grampian-2023-2024', 'Grampian-2023-2024']"
Q_2024_FIN_01,FIN,2024,1,10,number,Grampian-2023-2024,PERFORMANCE REPORT,B) PERFORMANCE ANALYSIS,[26],table,hit,0,0.0,[],1.0,0.14285714285714285,1.0,1.0,0.3,1.0,1.0,"[26, 27, 99, 24, 64, 70, 4]","['Grampian-2023-2024:p0026_001', 'Grampian-2023-2024:p0027_000', 'Grampian-2023-2024:p0027_002', 'Grampian-2023-2024:p0026_000', 'Grampian-2023-2024:table_p0026']","['Grampian-2023-2024', 'Grampian-2023-2024', 'Grampian-2023-2024', 'Grampian-2023-2024', 'Grampian-2023-2024']"
Q_2024_FIN_02,FIN,2024,2,1,number,Grampian-2023-2024,PERFORMANCE REPORT,B) PERFORMANCE ANALYSIS,"[26, 118]",table,hit,0,0.0,[],1.0,1.0,1.0,1.0,1.0,1.0,0.0,[26],['Grampian-2023-2024:p0026_001'],['Grampian-2023-2024']
Q_2024_FIN_02,FIN,2024,2,3,number,Grampian-2023-2024,PERFORMANCE REPORT,B) PERFORMANCE ANALYSIS,"[26, 118]",table,hit,0,0.0,[],1.0,0.5,1.0,1.0,0.3333333333333333,1.0,0.0,"[26, 27]","['Grampian-2023-2024:p0026_001', 'Grampian-2023-2024:p0027_000', 'Grampian-2023-2024:p0027_002']","['Grampian-2023-2024', 'Grampian-2023-2024', 'Grampian-2023-2024']"
Q_2024_FIN_02,FIN,2024,2,5,number,Grampian-2023-2024,PERFORMANCE REPORT,B) PERFORMANCE ANALYSIS,"[26, 118]",table,hit,0,0.0,[],1.0,0.3333333333333333,1.0,1.0,0.4,1.0,1.0,"[26, 27, 74]","['Grampian-2023-2024:p0026_001', 'Grampian-2023-2024:p0027_000', 'Grampian-2023-2024:p0027_002', 'Grampian-2023-2024:table_p0026', 'Grampian-2023-2024:p0074_000']","['Grampian-2023-2024', 'Grampian-2023-2024', 'Grampian-2023-2024', 'Grampian-2023-2024', 'Grampian-2023-2024']"
Q_2024_FIN_02,FIN,2024,2,10,number,Grampian-2023-2024,PERFORMANCE REPORT,B) PERFORMANCE ANALYSIS,"[26, 118]",table,hit,0,0.0,[],1.0,0.14285714285714285,1.0,1.0,0.2,1.0,1.0,"[26, 27, 74, 24, 43, 100, 33]","['Grampian-2023-2024:p0026_001', 'Grampian-2023-2024:p0027_000', 'Grampian-2023-2024:p0027_002', 'Grampian-2023-2024:table_p0026', 'Grampian-2023-2024:p0074_000']","['Grampian-2023-2024', 'Grampian-2023-2024', 'Grampian-2023-2024', 'Grampian-2023-2024', 'Grampian-2023-2024']"
Q_2024_FIN_03,FIN,2024,3,1,number,Grampian-2023-2024,PERFORMANCE REPORT,B) PERFORMANCE ANALYSIS,[26],table,hit,0,0.0,[],1.0,1.0,1.0,1.0,1.0,1.0,0.0,[26],['Grampian-2023-2024:p0026_001'],['Grampian-2023-2024']
Q_2024_FIN_03,FIN,2024,3,3,number,Grampian-2023-2024,PERFORMANCE REPORT,B) PERFORMANCE ANALYSIS,[26],table,hit,0,0.0,[],1.0,0.5,1.0,1.0,0.3333333333333333,1.0,0.0,"[26, 27]","['Grampian-2023-2024:p0026_001', 'Grampian-2023-2024:p0027_000', 'Grampian-2023-2024:p0027_002']","['Grampian-2023-2024', 'Grampian-2023-2024', 'Grampian-2023-2024']"
Q_2024_FIN_03,FIN,2024,3,5,number,Grampian-2023-2024,PERFORMANCE REPORT,B) PERFORMANCE ANALYSIS,[26],table,hit,0,0.0,[],1.0,0.5,1.0,1.0,0.6,1.0,1.0,"[26, 27]","['Grampian-2023-2024:p0026_001', 'Grampian-2023-2024:p0027_000', 'Grampian-2023-2024:p0027_002', 'Grampian-2023-2024:p0026_000', 'Grampian-2023-2024:table_p0026']","['Grampian-2023-2024', 'Grampian-2023-2024', 'Grampian-2023-2024', 'Grampian-2023-2024', 'Grampian-2023-2024']"
Q_2024_FIN_03,FIN,2024,3,10,number,Grampian-2023-2024,PERFORMANCE REPORT,B) PERFORMANCE ANALYSIS,[26],table,hit,0,0.0,[],1.0,0.14285714285714285,1.0,1.0,0.3,1.0,1.0,"[26, 27, 28, 99, 24, 70, 4]","['Grampian-2023-2024:p0026_001', 'Grampian-2023-2024:p0027_000', 'Grampian-2023-2024:p0027_002', 'Grampian-2023-2024:p0026_000', 'Grampian-2023-2024:table_p0026']","['Grampian-2023-2024', 'Grampian-2023-2024', 'Grampian-2023-2024', 'Grampian-2023-2024', 'Grampian-2023-2024']"
Q_2024_FIN_04,FIN,2024,4,1,number,Grampian-2023-2024,PERFORMANCE REPORT,B) PERFORMANCE ANALYSIS,[27],paragraph,missed_top_ranked,0,0.0,[],0.0,0.0,0.0,0.0,0.0,0.0,0.0,[26],['Grampian-2023-2024:table_p0026'],['Grampian-2023-2024']
Q_2024_FIN_04,FIN,2024,4,3,number,Grampian-2023-2024,PERFORMANCE REPORT,B) PERFORMANCE ANALYSIS,[27],paragraph,hit,0,0.0,[],1.0,0.5,0.5,1.0,0.3333333333333333,0.3333333333333333,0.0,"[26, 27]","['Grampian-2023-2024:table_p0026', 'Grampian-2023-2024:p0026_001', 'Grampian-2023-2024:p0027_000']","['Grampian-2023-2024', 'Grampian-2023-2024', 'Grampian-2023-2024']"
Q_2024_FIN_04,FIN,2024,4,5,number,Grampian-2023-2024,PERFORMANCE REPORT,B) PERFORMANCE ANALYSIS,[27],paragraph,hit,0,0.0,[],1.0,0.5,0.5,1.0,0.4,0.3333333333333333,0.0,"[26, 27]","['Grampian-2023-2024:table_p0026', 'Grampian-2023-2024:p0026_001', 'Grampian-2023-2024:p0027_000', 'Grampian-2023-2024:p0027_002', 'Grampian-2023-2024:p0026_000']","['Grampian-2023-2024', 'Grampian-2023-2024', 'Grampian-2023-2024', 'Grampian-2023-2024', 'Grampian-2023-2024']"
Q_2024_FIN_04,FIN,2024,4,10,number,Grampian-2023-2024,PERFORMANCE REPORT,B) PERFORMANCE ANALYSIS,[27],paragraph,hit,0,0.0,[],1.0,0.2,0.5,1.0,0.3,0.3333333333333333,0.0,"[26, 27, 24, 28, 70]","['Grampian-2023-2024:table_p0026', 'Grampian-2023-2024:p0026_001', 'Grampian-2023-2024:p0027_000', 'Grampian-2023-2024:p0027_002', 'Grampian-2023-2024:p0026_000']","['Grampian-2023-2024', 'Grampian-2023-2024', 'Grampian-2023-2024', 'Grampian-2023-2024', 'Grampian-2023-2024']"
Q_2024_FIN_05,FIN,2024,5,1,number,Grampian-2023-2024,PERFORMANCE REPORT,B) PERFORMANCE ANALYSIS,[27],paragraph,missed_top_ranked,0,0.0,[],0.0,0.0,0.0,0.0,0.0,0.0,0.0,[70],['Grampian-2023-2024:p0070_000'],['Grampian-2023-2024']
Q_2024_FIN_05,FIN,2024,5,3,number,Grampian-2023-2024,PERFORMANCE REPORT,B) PERFORMANCE ANALYSIS,[27],paragraph,missed_top_ranked,0,0.0,[],0.0,0.0,0.0,0.0,0.0,0.0,0.0,"[70, 39, 4]","['Grampian-2023-2024:p0070_000', 'Grampian-2023-2024:p0039_000', 'Grampian-2023-2024:p0004_000']","['Grampian-2023-2024', 'Grampian-2023-2024', 'Grampian-2023-2024']"
Q_2024_FIN_05,FIN,2024,5,5,number,Grampian-2023-2024,PERFORMANCE REPORT,B) PERFORMANCE ANALYSIS,[27],paragraph,missed_top_ranked,0,0.0,[],0.0,0.0,0.0,0.0,0.0,0.0,0.0,"[70, 39, 4, 33, 13]","['Grampian-2023-2024:p0070_000', 'Grampian-2023-2024:p0039_000', 'Grampian-2023-2024:p0004_000', 'Grampian-2023-2024:p0033_001', 'Grampian-2023-2024:p0013_001']","['Grampian-2023-2024', 'Grampian-2023-2024', 'Grampian-2023-2024', 'Grampian-2023-2024', 'Grampian-2023-2024']"
Q_2024_FIN_05,FIN,2024,5,10,number,Grampian-2023-2024,PERFORMANCE REPORT,B) PERFORMANCE ANALYSIS,[27],paragraph,hit,0,0.0,[],1.0,0.1111111111111111,0.16666666666666666,1.0,0.1,0.16666666666666666,0.0,"[70, 39, 4, 33, 13, 27, 28, 53, 153]","['Grampian-2023-2024:p0070_000', 'Grampian-2023-2024:p0039_000', 'Grampian-2023-2024:p0004_000', 'Grampian-2023-2024:p0033_001', 'Grampian-2023-2024:p0013_001']","['Grampian-2023-2024', 'Grampian-2023-2024', 'Grampian-2023-2024', 'Grampian-2023-2024', 'Grampian-2023-2024']"
Q_2024_FIN_06,FIN,2024,6,1,number,Grampian-2023-2024,PERFORMANCE REPORT,B) PERFORMANCE ANALYSIS,[26],table,hit,0,0.0,[],1.0,1.0,1.0,1.0,1.0,1.0,0.0,[26],['Grampian-2023-2024:p0026_001'],['Grampian-2023-2024']
Q_2024_FIN_06,FIN,2024,6,3,number,Grampian-2023-2024,PERFORMANCE REPORT,B) PERFORMANCE ANALYSIS,[26],table,hit,0,0.0,[],1.0,0.5,1.0,1.0,0.6666666666666666,1.0,1.0,"[26, 27]","['Grampian-2023-2024:p0026_001', 'Grampian-2023-2024:p0027_000', 'Grampian-2023-2024:table_p0026']","['Grampian-2023-2024', 'Grampian-2023-2024', 'Grampian-2023-2024']"
Q_2024_FIN_06,FIN,2024,6,5,number,Grampian-2023-2024,PERFORMANCE REPORT,B) PERFORMANCE ANALYSIS,[26],table,hit,0,0.0,[],1.0,0.25,1.0,1.0,0.4,1.0,1.0,"[26, 27, 118, 116]","['Grampian-2023-2024:p0026_001', 'Grampian-2023-2024:p0027_000', 'Grampian-2023-2024:table_p0026', 'Grampian-2023-2024:table_p0118', 'Grampian-2023-2024:p0116_000']","['Grampian-2023-2024', 'Grampian-2023-2024', 'Grampian-2023-2024', 'Grampian-2023-2024', 'Grampian-2023-2024']"
Q_2024_FIN_06,FIN,2024,6,10,number,Grampian-2023-2024,PERFORMANCE REPORT,B) PERFORMANCE ANALYSIS,[26],table,hit,0,0.0,[],1.0,0.14285714285714285,1.0,1.0,0.3,1.0,1.0,"[26, 27, 118, 116, 111, 146, 99]","['Grampian-2023-2024:p0026_001', 'Grampian-2023-2024:p0027_000', 'Grampian-2023-2024:table_p0026', 'Grampian-2023-2024:table_p0118', 'Grampian-2023-2024:p0116_000']","['Grampian-2023-2024', 'Grampian-2023-2024', 'Grampian-2023-2024', 'Grampian-2023-2024', 'Grampian-2023-2024']"
Q_2024_FIN_07,FIN,2024,7,1,number,Grampian-2023-2024,PERFORMANCE REPORT,B) PERFORMANCE ANALYSIS,[29],paragraph,hit,0,0.0,[],1.0,1.0,1.0,1.0,1.0,1.0,0.0,[29],['Grampian-2023-2024:p0029_000'],['Grampian-2023-2024']
Q_2024_FIN_07,FIN,2024,7,3,number,Grampian-2023-2024,PERFORMANCE REPORT,B) PERFORMANCE ANALYSIS,[29],paragraph,hit,0,0.0,[],1.0,0.3333333333333333,1.0,1.0,0.3333333333333333,1.0,0.0,"[29, 154, 23]","['Grampian-2023-2024:p0029_000', 'Grampian-2023-2024:p0154_003', 'Grampian-2023-2024:p0023_001']","['Grampian-2023-2024', 'Grampian-2023-2024', 'Grampian-2023-2024']"
Q_2024_FIN_07,FIN,2024,7,5,number,Grampian-2023-2024,PERFORMANCE REPORT,B) PERFORMANCE ANALYSIS,[29],paragraph,hit,0,0.0,[],1.0,0.25,1.0,1.0,0.2,1.0,0.0,"[29, 154, 23, 22]","['Grampian-2023-2024:p0029_000', 'Grampian-2023-2024:p0154_003', 'Grampian-2023-2024:p0023_001', 'Grampian-2023-2024:p0022_003', 'Grampian-2023-2024:p0154_002']","['Grampian-2023-2024', 'Grampian-2023-2024', 'Grampian-2023-2024', 'Grampian-2023-2024', 'Grampian-2023-2024']"
Q_2024_FIN_07,FIN,2024,7,10,number,Grampian-2023-2024,PERFORMANCE REPORT,B) PERFORMANCE ANALYSIS,[29],paragraph,hit,0,0.0,[],1.0,0.14285714285714285,1.0,1.0,0.2,1.0,0.0,"[29, 154, 23, 22, 31, 145, 30]","['Grampian-2023-2024:p0029_000', 'Grampian-2023-2024:p0154_003', 'Grampian-2023-2024:p0023_001', 'Grampian-2023-2024:p0022_003', 'Grampian-2023-2024:p0154_002']","['Grampian-2023-2024', 'Grampian-2023-2024', 'Grampian-2023-2024', 'Grampian-2023-2024', 'Grampian-2023-2024']"
Q_2024_FIN_08,FIN,2024,8,1,number,Grampian-2023-2024,PERFORMANCE REPORT,B) PERFORMANCE ANALYSIS,[29],paragraph,missed_top_ranked,0,0.0,[],0.0,0.0,0.0,0.0,0.0,0.0,0.0,[85],['Grampian-2023-2024:p0085_001'],['Grampian-2023-2024']
Q_2024_FIN_08,FIN,2024,8,3,number,Grampian-2023-2024,PERFORMANCE REPORT,B) PERFORMANCE ANALYSIS,[29],paragraph,missed_top_ranked,0,0.0,[],0.0,0.0,0.0,0.0,0.0,0.0,0.0,"[85, 4, 122]","['Grampian-2023-2024:p0085_001', 'Grampian-2023-2024:p0004_001', 'Grampian-2023-2024:p0122_000']","['Grampian-2023-2024', 'Grampian-2023-2024', 'Grampian-2023-2024']"
Q_2024_FIN_08,FIN,2024,8,5,number,Grampian-2023-2024,PERFORMANCE REPORT,B) PERFORMANCE ANALYSIS,[29],paragraph,missed_top_ranked,0,0.0,[],0.0,0.0,0.0,0.0,0.0,0.0,0.0,"[85, 4, 122, 40]","['Grampian-2023-2024:p0085_001', 'Grampian-2023-2024:p0004_001', 'Grampian-2023-2024:p0122_000', 'Grampian-2023-2024:p0004_000', 'Grampian-2023-2024:p0040_001']","['Grampian-2023-2024', 'Grampian-2023-2024', 'Grampian-2023-2024', 'Grampian-2023-2024', 'Grampian-2023-2024']"
Q_2024_FIN_08,FIN,2024,8,10,number,Grampian-2023-2024,PERFORMANCE REPORT,B) PERFORMANCE ANALYSIS,[29],paragraph,missed_top_ranked,0,0.0,[],0.0,0.0,0.0,0.0,0.0,0.0,0.0,"[85, 4, 122, 40, 79, 145, 3, 87]","['Grampian-2023-2024:p0085_001', 'Grampian-2023-2024:p0004_001', 'Grampian-2023-2024:p0122_000', 'Grampian-2023-2024:p0004_000', 'Grampian-2023-2024:p0040_001']","['Grampian-2023-2024', 'Grampian-2023-2024', 'Grampian-2023-2024', 'Grampian-2023-2024', 'Grampian-2023-2024']"
Q_2024_FIN_09,FIN,2024,9,1,number,Grampian-2023-2024,PERFORMANCE REPORT,B) PERFORMANCE ANALYSIS,[27],paragraph,missed_top_ranked,0,0.0,[],0.0,0.0,0.0,0.0,0.0,0.0,0.0,[24],['Grampian-2023-2024:p0024_001'],['Grampian-2023-2024']
Q_2024_FIN_09,FIN,2024,9,3,number,Grampian-2023-2024,PERFORMANCE REPORT,B) PERFORMANCE ANALYSIS,[27],paragraph,hit,0,0.0,[],1.0,0.3333333333333333,0.5,1.0,0.3333333333333333,0.5,0.0,"[24, 27, 70]","['Grampian-2023-2024:p0024_001', 'Grampian-2023-2024:p0027_000', 'Grampian-2023-2024:p0070_000']","['Grampian-2023-2024', 'Grampian-2023-2024', 'Grampian-2023-2024']"
Q_2024_FIN_09,FIN,2024,9,5,number,Grampian-2023-2024,PERFORMANCE REPORT,B) PERFORMANCE ANALYSIS,[27],paragraph,hit,0,0.0,[],1.0,0.25,0.5,1.0,0.4,0.5,0.0,"[24, 27, 70, 62]","['Grampian-2023-2024:p0024_001', 'Grampian-2023-2024:p0027_000', 'Grampian-2023-2024:p0070_000', 'Grampian-2023-2024:p0027_001', 'Grampian-2023-2024:p0062_002']","['Grampian-2023-2024', 'Grampian-2023-2024', 'Grampian-2023-2024', 'Grampian-2023-2024', 'Grampian-2023-2024']"
Q_2024_FIN_09,FIN,2024,9,10,number,Grampian-2023-2024,PERFORMANCE REPORT,B) PERFORMANCE ANALYSIS,[27],paragraph,hit,0,0.0,[],1.0,0.14285714285714285,0.5,1.0,0.3,0.5,0.0,"[24, 27, 70, 62, 28, 39, 25]","['Grampian-2023-2024:p0024_001', 'Grampian-2023-2024:p0027_000', 'Grampian-2023-2024:p0070_000', 'Grampian-2023-2024:p0027_001', 'Grampian-2023-2024:p0062_002']","['Grampian-2023-2024', 'Grampian-2023-2024', 'Grampian-2023-2024', 'Grampian-2023-2024', 'Grampian-2023-2024']"
Q_2024_FIN_10,FIN,2024,10,1,number,Grampian-2023-2024,PERFORMANCE REPORT,B) PERFORMANCE ANALYSIS,[29],paragraph,missed_top_ranked,0,0.0,[],0.0,0.0,0.0,0.0,0.0,0.0,0.0,[122],['Grampian-2023-2024:p0122_000'],['Grampian-2023-2024']
Q_2024_FIN_10,FIN,2024,10,3,number,Grampian-2023-2024,PERFORMANCE REPORT,B) PERFORMANCE ANALYSIS,[29],paragraph,hit,0,0.0,[],1.0,0.5,0.5,1.0,0.6666666666666666,0.5,0.0,"[122, 29]","['Grampian-2023-2024:p0122_000', 'Grampian-2023-2024:p0029_001', 'Grampian-2023-2024:p0029_002']","['Grampian-2023-2024', 'Grampian-2023-2024', 'Grampian-2023-2024']"
Q_2024_FIN_10,FIN,2024,10,5,number,Grampian-2023-2024,PERFORMANCE REPORT,B) PERFORMANCE ANALYSIS,[29],paragraph,hit,0,0.0,[],1.0,0.3333333333333333,0.5,1.0,0.6,0.5,0.0,"[122, 29, 73]","['Grampian-2023-2024:p0122_000', 'Grampian-2023-2024:p0029_001', 'Grampian-2023-2024:p0029_002', 'Grampian-2023-2024:p0073_000', 'Grampian-2023-2024:p0029_000']","['Grampian-2023-2024', 'Grampian-2023-2024', 'Grampian-2023-2024', 'Grampian-2023-2024', 'Grampian-2023-2024']"
Q_2024_FIN_10,FIN,2024,10,10,number,Grampian-2023-2024,PERFORMANCE REPORT,B) PERFORMANCE ANALYSIS,[29],paragraph,hit,0,0.0,[],1.0,0.125,0.5,1.0,0.3,0.5,0.0,"[122, 29, 73, 81, 116, 117, 110, 64]","['Grampian-2023-2024:p0122_000', 'Grampian-2023-2024:p0029_001', 'Grampian-2023-2024:p0029_002', 'Grampian-2023-2024:p0073_000', 'Grampian-2023-2024:p0029_000']","['Grampian-2023-2024', 'Grampian-2023-2024', 'Grampian-2023-2024', 'Grampian-2023-2024', 'Grampian-2023-2024']"
Q_2024_FIN_11,FIN,2024,11,1,number,Grampian-2023-2024,PERFORMANCE REPORT,B) PERFORMANCE ANALYSIS,[30],paragraph,missed_top_ranked,0,0.0,[],0.0,0.0,0.0,0.0,0.0,0.0,0.0,[116],['Grampian-2023-2024:p0116_000'],['Grampian-2023-2024']
Q_2024_FIN_11,FIN,2024,11,3,number,Grampian-2023-2024,PERFORMANCE REPORT,B) PERFORMANCE ANALYSIS,[30],paragraph,missed_top_ranked,0,0.0,[],0.0,0.0,0.0,0.0,0.0,0.0,0.0,"[116, 88]","['Grampian-2023-2024:p0116_000', 'Grampian-2023-2024:p0088_001', 'Grampian-2023-2024:p0116_001']","['Grampian-2023-2024', 'Grampian-2023-2024', 'Grampian-2023-2024']"
Q_2024_FIN_11,FIN,2024,11,5,number,Grampian-2023-2024,PERFORMANCE REPORT,B) PERFORMANCE ANALYSIS,[30],paragraph,missed_top_ranked,0,0.0,[],0.0,0.0,0.0,0.0,0.0,0.0,0.0,"[116, 88, 138, 137]","['Grampian-2023-2024:p0116_000', 'Grampian-2023-2024:p0088_001', 'Grampian-2023-2024:p0116_001', 'Grampian-2023-2024:p0138_000', 'Grampian-2023-2024:p0137_000']","['Grampian-2023-2024', 'Grampian-2023-2024', 'Grampian-2023-2024', 'Grampian-2023-2024', 'Grampian-2023-2024']"
Q_2024_FIN_11,FIN,2024,11,10,number,Grampian-2023-2024,PERFORMANCE REPORT,B) PERFORMANCE ANALYSIS,[30],paragraph,hit,0,0.0,[],1.0,0.16666666666666666,0.2,1.0,0.1,0.125,0.0,"[116, 88, 138, 137, 30, 110]","['Grampian-2023-2024:p0116_000', 'Grampian-2023-2024:p0088_001', 'Grampian-2023-2024:p0116_001', 'Grampian-2023-2024:p0138_000', 'Grampian-2023-2024:p0137_000']","['Grampian-2023-2024', 'Grampian-2023-2024', 'Grampian-2023-2024', 'Grampian-2023-2024', 'Grampian-2023-2024']"
Q_2024_FIN_12,FIN,2024,12,1,number,Grampian-2023-2024,PERFORMANCE REPORT,B) PERFORMANCE ANALYSIS,[23],paragraph,hit,0,0.0,[],1.0,1.0,1.0,1.0,1.0,1.0,0.0,[23],['Grampian-2023-2024:p0023_001'],['Grampian-2023-2024']
Q_2024_FIN_12,FIN,2024,12,3,number,Grampian-2023-2024,PERFORMANCE REPORT,B) PERFORMANCE ANALYSIS,[23],paragraph,hit,0,0.0,[],1.0,0.5,1.0,1.0,0.3333333333333333,1.0,0.0,"[23, 154]","['Grampian-2023-2024:p0023_001', 'Grampian-2023-2024:p0154_001', 'Grampian-2023-2024:p0154_002']","['Grampian-2023-2024', 'Grampian-2023-2024', 'Grampian-2023-2024']"
Q_2024_FIN_12,FIN,2024,12,5,number,Grampian-2023-2024,PERFORMANCE REPORT,B) PERFORMANCE ANALYSIS,[23],paragraph,hit,0,0.0,[],1.0,0.3333333333333333,1.0,1.0,0.2,1.0,0.0,"[23, 154, 155]","['Grampian-2023-2024:p0023_001', 'Grampian-2023-2024:p0154_001', 'Grampian-2023-2024:p0154_002', 'Grampian-2023-2024:p0154_003', 'Grampian-2023-2024:table_p0155']","['Grampian-2023-2024', 'Grampian-2023-2024', 'Grampian-2023-2024', 'Grampian-2023-2024', 'Grampian-2023-2024']"
Q_2024_FIN_12,FIN,2024,12,10,number,Grampian-2023-2024,PERFORMANCE REPORT,B) PERFORMANCE ANALYSIS,[23],paragraph,hit,0,0.0,[],1.0,0.2,1.0,1.0,0.2,1.0,0.0,"[23, 154, 155, 22, 33]","['Grampian-2023-2024:p0023_001', 'Grampian-2023-2024:p0154_001', 'Grampian-2023-2024:p0154_002', 'Grampian-2023-2024:p0154_003', 'Grampian-2023-2024:table_p0155']","['Grampian-2023-2024', 'Grampian-2023-2024', 'Grampian-2023-2024', 'Grampian-2023-2024', 'Grampian-2023-2024']"
Q_2024_FIN_13,FIN,2024,13,1,number,Grampian-2023-2024,PERFORMANCE REPORT,A) OVERVIEW,[5],paragraph,hit,0,0.0,[],1.0,1.0,1.0,1.0,1.0,1.0,0.0,[5],['Grampian-2023-2024:p0005_000'],['Grampian-2023-2024']
Q_2024_FIN_13,FIN,2024,13,3,number,Grampian-2023-2024,PERFORMANCE REPORT,A) OVERVIEW,[5],paragraph,hit,0,0.0,[],1.0,0.5,1.0,1.0,0.3333333333333333,1.0,0.0,"[5, 84]","['Grampian-2023-2024:p0005_000', 'Grampian-2023-2024:p0084_002', 'Grampian-2023-2024:p0084_001']","['Grampian-2023-2024', 'Grampian-2023-2024', 'Grampian-2023-2024']"
Q_2024_FIN_13,FIN,2024,13,5,number,Grampian-2023-2024,PERFORMANCE REPORT,A) OVERVIEW,[5],paragraph,hit,0,0.0,[],1.0,0.25,1.0,1.0,0.2,1.0,0.0,"[5, 84, 154, 48]","['Grampian-2023-2024:p0005_000', 'Grampian-2023-2024:p0084_002', 'Grampian-2023-2024:p0084_001', 'Grampian-2023-2024:p0154_002', 'Grampian-2023-2024:p0048_002']","['Grampian-2023-2024', 'Grampian-2023-2024', 'Grampian-2023-2024', 'Grampian-2023-2024', 'Grampian-2023-2024']"
Q_2024_FIN_13,FIN,2024,13,10,number,Grampian-2023-2024,PERFORMANCE REPORT,A) OVERVIEW,[5],paragraph,hit,0,0.0,[],1.0,0.1111111111111111,1.0,1.0,0.1,1.0,0.0,"[5, 84, 154, 48, 4, 85, 74, 81, 78]","['Grampian-2023-2024:p0005_000', 'Grampian-2023-2024:p0084_002', 'Grampian-2023-2024:p0084_001', 'Grampian-2023-2024:p0154_002', 'Grampian-2023-2024:p0048_002']","['Grampian-2023-2024', 'Grampian-2023-2024', 'Grampian-2023-2024', 'Grampian-2023-2024', 'Grampian-2023-2024']"
Q_2024_FIN_14,FIN,2024,14,1,number,Grampian-2023-2024,FINANCIAL STATEMENTS,NOTE 2. A. SUMMARY OF CORE REVENUE RESOURCE OUTTURN,[118],table,missed_top_ranked,0,0.0,[],0.0,0.0,0.0,0.0,0.0,0.0,0.0,[26],['Grampian-2023-2024:p0026_001'],['Grampian-2023-2024']
Q_2024_FIN_14,FIN,2024,14,3,number,Grampian-2023-2024,FINANCIAL STATEMENTS,NOTE 2. A. SUMMARY OF CORE REVENUE RESOURCE OUTTURN,[118],table,missed_top_ranked,0,0.0,[],0.0,0.0,0.0,0.0,0.0,0.0,0.0,"[26, 27, 31]","['Grampian-2023-2024:p0026_001', 'Grampian-2023-2024:p0027_000', 'Grampian-2023-2024:p0031_001']","['Grampian-2023-2024', 'Grampian-2023-2024', 'Grampian-2023-2024']"
Q_2024_FIN_14,FIN,2024,14,5,number,Grampian-2023-2024,FINANCIAL STATEMENTS,NOTE 2. A. SUMMARY OF CORE REVENUE RESOURCE OUTTURN,[118],table,missed_top_ranked,0,0.0,[],0.0,0.0,0.0,0.0,0.0,0.0,0.0,"[26, 27, 31, 30]","['Grampian-2023-2024:p0026_001', 'Grampian-2023-2024:p0027_000', 'Grampian-2023-2024:p0031_001', 'Grampian-2023-2024:p0030_001', 'Grampian-2023-2024:table_p0026']","['Grampian-2023-2024', 'Grampian-2023-2024', 'Grampian-2023-2024', 'Grampian-2023-2024', 'Grampian-2023-2024']"
Q_2024_FIN_14,FIN,2024,14,10,number,Grampian-2023-2024,FINANCIAL STATEMENTS,NOTE 2. A. SUMMARY OF CORE REVENUE RESOURCE OUTTURN,[118],table,missed_top_ranked,0,0.0,[],0.0,0.0,0.0,0.0,0.0,0.0,0.0,"[26, 27, 31, 30, 29, 100]","['Grampian-2023-2024:p0026_001', 'Grampian-2023-2024:p0027_000', 'Grampian-2023-2024:p0031_001', 'Grampian-2023-2024:p0030_001', 'Grampian-2023-2024:table_p0026']","['Grampian-2023-2024', 'Grampian-2023-2024', 'Grampian-2023-2024', 'Grampian-2023-2024', 'Grampian-2023-2024']"
Q_2024_SAV_01,SAV,2024,1,1,number,Grampian-2023-2024,PERFORMANCE REPORT,B) PERFORMANCE ANALYSIS,[28],paragraph,hit,0,0.0,[],1.0,1.0,1.0,1.0,1.0,1.0,0.0,[28],['Grampian-2023-2024:p0028_001'],['Grampian-2023-2024']
Q_2024_SAV_01,SAV,2024,1,3,number,Grampian-2023-2024,PERFORMANCE REPORT,B) PERFORMANCE ANALYSIS,[28],paragraph,hit,0,0.0,[],1.0,0.5,1.0,1.0,0.3333333333333333,1.0,0.0,"[28, 4]","['Grampian-2023-2024:p0028_001', 'Grampian-2023-2024:p0004_001', 'Grampian-2023-2024:p0004_000']","['Grampian-2023-2024', 'Grampian-2023-2024', 'Grampian-2023-2024']"
Q_2024_SAV_01,SAV,2024,1,5,number,Grampian-2023-2024,PERFORMANCE REPORT,B) PERFORMANCE ANALYSIS,[28],paragraph,hit,0,0.0,[],1.0,0.25,1.0,1.0,0.2,1.0,0.0,"[28, 4, 37, 33]","['Grampian-2023-2024:p0028_001', 'Grampian-2023-2024:p0004_001', 'Grampian-2023-2024:p0004_000', 'Grampian-2023-2024:p0037_000', 'Grampian-2023-2024:p0033_001']","['Grampian-2023-2024', 'Grampian-2023-2024', 'Grampian-2023-2024', 'Grampian-2023-2024', 'Grampian-2023-2024']"
Q_2024_SAV_01,SAV,2024,1,10,number,Grampian-2023-2024,PERFORMANCE REPORT,B) PERFORMANCE ANALYSIS,[28],paragraph,hit,0,0.0,[],1.0,0.125,1.0,1.0,0.1,1.0,0.0,"[28, 4, 37, 33, 27, 66, 43, 70]","['Grampian-2023-2024:p0028_001', 'Grampian-2023-2024:p0004_001', 'Grampian-2023-2024:p0004_000', 'Grampian-2023-2024:p0037_000', 'Grampian-2023-2024:p0033_001']","['Grampian-2023-2024', 'Grampian-2023-2024', 'Grampian-2023-2024', 'Grampian-2023-2024', 'Grampian-2023-2024']"
Q_2024_SAV_02,SAV,2024,2,1,number,Grampian-2023-2024,PERFORMANCE REPORT,B) PERFORMANCE ANALYSIS,[29],paragraph,hit,0,0.0,[],1.0,1.0,1.0,1.0,1.0,1.0,0.0,[29],['Grampian-2023-2024:p0029_000'],['Grampian-2023-2024']
Q_2024_SAV_02,SAV,2024,2,3,number,Grampian-2023-2024,PERFORMANCE REPORT,B) PERFORMANCE ANALYSIS,[29],paragraph,hit,0,0.0,[],1.0,0.5,1.0,1.0,0.3333333333333333,1.0,0.0,"[29, 4]","['Grampian-2023-2024:p0029_000', 'Grampian-2023-2024:p0004_001', 'Grampian-2023-2024:p0004_000']","['Grampian-2023-2024', 'Grampian-2023-2024', 'Grampian-2023-2024']"
Q_2024_SAV_02,SAV,2024,2,5,number,Grampian-2023-2024,PERFORMANCE REPORT,B) PERFORMANCE ANALYSIS,[29],paragraph,hit,0,0.0,[],1.0,0.3333333333333333,1.0,1.0,0.2,1.0,0.0,"[29, 4, 28]","['Grampian-2023-2024:p0029_000', 'Grampian-2023-2024:p0004_001', 'Grampian-2023-2024:p0004_000', 'Grampian-2023-2024:p0028_001', 'Grampian-2023-2024:p0004_002']","['Grampian-2023-2024', 'Grampian-2023-2024', 'Grampian-2023-2024', 'Grampian-2023-2024', 'Grampian-2023-2024']"
Q_2024_SAV_02,SAV,2024,2,10,number,Grampian-2023-2024,PERFORMANCE REPORT,B) PERFORMANCE ANALYSIS,[29],paragraph,hit,0,0.0,[],1.0,0.14285714285714285,1.0,1.0,0.1,1.0,0.0,"[29, 4, 28, 43, 27, 131, 118]","['Grampian-2023-2024:p0029_000', 'Grampian-2023-2024:p0004_001', 'Grampian-2023-2024:p0004_000', 'Grampian-2023-2024:p0028_001', 'Grampian-2023-2024:p0004_002']","['Grampian-2023-2024', 'Grampian-2023-2024', 'Grampian-2023-2024', 'Grampian-2023-2024', 'Grampian-2023-2024']"
Q_2024_SAV_03,SAV,2024,3,1,number,Grampian-2023-2024,PERFORMANCE REPORT,B) PERFORMANCE ANALYSIS,[28],paragraph,hit,0,0.0,[],1.0,1.0,1.0,1.0,1.0,1.0,0.0,[28],['Grampian-2023-2024:p0028_001'],['Grampian-2023-2024']
Q_2024_SAV_03,SAV,2024,3,3,number,Grampian-2023-2024,PERFORMANCE REPORT,B) PERFORMANCE ANALYSIS,[28],paragraph,hit,0,0.0,[],1.0,0.5,1.0,1.0,0.6666666666666666,1.0,0.0,"[28, 4]","['Grampian-2023-2024:p0028_001', 'Grampian-2023-2024:p0028_002', 'Grampian-2023-2024:p0004_001']","['Grampian-2023-2024', 'Grampian-2023-2024', 'Grampian-2023-2024']"
Q_2024_SAV_03,SAV,2024,3,5,number,Grampian-2023-2024,PERFORMANCE REPORT,B) PERFORMANCE ANALYSIS,[28],paragraph,hit,0,0.0,[],1.0,0.3333333333333333,1.0,1.0,0.4,1.0,0.0,"[28, 4, 66]","['Grampian-2023-2024:p0028_001', 'Grampian-2023-2024:p0028_002', 'Grampian-2023-2024:p0004_001', 'Grampian-2023-2024:p0066_000', 'Grampian-2023-2024:p0004_000']","['Grampian-2023-2024', 'Grampian-2023-2024', 'Grampian-2023-2024', 'Grampian-2023-2024', 'Grampian-2023-2024']"
Q_2024_SAV_03,SAV,2024,3,10,number,Grampian-2023-2024,PERFORMANCE REPORT,B) PERFORMANCE ANALYSIS,[28],paragraph,hit,0,0.0,[],1.0,0.125,1.0,1.0,0.2,1.0,0.0,"[28, 4, 66, 23, 27, 11, 8, 81]","['Grampian-2023-2024:p0028_001', 'Grampian-2023-2024:p0028_002', 'Grampian-2023-2024:p0004_001', 'Grampian-2023-2024:p0066_000', 'Grampian-2023-2024:p0004_000']","['Grampian-2023-2024', 'Grampian-2023-2024', 'Grampian-2023-2024', 'Grampian-2023-2024', 'Grampian-2023-2024']"
Q_2024_SAV_04,SAV,2024,4,1,text,Grampian-2023-2024,PERFORMANCE REPORT,B) PERFORMANCE ANALYSIS,[28],paragraph,hit,0,0.0,[],1.0,1.0,1.0,1.0,1.0,1.0,0.0,[28],['Grampian-2023-2024:p0028_001'],['Grampian-2023-2024']
Q_2024_SAV_04,SAV,2024,4,3,text,Grampian-2023-2024,PERFORMANCE REPORT,B) PERFORMANCE ANALYSIS,[28],paragraph,hit,0,0.0,[],1.0,0.5,1.0,1.0,0.6666666666666666,1.0,0.0,"[28, 4]","['Grampian-2023-2024:p0028_001', 'Grampian-2023-2024:p0028_002', 'Grampian-2023-2024:p0004_000']","['Grampian-2023-2024', 'Grampian-2023-2024', 'Grampian-2023-2024']"
Q_2024_SAV_04,SAV,2024,4,5,text,Grampian-2023-2024,PERFORMANCE REPORT,B) PERFORMANCE ANALYSIS,[28],paragraph,hit,0,0.0,[],1.0,0.3333333333333333,1.0,1.0,0.4,1.0,0.0,"[28, 4, 11]","['Grampian-2023-2024:p0028_001', 'Grampian-2023-2024:p0028_002', 'Grampian-2023-2024:p0004_000', 'Grampian-2023-2024:p0011_000', 'Grampian-2023-2024:p0004_001']","['Grampian-2023-2024', 'Grampian-2023-2024', 'Grampian-2023-2024', 'Grampian-2023-2024', 'Grampian-2023-2024']"
Q_2024_SAV_04,SAV,2024,4,10,text,Grampian-2023-2024,PERFORMANCE REPORT,B) PERFORMANCE ANALYSIS,[28],paragraph,hit,0,0.0,[],1.0,0.125,1.0,1.0,0.2,1.0,0.0,"[28, 4, 11, 49, 37, 33, 27, 98]","['Grampian-2023-2024:p0028_001', 'Grampian-2023-2024:p0028_002', 'Grampian-2023-2024:p0004_000', 'Grampian-2023-2024:p0011_000', 'Grampian-2023-2024:p0004_001']","['Grampian-2023-2024', 'Grampian-2023-2024', 'Grampian-2023-2024', 'Grampian-2023-2024', 'Grampian-2023-2024']"
Q_2024_SAV_05,SAV,2024,5,1,text,Grampian-2023-2024,PERFORMANCE REPORT,B) PERFORMANCE ANALYSIS,[28],paragraph,hit,0,0.0,[],1.0,1.0,1.0,1.0,1.0,1.0,0.0,[28],['Grampian-2023-2024:p0028_002'],['Grampian-2023-2024']
Q_2024_SAV_05,SAV,2024,5,3,text,Grampian-2023-2024,PERFORMANCE REPORT,B) PERFORMANCE ANALYSIS,[28],paragraph,hit,0,0.0,[],1.0,0.5,1.0,1.0,0.6666666666666666,1.0,0.0,"[28, 4]","['Grampian-2023-2024:p0028_002', 'Grampian-2023-2024:p0028_001', 'Grampian-2023-2024:p0004_001']","['Grampian-2023-2024', 'Grampian-2023-2024', 'Grampian-2023-2024']"
Q_2024_SAV_05,SAV,2024,5,5,text,Grampian-2023-2024,PERFORMANCE REPORT,B) PERFORMANCE ANALYSIS,[28],paragraph,hit,0,0.0,[],1.0,0.3333333333333333,1.0,1.0,0.4,1.0,0.0,"[28, 4, 59]","['Grampian-2023-2024:p0028_002', 'Grampian-2023-2024:p0028_001', 'Grampian-2023-2024:p0004_001', 'Grampian-2023-2024:p0004_000', 'Grampian-2023-2024:p0059_001']","['Grampian-2023-2024', 'Grampian-2023-2024', 'Grampian-2023-2024', 'Grampian-2023-2024', 'Grampian-2023-2024']"
Q_2024_SAV_05,SAV,2024,5,10,text,Grampian-2023-2024,PERFORMANCE REPORT,B) PERFORMANCE ANALYSIS,[28],paragraph,hit,0,0.0,[],1.0,0.125,1.0,1.0,0.2,1.0,0.0,"[28, 4, 59, 54, 68, 65, 49, 64]","['Grampian-2023-2024:p0028_002', 'Grampian-2023-2024:p0028_001', 'Grampian-2023-2024:p0004_001', 'Grampian-2023-2024:p0004_000', 'Grampian-2023-2024:p0059_001']","['Grampian-2023-2024', 'Grampian-2023-2024', 'Grampian-2023-2024', 'Grampian-2023-2024', 'Grampian-2023-2024']"
Q_2024_SAV_06,SAV,2024,6,1,number,Grampian-2023-2024,PERFORMANCE REPORT,B) PERFORMANCE ANALYSIS,[28],paragraph,hit,0,0.0,[],1.0,1.0,1.0,1.0,1.0,1.0,0.0,[28],['Grampian-2023-2024:p0028_001'],['Grampian-2023-2024']
Q_2024_SAV_06,SAV,2024,6,3,number,Grampian-2023-2024,PERFORMANCE REPORT,B) PERFORMANCE ANALYSIS,[28],paragraph,hit,0,0.0,[],1.0,0.3333333333333333,1.0,1.0,0.3333333333333333,1.0,0.0,"[28, 66, 4]","['Grampian-2023-2024:p0028_001', 'Grampian-2023-2024:p0066_000', 'Grampian-2023-2024:p0004_000']","['Grampian-2023-2024', 'Grampian-2023-2024', 'Grampian-2023-2024']"
Q_2024_SAV_06,SAV,2024,6,5,number,Grampian-2023-2024,PERFORMANCE REPORT,B) PERFORMANCE ANALYSIS,[28],paragraph,hit,0,0.0,[],1.0,0.3333333333333333,1.0,1.0,0.4,1.0,0.0,"[28, 66, 4]","['Grampian-2023-2024:p0028_001', 'Grampian-2023-2024:p0066_000', 'Grampian-2023-2024:p0004_000', 'Grampian-2023-2024:p0028_002', 'Grampian-2023-2024:p0004_001']","['Grampian-2023-2024', 'Grampian-2023-2024', 'Grampian-2023-2024', 'Grampian-2023-2024', 'Grampian-2023-2024']"
Q_2024_SAV_06,SAV,2024,6,10,number,Grampian-2023-2024,PERFORMANCE REPORT,B) PERFORMANCE ANALYSIS,[28],paragraph,hit,0,0.0,[],1.0,0.14285714285714285,1.0,1.0,0.2,1.0,0.0,"[28, 66, 4, 11, 33, 18, 8]","['Grampian-2023-2024:p0028_001', 'Grampian-2023-2024:p0066_000', 'Grampian-2023-2024:p0004_000', 'Grampian-2023-2024:p0028_002', 'Grampian-2023-2024:p0004_001']","['Grampian-2023-2024', 'Grampian-2023-2024', 'Grampian-2023-2024', 'Grampian-2023-2024', 'Grampian-2023-2024']"
Q_2024_IJB_01,IJB,2024,1,1,number,Grampian-2023-2024,PERFORMANCE REPORT,B) PERFORMANCE ANALYSIS,[24],paragraph,hit,0,0.0,[],1.0,1.0,1.0,1.0,1.0,1.0,0.0,[24],['Grampian-2023-2024:p0024_002'],['Grampian-2023-2024']
Q_2024_IJB_01,IJB,2024,1,3,number,Grampian-2023-2024,PERFORMANCE REPORT,B) PERFORMANCE ANALYSIS,[24],paragraph,hit,0,0.0,[],1.0,1.0,1.0,1.0,1.0,1.0,0.0,[24],"['Grampian-2023-2024:p0024_002', 'Grampian-2023-2024:p0024_003', 'Grampian-2023-2024:p0024_001']","['Grampian-2023-2024', 'Grampian-2023-2024', 'Grampian-2023-2024']"
Q_2024_IJB_01,IJB,2024,1,5,number,Grampian-2023-2024,PERFORMANCE REPORT,B) PERFORMANCE ANALYSIS,[24],paragraph,hit,0,0.0,[],1.0,0.3333333333333333,1.0,1.0,0.6,1.0,0.0,"[24, 25, 22]","['Grampian-2023-2024:p0024_002', 'Grampian-2023-2024:p0024_003', 'Grampian-2023-2024:p0024_001', 'Grampian-2023-2024:p0025_000', 'Grampian-2023-2024:p0022_002']","['Grampian-2023-2024', 'Grampian-2023-2024', 'Grampian-2023-2024', 'Grampian-2023-2024', 'Grampian-2023-2024']"
Q_2024_IJB_01,IJB,2024,1,10,number,Grampian-2023-2024,PERFORMANCE REPORT,B) PERFORMANCE ANALYSIS,[24],paragraph,hit,0,0.0,[],1.0,0.16666666666666666,1.0,1.0,0.4,1.0,0.0,"[24, 25, 22, 74, 154, 70]","['Grampian-2023-2024:p0024_002', 'Grampian-2023-2024:p0024_003', 'Grampian-2023-2024:p0024_001', 'Grampian-2023-2024:p0025_000', 'Grampian-2023-2024:p0022_002']","['Grampian-2023-2024', 'Grampian-2023-2024', 'Grampian-2023-2024', 'Grampian-2023-2024', 'Grampian-2023-2024']"
Q_2024_IJB_02,IJB,2024,2,1,number,Grampian-2023-2024,PERFORMANCE REPORT,B) PERFORMANCE ANALYSIS,[24],paragraph,hit,0,0.0,[],1.0,1.0,1.0,1.0,1.0,1.0,0.0,[24],['Grampian-2023-2024:p0024_001'],['Grampian-2023-2024']
Q_2024_IJB_02,IJB,2024,2,3,number,Grampian-2023-2024,PERFORMANCE REPORT,B) PERFORMANCE ANALYSIS,[24],paragraph,hit,0,0.0,[],1.0,0.5,1.0,1.0,0.6666666666666666,1.0,0.0,"[24, 25]","['Grampian-2023-2024:p0024_001', 'Grampian-2023-2024:p0025_000', 'Grampian-2023-2024:p0024_002']","['Grampian-2023-2024', 'Grampian-2023-2024', 'Grampian-2023-2024']"
Q_2024_IJB_02,IJB,2024,2,5,number,Grampian-2023-2024,PERFORMANCE REPORT,B) PERFORMANCE ANALYSIS,[24],paragraph,hit,0,0.0,[],1.0,0.5,1.0,1.0,0.8,1.0,0.0,"[24, 25]","['Grampian-2023-2024:p0024_001', 'Grampian-2023-2024:p0025_000', 'Grampian-2023-2024:p0024_002', 'Grampian-2023-2024:p0024_003', 'Grampian-2023-2024:p0024_000']","['Grampian-2023-2024', 'Grampian-2023-2024', 'Grampian-2023-2024', 'Grampian-2023-2024', 'Grampian-2023-2024']"
Q_2024_IJB_02,IJB,2024,2,10,number,Grampian-2023-2024,PERFORMANCE REPORT,B) PERFORMANCE ANALYSIS,[24],paragraph,hit,0,0.0,[],1.0,0.16666666666666666,1.0,1.0,0.4,1.0,0.0,"[24, 25, 29, 70, 22, 30]","['Grampian-2023-2024:p0024_001', 'Grampian-2023-2024:p0025_000', 'Grampian-2023-2024:p0024_002', 'Grampian-2023-2024:p0024_003', 'Grampian-2023-2024:p0024_000']","['Grampian-2023-2024', 'Grampian-2023-2024', 'Grampian-2023-2024', 'Grampian-2023-2024', 'Grampian-2023-2024']"
Q_2024_IJB_03,IJB,2024,3,1,number,Grampian-2023-2024,PERFORMANCE REPORT,B) PERFORMANCE ANALYSIS,[25],paragraph,missed_top_ranked,0,0.0,[],0.0,0.0,0.0,0.0,0.0,0.0,0.0,[24],['Grampian-2023-2024:p0024_003'],['Grampian-2023-2024']
Q_2024_IJB_03,IJB,2024,3,3,number,Grampian-2023-2024,PERFORMANCE REPORT,B) PERFORMANCE ANALYSIS,[25],paragraph,hit,0,0.0,[],1.0,0.5,0.5,1.0,0.3333333333333333,0.5,0.0,"[24, 25]","['Grampian-2023-2024:p0024_003', 'Grampian-2023-2024:p0025_000', 'Grampian-2023-2024:p0024_001']","['Grampian-2023-2024', 'Grampian-2023-2024', 'Grampian-2023-2024']"
Q_2024_IJB_03,IJB,2024,3,5,number,Grampian-2023-2024,PERFORMANCE REPORT,B) PERFORMANCE ANALYSIS,[25],paragraph,hit,0,0.0,[],1.0,0.5,0.5,1.0,0.4,0.5,0.0,"[24, 25]","['Grampian-2023-2024:p0024_003', 'Grampian-2023-2024:p0025_000', 'Grampian-2023-2024:p0024_001', 'Grampian-2023-2024:p0024_002', 'Grampian-2023-2024:p0025_001']","['Grampian-2023-2024', 'Grampian-2023-2024', 'Grampian-2023-2024', 'Grampian-2023-2024', 'Grampian-2023-2024']"
Q_2024_IJB_03,IJB,2024,3,10,number,Grampian-2023-2024,PERFORMANCE REPORT,B) PERFORMANCE ANALYSIS,[25],paragraph,hit,0,0.0,[],1.0,0.2,0.5,1.0,0.2,0.5,0.0,"[24, 25, 30, 29, 70]","['Grampian-2023-2024:p0024_003', 'Grampian-2023-2024:p0025_000', 'Grampian-2023-2024:p0024_001', 'Grampian-2023-2024:p0024_002', 'Grampian-2023-2024:p0025_001']","['Grampian-2023-2024', 'Grampian-2023-2024', 'Grampian-2023-2024', 'Grampian-2023-2024', 'Grampian-2023-2024']"
Q_2024_IJB_04,IJB,2024,4,1,text,Grampian-2023-2024,PERFORMANCE REPORT,B) PERFORMANCE ANALYSIS,[24],paragraph,hit,0,0.0,[],1.0,1.0,1.0,1.0,1.0,1.0,0.0,[24],['Grampian-2023-2024:p0024_001'],['Grampian-2023-2024']
Q_2024_IJB_04,IJB,2024,4,3,text,Grampian-2023-2024,PERFORMANCE REPORT,B) PERFORMANCE ANALYSIS,[24],paragraph,hit,0,0.0,[],1.0,0.3333333333333333,1.0,1.0,0.3333333333333333,1.0,0.0,"[24, 30, 25]","['Grampian-2023-2024:p0024_001', 'Grampian-2023-2024:p0030_001', 'Grampian-2023-2024:p0025_000']","['Grampian-2023-2024', 'Grampian-2023-2024', 'Grampian-2023-2024']"
Q_2024_IJB_04,IJB,2024,4,5,text,Grampian-2023-2024,PERFORMANCE REPORT,B) PERFORMANCE ANALYSIS,[24],paragraph,hit,0,0.0,[],1.0,0.3333333333333333,1.0,1.0,0.4,1.0,0.0,"[24, 30, 25]","['Grampian-2023-2024:p0024_001', 'Grampian-2023-2024:p0030_001', 'Grampian-2023-2024:p0025_000', 'Grampian-2023-2024:p0024_002', 'Grampian-2023-2024:p0025_001']","['Grampian-2023-2024', 'Grampian-2023-2024', 'Grampian-2023-2024', 'Grampian-2023-2024', 'Grampian-2023-2024']"
Q_2024_IJB_04,IJB,2024,4,10,text,Grampian-2023-2024,PERFORMANCE REPORT,B) PERFORMANCE ANALYSIS,[24],paragraph,hit,0,0.0,[],1.0,0.2,1.0,1.0,0.4,1.0,0.0,"[24, 30, 25, 70, 29]","['Grampian-2023-2024:p0024_001', 'Grampian-2023-2024:p0030_001', 'Grampian-2023-2024:p0025_000', 'Grampian-2023-2024:p0024_002', 'Grampian-2023-2024:p0025_001']","['Grampian-2023-2024', 'Grampian-2023-2024', 'Grampian-2023-2024', 'Grampian-2023-2024', 'Grampian-2023-2024']"
Q_2024_IJB_05,IJB,2024,5,1,text,Grampian-2023-2024,PERFORMANCE REPORT,B) PERFORMANCE ANALYSIS,[24],paragraph,hit,0,0.0,[],1.0,1.0,1.0,1.0,1.0,1.0,0.0,[24],['Grampian-2023-2024:p0024_001'],['Grampian-2023-2024']
Q_2024_IJB_05,IJB,2024,5,3,text,Grampian-2023-2024,PERFORMANCE REPORT,B) PERFORMANCE ANALYSIS,[24],paragraph,hit,0,0.0,[],1.0,0.5,1.0,1.0,0.6666666666666666,1.0,0.0,"[24, 29]","['Grampian-2023-2024:p0024_001', 'Grampian-2023-2024:p0024_000', 'Grampian-2023-2024:p0029_002']","['Grampian-2023-2024', 'Grampian-2023-2024', 'Grampian-2023-2024']"
Q_2024_IJB_05,IJB,2024,5,5,text,Grampian-2023-2024,PERFORMANCE REPORT,B) PERFORMANCE ANALYSIS,[24],paragraph,hit,0,0.0,[],1.0,0.25,1.0,1.0,0.4,1.0,0.0,"[24, 29, 25, 30]","['Grampian-2023-2024:p0024_001', 'Grampian-2023-2024:p0024_000', 'Grampian-2023-2024:p0029_002', 'Grampian-2023-2024:p0025_000', 'Grampian-2023-2024:p0030_001']","['Grampian-2023-2024', 'Grampian-2023-2024', 'Grampian-2023-2024', 'Grampian-2023-2024', 'Grampian-2023-2024']"
Q_2024_IJB_05,IJB,2024,5,10,text,Grampian-2023-2024,PERFORMANCE REPORT,B) PERFORMANCE ANALYSIS,[24],paragraph,hit,0,0.0,[],1.0,0.16666666666666666,1.0,1.0,0.3,1.0,0.0,"[24, 29, 25, 30, 99, 27]","['Grampian-2023-2024:p0024_001', 'Grampian-2023-2024:p0024_000', 'Grampian-2023-2024:p0029_002', 'Grampian-2023-2024:p0025_000', 'Grampian-2023-2024:p0030_001']","['Grampian-2023-2024', 'Grampian-2023-2024', 'Grampian-2023-2024', 'Grampian-2023-2024', 'Grampian-2023-2024']"
Q_2024_IJB_06,IJB,2024,6,1,number,Grampian-2023-2024,PERFORMANCE REPORT,B) PERFORMANCE ANALYSIS,[22],table,hit,0,0.0,[],1.0,1.0,1.0,1.0,1.0,1.0,0.0,[22],['Grampian-2023-2024:p0022_001'],['Grampian-2023-2024']
Q_2024_IJB_06,IJB,2024,6,3,number,Grampian-2023-2024,PERFORMANCE REPORT,B) PERFORMANCE ANALYSIS,[22],table,hit,0,0.0,[],1.0,0.3333333333333333,1.0,1.0,0.3333333333333333,1.0,0.0,"[22, 39, 154]","['Grampian-2023-2024:p0022_001', 'Grampian-2023-2024:p0039_002', 'Grampian-2023-2024:p0154_000']","['Grampian-2023-2024', 'Grampian-2023-2024', 'Grampian-2023-2024']"
Q_2024_IJB_06,IJB,2024,6,5,number,Grampian-2023-2024,PERFORMANCE REPORT,B) PERFORMANCE ANALYSIS,[22],table,hit,0,0.0,[],1.0,0.25,1.0,1.0,0.4,1.0,0.0,"[22, 39, 154, 99]","['Grampian-2023-2024:p0022_001', 'Grampian-2023-2024:p0039_002', 'Grampian-2023-2024:p0154_000', 'Grampian-2023-2024:p0099_001', 'Grampian-2023-2024:p0022_002']","['Grampian-2023-2024', 'Grampian-2023-2024', 'Grampian-2023-2024', 'Grampian-2023-2024', 'Grampian-2023-2024']"
Q_2024_IJB_06,IJB,2024,6,10,number,Grampian-2023-2024,PERFORMANCE REPORT,B) PERFORMANCE ANALYSIS,[22],table,hit,0,0.0,[],1.0,0.125,1.0,1.0,0.3,1.0,0.0,"[22, 39, 154, 99, 23, 29, 30, 24]","['Grampian-2023-2024:p0022_001', 'Grampian-2023-2024:p0039_002', 'Grampian-2023-2024:p0154_000', 'Grampian-2023-2024:p0099_001', 'Grampian-2023-2024:p0022_002']","['Grampian-2023-2024', 'Grampian-2023-2024', 'Grampian-2023-2024', 'Grampian-2023-2024', 'Grampian-2023-2024']"
Q_2024_IJB_07,IJB,2024,7,1,number,Grampian-2023-2024,PERFORMANCE REPORT,B) PERFORMANCE ANALYSIS,[30],paragraph,hit,0,0.0,[],1.0,1.0,1.0,1.0,1.0,1.0,0.0,[30],['Grampian-2023-2024:p0030_001'],['Grampian-2023-2024']
Q_2024_IJB_07,IJB,2024,7,3,number,Grampian-2023-2024,PERFORMANCE REPORT,B) PERFORMANCE ANALYSIS,[30],paragraph,hit,0,0.0,[],1.0,0.5,1.0,1.0,0.6666666666666666,1.0,0.0,"[30, 154]","['Grampian-2023-2024:p0030_001', 'Grampian-2023-2024:p0154_000', 'Grampian-2023-2024:p0030_000']","['Grampian-2023-2024', 'Grampian-2023-2024', 'Grampian-2023-2024']"
Q_2024_IJB_07,IJB,2024,7,5,number,Grampian-2023-2024,PERFORMANCE REPORT,B) PERFORMANCE ANALYSIS,[30],paragraph,hit,0,0.0,[],1.0,0.25,1.0,1.0,0.4,1.0,0.0,"[30, 154, 22, 29]","['Grampian-2023-2024:p0030_001', 'Grampian-2023-2024:p0154_000', 'Grampian-2023-2024:p0030_000', 'Grampian-2023-2024:p0022_001', 'Grampian-2023-2024:p0029_002']","['Grampian-2023-2024', 'Grampian-2023-2024', 'Grampian-2023-2024', 'Grampian-2023-2024', 'Grampian-2023-2024']"
Q_2024_IJB_07,IJB,2024,7,10,number,Grampian-2023-2024,PERFORMANCE REPORT,B) PERFORMANCE ANALYSIS,[30],paragraph,hit,0,0.0,[],1.0,0.125,1.0,1.0,0.2,1.0,0.0,"[30, 154, 22, 29, 74, 24, 23, 122]","['Grampian-2023-2024:p0030_001', 'Grampian-2023-2024:p0154_000', 'Grampian-2023-2024:p0030_000', 'Grampian-2023-2024:p0022_001', 'Grampian-2023-2024:p0029_002']","['Grampian-2023-2024', 'Grampian-2023-2024', 'Grampian-2023-2024', 'Grampian-2023-2024', 'Grampian-2023-2024']"
Q_2024_IJB_08,IJB,2024,8,1,number,Grampian-2023-2024,PERFORMANCE REPORT,B) PERFORMANCE ANALYSIS,[24],paragraph,hit,0,0.0,[],1.0,1.0,1.0,1.0,1.0,1.0,0.0,[24],['Grampian-2023-2024:p0024_002'],['Grampian-2023-2024']
Q_2024_IJB_08,IJB,2024,8,3,number,Grampian-2023-2024,PERFORMANCE REPORT,B) PERFORMANCE ANALYSIS,[24],paragraph,hit,0,0.0,[],1.0,0.5,1.0,1.0,0.6666666666666666,1.0,0.0,"[24, 25]","['Grampian-2023-2024:p0024_002', 'Grampian-2023-2024:p0024_001', 'Grampian-2023-2024:p0025_000']","['Grampian-2023-2024', 'Grampian-2023-2024', 'Grampian-2023-2024']"
Q_2024_IJB_08,IJB,2024,8,5,number,Grampian-2023-2024,PERFORMANCE REPORT,B) PERFORMANCE ANALYSIS,[24],paragraph,hit,0,0.0,[],1.0,0.25,1.0,1.0,0.4,1.0,0.0,"[24, 25, 154, 22]","['Grampian-2023-2024:p0024_002', 'Grampian-2023-2024:p0024_001', 'Grampian-2023-2024:p0025_000', 'Grampian-2023-2024:p0154_000', 'Grampian-2023-2024:p0022_001']","['Grampian-2023-2024', 'Grampian-2023-2024', 'Grampian-2023-2024', 'Grampian-2023-2024', 'Grampian-2023-2024']"
Q_2024_IJB_08,IJB,2024,8,10,number,Grampian-2023-2024,PERFORMANCE REPORT,B) PERFORMANCE ANALYSIS,[24],paragraph,hit,0,0.0,[],1.0,0.16666666666666666,1.0,1.0,0.3,1.0,0.0,"[24, 25, 154, 22, 156, 155]","['Grampian-2023-2024:p0024_002', 'Grampian-2023-2024:p0024_001', 'Grampian-2023-2024:p0025_000', 'Grampian-2023-2024:p0154_000', 'Grampian-2023-2024:p0022_001']","['Grampian-2023-2024', 'Grampian-2023-2024', 'Grampian-2023-2024', 'Grampian-2023-2024', 'Grampian-2023-2024']"
Q_2024_AE_01,AE,2024,1,1,number,Grampian-2023-2024,PERFORMANCE REPORT,B) PERFORMANCE ANALYSIS,[12],paragraph,hit,0,0.0,[],1.0,1.0,1.0,1.0,1.0,1.0,0.0,[12],['Grampian-2023-2024:p0012_000'],['Grampian-2023-2024']
Q_2024_AE_01,AE,2024,1,3,number,Grampian-2023-2024,PERFORMANCE REPORT,B) PERFORMANCE ANALYSIS,[12],paragraph,hit,0,0.0,[],1.0,0.3333333333333333,1.0,1.0,0.3333333333333333,1.0,0.0,"[12, 87, 85]","['Grampian-2023-2024:p0012_000', 'Grampian-2023-2024:p0087_000', 'Grampian-2023-2024:p0085_000']","['Grampian-2023-2024', 'Grampian-2023-2024', 'Grampian-2023-2024']"
Q_2024_AE_01,AE,2024,1,5,number,Grampian-2023-2024,PERFORMANCE REPORT,B) PERFORMANCE ANALYSIS,[12],paragraph,hit,0,0.0,[],1.0,0.2,1.0,1.0,0.2,1.0,0.0,"[12, 87, 85, 131, 74]","['Grampian-2023-2024:p0012_000', 'Grampian-2023-2024:p0087_000', 'Grampian-2023-2024:p0085_000', 'Grampian-2023-2024:p0131_000', 'Grampian-2023-2024:p0074_000']","['Grampian-2023-2024', 'Grampian-2023-2024', 'Grampian-2023-2024', 'Grampian-2023-2024', 'Grampian-2023-2024']"
Q_2024_AE_01,AE,2024,1,10,number,Grampian-2023-2024,PERFORMANCE REPORT,B) PERFORMANCE ANALYSIS,[12],paragraph,hit,0,0.0,[],1.0,0.1111111111111111,1.0,1.0,0.1,1.0,0.0,"[12, 87, 85, 131, 74, 62, 22, 154, 152]","['Grampian-2023-2024:p0012_000', 'Grampian-2023-2024:p0087_000', 'Grampian-2023-2024:p0085_000', 'Grampian-2023-2024:p0131_000', 'Grampian-2023-2024:p0074_000']","['Grampian-2023-2024', 'Grampian-2023-2024', 'Grampian-2023-2024', 'Grampian-2023-2024', 'Grampian-2023-2024']"
Q_2024_AE_02,AE,2024,2,1,number,Grampian-2023-2024,PERFORMANCE REPORT,B) PERFORMANCE ANALYSIS,[12],paragraph,hit,0,0.0,[],1.0,1.0,1.0,1.0,1.0,1.0,0.0,[12],['Grampian-2023-2024:p0012_000'],['Grampian-2023-2024']
Q_2024_AE_02,AE,2024,2,3,number,Grampian-2023-2024,PERFORMANCE REPORT,B) PERFORMANCE ANALYSIS,[12],paragraph,hit,0,0.0,[],1.0,0.3333333333333333,1.0,1.0,0.3333333333333333,1.0,0.0,"[12, 87, 14]","['Grampian-2023-2024:p0012_000', 'Grampian-2023-2024:p0087_000', 'Grampian-2023-2024:p0014_001']","['Grampian-2023-2024', 'Grampian-2023-2024', 'Grampian-2023-2024']"
Q_2024_AE_02,AE,2024,2,5,number,Grampian-2023-2024,PERFORMANCE REPORT,B) PERFORMANCE ANALYSIS,[12],paragraph,hit,0,0.0,[],1.0,0.25,1.0,1.0,0.2,1.0,0.0,"[12, 87, 14, 131]","['Grampian-2023-2024:p0012_000', 'Grampian-2023-2024:p0087_000', 'Grampian-2023-2024:p0014_001', 'Grampian-2023-2024:p0131_000', 'Grampian-2023-2024:p0131_001']","['Grampian-2023-2024', 'Grampian-2023-2024', 'Grampian-2023-2024', 'Grampian-2023-2024', 'Grampian-2023-2024']"
Q_2024_AE_02,AE,2024,2,10,number,Grampian-2023-2024,PERFORMANCE REPORT,B) PERFORMANCE ANALYSIS,[12],paragraph,hit,0,0.0,[],1.0,0.125,1.0,1.0,0.1,1.0,0.0,"[12, 87, 14, 131, 13, 154, 79, 16]","['Grampian-2023-2024:p0012_000', 'Grampian-2023-2024:p0087_000', 'Grampian-2023-2024:p0014_001', 'Grampian-2023-2024:p0131_000', 'Grampian-2023-2024:p0131_001']","['Grampian-2023-2024', 'Grampian-2023-2024', 'Grampian-2023-2024', 'Grampian-2023-2024', 'Grampian-2023-2024']"
Q_2024_AE_03,AE,2024,3,1,number,Grampian-2023-2024,PERFORMANCE REPORT,B) PERFORMANCE ANALYSIS,[12],paragraph,hit,0,0.0,[],1.0,1.0,1.0,1.0,1.0,1.0,0.0,[12],['Grampian-2023-2024:p0012_000'],['Grampian-2023-2024']
Q_2024_AE_03,AE,2024,3,3,number,Grampian-2023-2024,PERFORMANCE REPORT,B) PERFORMANCE ANALYSIS,[12],paragraph,hit,0,0.0,[],1.0,0.5,1.0,1.0,0.3333333333333333,1.0,0.0,"[12, 131]","['Grampian-2023-2024:p0012_000', 'Grampian-2023-2024:p0131_001', 'Grampian-2023-2024:p0131_000']","['Grampian-2023-2024', 'Grampian-2023-2024', 'Grampian-2023-2024']"
Q_2024_AE_03,AE,2024,3,5,number,Grampian-2023-2024,PERFORMANCE REPORT,B) PERFORMANCE ANALYSIS,[12],paragraph,hit,0,0.0,[],1.0,0.3333333333333333,1.0,1.0,0.2,1.0,0.0,"[12, 131, 14]","['Grampian-2023-2024:p0012_000', 'Grampian-2023-2024:p0131_001', 'Grampian-2023-2024:p0131_000', 'Grampian-2023-2024:p0014_001', 'Grampian-2023-2024:p0014_000']","['Grampian-2023-2024', 'Grampian-2023-2024', 'Grampian-2023-2024', 'Grampian-2023-2024', 'Grampian-2023-2024']"
Q_2024_AE_03,AE,2024,3,10,number,Grampian-2023-2024,PERFORMANCE REPORT,B) PERFORMANCE ANALYSIS,[12],paragraph,hit,0,0.0,[],1.0,0.125,1.0,1.0,0.1,1.0,0.0,"[12, 131, 14, 79, 87, 152, 22, 147]","['Grampian-2023-2024:p0012_000', 'Grampian-2023-2024:p0131_001', 'Grampian-2023-2024:p0131_000', 'Grampian-2023-2024:p0014_001', 'Grampian-2023-2024:p0014_000']","['Grampian-2023-2024', 'Grampian-2023-2024', 'Grampian-2023-2024', 'Grampian-2023-2024', 'Grampian-2023-2024']"
Q_2024_AE_04,AE,2024,4,1,number,Grampian-2023-2024,PERFORMANCE REPORT,B) PERFORMANCE ANALYSIS,[12],paragraph,missed_top_ranked,0,0.0,[],0.0,0.0,0.0,0.0,0.0,0.0,0.0,[14],['Grampian-2023-2024:p0014_001'],['Grampian-2023-2024']
Q_2024_AE_04,AE,2024,4,3,number,Grampian-2023-2024,PERFORMANCE REPORT,B) PERFORMANCE ANALYSIS,[12],paragraph,hit,0,0.0,[],1.0,0.3333333333333333,0.5,1.0,0.3333333333333333,0.5,0.0,"[14, 12, 16]","['Grampian-2023-2024:p0014_001', 'Grampian-2023-2024:p0012_000', 'Grampian-2023-2024:p0016_000']","['Grampian-2023-2024', 'Grampian-2023-2024', 'Grampian-2023-2024']"
Q_2024_AE_04,AE,2024,4,5,number,Grampian-2023-2024,PERFORMANCE REPORT,B) PERFORMANCE ANALYSIS,[12],paragraph,hit,0,0.0,[],1.0,0.2,0.5,1.0,0.2,0.5,0.0,"[14, 12, 16, 131, 152]","['Grampian-2023-2024:p0014_001', 'Grampian-2023-2024:p0012_000', 'Grampian-2023-2024:p0016_000', 'Grampian-2023-2024:p0131_001', 'Grampian-2023-2024:p0152_000']","['Grampian-2023-2024', 'Grampian-2023-2024', 'Grampian-2023-2024', 'Grampian-2023-2024', 'Grampian-2023-2024']"
Q_2024_AE_04,AE,2024,4,10,number,Grampian-2023-2024,PERFORMANCE REPORT,B) PERFORMANCE ANALYSIS,[12],paragraph,hit,0,0.0,[],1.0,0.125,0.5,1.0,0.1,0.5,0.0,"[14, 12, 16, 131, 152, 87, 22, 13]","['Grampian-2023-2024:p0014_001', 'Grampian-2023-2024:p0012_000', 'Grampian-2023-2024:p0016_000', 'Grampian-2023-2024:p0131_001', 'Grampian-2023-2024:p0152_000']","['Grampian-2023-2024', 'Grampian-2023-2024', 'Grampian-2023-2024', 'Grampian-2023-2024', 'Grampian-2023-2024']"
Q_2024_AE_05,AE,2024,5,1,number,Grampian-2023-2024,PERFORMANCE REPORT,B) PERFORMANCE ANALYSIS,[13],paragraph,missed_top_ranked,0,0.0,[],0.0,0.0,0.0,0.0,0.0,0.0,0.0,[131],['Grampian-2023-2024:p0131_001'],['Grampian-2023-2024']
Q_2024_AE_05,AE,2024,5,3,number,Grampian-2023-2024,PERFORMANCE REPORT,B) PERFORMANCE ANALYSIS,[13],paragraph,hit,0,0.0,[],1.0,0.3333333333333333,0.3333333333333333,1.0,0.3333333333333333,0.3333333333333333,0.0,"[131, 12, 13]","['Grampian-2023-2024:p0131_001', 'Grampian-2023-2024:p0012_000', 'Grampian-2023-2024:p0013_000']","['Grampian-2023-2024', 'Grampian-2023-2024', 'Grampian-2023-2024']"
Q_2024_AE_05,AE,2024,5,5,number,Grampian-2023-2024,PERFORMANCE REPORT,B) PERFORMANCE ANALYSIS,[13],paragraph,hit,0,0.0,[],1.0,0.25,0.3333333333333333,1.0,0.2,0.3333333333333333,0.0,"[131, 12, 13, 14]","['Grampian-2023-2024:p0131_001', 'Grampian-2023-2024:p0012_000', 'Grampian-2023-2024:p0013_000', 'Grampian-2023-2024:p0014_000', 'Grampian-2023-2024:p0131_000']","['Grampian-2023-2024', 'Grampian-2023-2024', 'Grampian-2023-2024', 'Grampian-2023-2024', 'Grampian-2023-2024']"
Q_2024_AE_05,AE,2024,5,10,number,Grampian-2023-2024,PERFORMANCE REPORT,B) PERFORMANCE ANALYSIS,[13],paragraph,hit,0,0.0,[],1.0,0.125,0.3333333333333333,1.0,0.1,0.3333333333333333,0.0,"[131, 12, 13, 14, 154, 115, 50, 22]","['Grampian-2023-2024:p0131_001', 'Grampian-2023-2024:p0012_000', 'Grampian-2023-2024:p0013_000', 'Grampian-2023-2024:p0014_000', 'Grampian-2023-2024:p0131_000']","['Grampian-2023-2024', 'Grampian-2023-2024', 'Grampian-2023-2024', 'Grampian-2023-2024', 'Grampian-2023-2024']"
Q_2024_AE_06,AE,2024,6,1,number,Grampian-2023-2024,PERFORMANCE REPORT,B) PERFORMANCE ANALYSIS,[13],paragraph,missed_top_ranked,0,0.0,[],0.0,0.0,0.0,0.0,0.0,0.0,0.0,[12],['Grampian-2023-2024:p0012_000'],['Grampian-2023-2024']
Q_2024_AE_06,AE,2024,6,3,number,Grampian-2023-2024,PERFORMANCE REPORT,B) PERFORMANCE ANALYSIS,[13],paragraph,hit,0,0.0,[],1.0,0.5,0.5,1.0,0.6666666666666666,0.5,0.0,"[12, 13]","['Grampian-2023-2024:p0012_000', 'Grampian-2023-2024:p0013_000', 'Grampian-2023-2024:p0013_001']","['Grampian-2023-2024', 'Grampian-2023-2024', 'Grampian-2023-2024']"
Q_2024_AE_06,AE,2024,6,5,number,Grampian-2023-2024,PERFORMANCE REPORT,B) PERFORMANCE ANALYSIS,[13],paragraph,hit,0,0.0,[],1.0,0.25,0.5,1.0,0.4,0.5,0.0,"[12, 13, 14, 152]","['Grampian-2023-2024:p0012_000', 'Grampian-2023-2024:p0013_000', 'Grampian-2023-2024:p0013_001', 'Grampian-2023-2024:p0014_000', 'Grampian-2023-2024:p0152_000']","['Grampian-2023-2024', 'Grampian-2023-2024', 'Grampian-2023-2024', 'Grampian-2023-2024', 'Grampian-2023-2024']"
Q_2024_AE_06,AE,2024,6,10,number,Grampian-2023-2024,PERFORMANCE REPORT,B) PERFORMANCE ANALYSIS,[13],paragraph,hit,0,0.0,[],1.0,0.1111111111111111,0.5,1.0,0.2,0.5,0.0,"[12, 13, 14, 152, 50, 131, 87, 128, 147]","['Grampian-2023-2024:p0012_000', 'Grampian-2023-2024:p0013_000', 'Grampian-2023-2024:p0013_001', 'Grampian-2023-2024:p0014_000', 'Grampian-2023-2024:p0152_000']","['Grampian-2023-2024', 'Grampian-2023-2024', 'Grampian-2023-2024', 'Grampian-2023-2024', 'Grampian-2023-2024']"
Q_2024_DEL_01,DEL,2024,1,1,text,Grampian-2023-2024,PERFORMANCE REPORT,A) OVERVIEW,"[6, 53]",paragraph,hit,0,0.0,[],1.0,1.0,1.0,1.0,1.0,1.0,0.0,[53],['Grampian-2023-2024:p0053_001'],['Grampian-2023-2024']
Q_2024_DEL_01,DEL,2024,1,3,text,Grampian-2023-2024,PERFORMANCE REPORT,A) OVERVIEW,"[6, 53]",paragraph,hit,0,0.0,[],1.0,1.0,1.0,1.0,1.0,1.0,0.0,"[53, 6]","['Grampian-2023-2024:p0053_001', 'Grampian-2023-2024:p0006_000', 'Grampian-2023-2024:p0053_000']","['Grampian-2023-2024', 'Grampian-2023-2024', 'Grampian-2023-2024']"
Q_2024_DEL_01,DEL,2024,1,5,text,Grampian-2023-2024,PERFORMANCE REPORT,A) OVERVIEW,"[6, 53]",paragraph,hit,0,0.0,[],1.0,0.5,1.0,1.0,0.6,1.0,0.0,"[53, 6, 54, 10]","['Grampian-2023-2024:p0053_001', 'Grampian-2023-2024:p0006_000', 'Grampian-2023-2024:p0053_000', 'Grampian-2023-2024:p0054_000', 'Grampian-2023-2024:p0010_000']","['Grampian-2023-2024', 'Grampian-2023-2024', 'Grampian-2023-2024', 'Grampian-2023-2024', 'Grampian-2023-2024']"
Q_2024_DEL_01,DEL,2024,1,10,text,Grampian-2023-2024,PERFORMANCE REPORT,A) OVERVIEW,"[6, 53]",paragraph,hit,0,0.0,[],1.0,0.2222222222222222,1.0,1.0,0.3,1.0,0.0,"[53, 6, 54, 10, 20, 8, 37, 62, 67]","['Grampian-2023-2024:p0053_001', 'Grampian-2023-2024:p0006_000', 'Grampian-2023-2024:p0053_000', 'Grampian-2023-2024:p0054_000', 'Grampian-2023-2024:p0010_000']","['Grampian-2023-2024', 'Grampian-2023-2024', 'Grampian-2023-2024', 'Grampian-2023-2024', 'Grampian-2023-2024']"
Q_2024_DEL_02,DEL,2024,2,1,text,Grampian-2023-2024,ACCOUNTABILITY REPORT,A) CORPORATE GOVERNANCE REPORT,[53],paragraph,hit,0,0.0,[],1.0,1.0,1.0,1.0,1.0,1.0,0.0,[53],['Grampian-2023-2024:p0053_001'],['Grampian-2023-2024']
Q_2024_DEL_02,DEL,2024,2,3,text,Grampian-2023-2024,ACCOUNTABILITY REPORT,A) CORPORATE GOVERNANCE REPORT,[53],paragraph,hit,0,0.0,[],1.0,0.3333333333333333,1.0,1.0,0.3333333333333333,1.0,0.0,"[53, 10, 6]","['Grampian-2023-2024:p0053_001', 'Grampian-2023-2024:p0010_000', 'Grampian-2023-2024:p0006_002']","['Grampian-2023-2024', 'Grampian-2023-2024', 'Grampian-2023-2024']"
Q_2024_DEL_02,DEL,2024,2,5,text,Grampian-2023-2024,ACCOUNTABILITY REPORT,A) CORPORATE GOVERNANCE REPORT,[53],paragraph,hit,0,0.0,[],1.0,0.25,1.0,1.0,0.2,1.0,0.0,"[53, 10, 6, 8]","['Grampian-2023-2024:p0053_001', 'Grampian-2023-2024:p0010_000', 'Grampian-2023-2024:p0006_002', 'Grampian-2023-2024:p0008_001', 'Grampian-2023-2024:p0006_001']","['Grampian-2023-2024', 'Grampian-2023-2024', 'Grampian-2023-2024', 'Grampian-2023-2024', 'Grampian-2023-2024']"
Q_2024_DEL_02,DEL,2024,2,10,text,Grampian-2023-2024,ACCOUNTABILITY REPORT,A) CORPORATE GOVERNANCE REPORT,[53],paragraph,hit,0,0.0,[],1.0,0.125,1.0,1.0,0.1,1.0,0.0,"[53, 10, 6, 8, 64, 27, 99, 37]","['Grampian-2023-2024:p0053_001', 'Grampian-2023-2024:p0010_000', 'Grampian-2023-2024:p0006_002', 'Grampian-2023-2024:p0008_001', 'Grampian-2023-2024:p0006_001']","['Grampian-2023-2024', 'Grampian-2023-2024', 'Grampian-2023-2024', 'Grampian-2023-2024', 'Grampian-2023-2024']"
Q_2024_DEL_03,DEL,2024,3,1,text,Grampian-2023-2024,PERFORMANCE REPORT,A) OVERVIEW,[6],paragraph,missed_top_ranked,0,0.0,[],0.0,0.0,0.0,0.0,0.0,0.0,0.0,[53],['Grampian-2023-2024:p0053_001'],['Grampian-2023-2024']
Q_2024_DEL_03,DEL,2024,3,3,text,Grampian-2023-2024,PERFORMANCE REPORT,A) OVERVIEW,[6],paragraph,hit,0,0.0,[],1.0,0.5,0.5,1.0,0.3333333333333333,0.5,0.0,"[53, 6]","['Grampian-2023-2024:p0053_001', 'Grampian-2023-2024:p0006_000', 'Grampian-2023-2024:p0053_000']","['Grampian-2023-2024', 'Grampian-2023-2024', 'Grampian-2023-2024']"
Q_2024_DEL_03,DEL,2024,3,5,text,Grampian-2023-2024,PERFORMANCE REPORT,A) OVERVIEW,[6],paragraph,hit,0,0.0,[],1.0,0.25,0.5,1.0,0.2,0.5,0.0,"[53, 6, 54, 58]","['Grampian-2023-2024:p0053_001', 'Grampian-2023-2024:p0006_000', 'Grampian-2023-2024:p0053_000', 'Grampian-2023-2024:p0054_000', 'Grampian-2023-2024:p0058_000']","['Grampian-2023-2024', 'Grampian-2023-2024', 'Grampian-2023-2024', 'Grampian-2023-2024', 'Grampian-2023-2024']"
Q_2024_DEL_03,DEL,2024,3,10,text,Grampian-2023-2024,PERFORMANCE REPORT,A) OVERVIEW,[6],paragraph,hit,0,0.0,[],1.0,0.14285714285714285,0.5,1.0,0.2,0.5,0.0,"[53, 6, 54, 58, 57, 8, 47]","['Grampian-2023-2024:p0053_001', 'Grampian-2023-2024:p0006_000', 'Grampian-2023-2024:p0053_000', 'Grampian-2023-2024:p0054_000', 'Grampian-2023-2024:p0058_000']","['Grampian-2023-2024', 'Grampian-2023-2024', 'Grampian-2023-2024', 'Grampian-2023-2024', 'Grampian-2023-2024']"
Q_2024_DEL_04,DEL,2024,4,1,text,Grampian-2023-2024,ACCOUNTABILITY REPORT,A) CORPORATE GOVERNANCE REPORT,[53],paragraph,hit,0,0.0,[],1.0,1.0,1.0,1.0,1.0,1.0,0.0,[53],['Grampian-2023-2024:p0053_001'],['Grampian-2023-2024']
Q_2024_DEL_04,DEL,2024,4,3,text,Grampian-2023-2024,ACCOUNTABILITY REPORT,A) CORPORATE GOVERNANCE REPORT,[53],paragraph,hit,0,0.0,[],1.0,0.5,1.0,1.0,0.6666666666666666,1.0,0.0,"[53, 8]","['Grampian-2023-2024:p0053_001', 'Grampian-2023-2024:p0008_001', 'Grampian-2023-2024:p0053_000']","['Grampian-2023-2024', 'Grampian-2023-2024', 'Grampian-2023-2024']"
Q_2024_DEL_04,DEL,2024,4,5,text,Grampian-2023-2024,ACCOUNTABILITY REPORT,A) CORPORATE GOVERNANCE REPORT,[53],paragraph,hit,0,0.0,[],1.0,0.25,1.0,1.0,0.4,1.0,0.0,"[53, 8, 6, 54]","['Grampian-2023-2024:p0053_001', 'Grampian-2023-2024:p0008_001', 'Grampian-2023-2024:p0053_000', 'Grampian-2023-2024:p0006_000', 'Grampian-2023-2024:p0054_000']","['Grampian-2023-2024', 'Grampian-2023-2024', 'Grampian-2023-2024', 'Grampian-2023-2024', 'Grampian-2023-2024']"
Q_2024_DEL_04,DEL,2024,4,10,text,Grampian-2023-2024,ACCOUNTABILITY REPORT,A) CORPORATE GOVERNANCE REPORT,[53],paragraph,hit,0,0.0,[],1.0,0.125,1.0,1.0,0.2,1.0,0.0,"[53, 8, 6, 54, 11, 21, 20, 49]","['Grampian-2023-2024:p0053_001', 'Grampian-2023-2024:p0008_001', 'Grampian-2023-2024:p0053_000', 'Grampian-2023-2024:p0006_000', 'Grampian-2023-2024:p0054_000']","['Grampian-2023-2024', 'Grampian-2023-2024', 'Grampian-2023-2024', 'Grampian-2023-2024', 'Grampian-2023-2024']"
Q_2024_DEL_05,DEL,2024,5,1,text,Grampian-2023-2024,PERFORMANCE REPORT,A) OVERVIEW,"[6, 54]",paragraph,hit,0,0.0,[],1.0,1.0,1.0,1.0,1.0,1.0,0.0,[6],['Grampian-2023-2024:p0006_002'],['Grampian-2023-2024']
Q_2024_DEL_05,DEL,2024,5,3,text,Grampian-2023-2024,PERFORMANCE REPORT,A) OVERVIEW,"[6, 54]",paragraph,hit,0,0.0,[],1.0,0.5,1.0,1.0,0.6666666666666666,1.0,0.0,"[6, 10]","['Grampian-2023-2024:p0006_002', 'Grampian-2023-2024:p0010_000', 'Grampian-2023-2024:p0006_001']","['Grampian-2023-2024', 'Grampian-2023-2024', 'Grampian-2023-2024']"
Q_2024_DEL_05,DEL,2024,5,5,text,Grampian-2023-2024,PERFORMANCE REPORT,A) OVERVIEW,"[6, 54]",paragraph,hit,0,0.0,[],1.0,0.3333333333333333,1.0,1.0,0.4,1.0,0.0,"[6, 10, 49]","['Grampian-2023-2024:p0006_002', 'Grampian-2023-2024:p0010_000', 'Grampian-2023-2024:p0006_001', 'Grampian-2023-2024:p0049_002', 'Grampian-2023-2024:p0049_001']","['Grampian-2023-2024', 'Grampian-2023-2024', 'Grampian-2023-2024', 'Grampian-2023-2024', 'Grampian-2023-2024']"
Q_2024_DEL_05,DEL,2024,5,10,text,Grampian-2023-2024,PERFORMANCE REPORT,A) OVERVIEW,"[6, 54]",paragraph,hit,0,0.0,[],1.0,0.2857142857142857,1.0,1.0,0.4,1.0,0.0,"[6, 10, 49, 54, 28, 46, 68]","['Grampian-2023-2024:p0006_002', 'Grampian-2023-2024:p0010_000', 'Grampian-2023-2024:p0006_001', 'Grampian-2023-2024:p0049_002', 'Grampian-2023-2024:p0049_001']","['Grampian-2023-2024', 'Grampian-2023-2024', 'Grampian-2023-2024', 'Grampian-2023-2024', 'Grampian-2023-2024']"
Q_2024_ESC_01,ESC,2024,1,1,text,Grampian-2023-2024,PERFORMANCE REPORT,A) OVERVIEW,"[4, 27]",paragraph,hit,0,0.0,[],1.0,1.0,1.0,1.0,1.0,1.0,0.0,[27],['Grampian-2023-2024:p0027_002'],['Grampian-2023-2024']
Q_2024_ESC_01,ESC,2024,1,3,text,Grampian-2023-2024,PERFORMANCE REPORT,A) OVERVIEW,"[4, 27]",paragraph,hit,0,0.0,[],1.0,0.6666666666666666,1.0,1.0,0.6666666666666666,1.0,0.0,"[27, 62, 4]","['Grampian-2023-2024:p0027_002', 'Grampian-2023-2024:p0062_000', 'Grampian-2023-2024:p0004_002']","['Grampian-2023-2024', 'Grampian-2023-2024', 'Grampian-2023-2024']"
Q_2024_ESC_01,ESC,2024,1,5,text,Grampian-2023-2024,PERFORMANCE REPORT,A) OVERVIEW,"[4, 27]",paragraph,hit,0,0.0,[],1.0,0.5,1.0,1.0,0.4,1.0,0.0,"[27, 62, 4, 58]","['Grampian-2023-2024:p0027_002', 'Grampian-2023-2024:p0062_000', 'Grampian-2023-2024:p0004_002', 'Grampian-2023-2024:p0062_002', 'Grampian-2023-2024:p0058_000']","['Grampian-2023-2024', 'Grampian-2023-2024', 'Grampian-2023-2024', 'Grampian-2023-2024', 'Grampian-2023-2024']"
Q_2024_ESC_01,ESC,2024,1,10,text,Grampian-2023-2024,PERFORMANCE REPORT,A) OVERVIEW,"[4, 27]",paragraph,hit,0,0.0,[],1.0,0.25,1.0,1.0,0.2,1.0,0.0,"[27, 62, 4, 58, 145, 78, 16, 6]","['Grampian-2023-2024:p0027_002', 'Grampian-2023-2024:p0062_000', 'Grampian-2023-2024:p0004_002', 'Grampian-2023-2024:p0062_002', 'Grampian-2023-2024:p0058_000']","['Grampian-2023-2024', 'Grampian-2023-2024', 'Grampian-2023-2024', 'Grampian-2023-2024', 'Grampian-2023-2024']"
Q_2024_ESC_02,ESC,2024,2,1,text,Grampian-2023-2024,PERFORMANCE REPORT,A) OVERVIEW,"[4, 27]",paragraph,missed_top_ranked,0,0.0,[],0.0,0.0,0.0,0.0,0.0,0.0,0.0,[58],['Grampian-2023-2024:p0058_000'],['Grampian-2023-2024']
Q_2024_ESC_02,ESC,2024,2,3,text,Grampian-2023-2024,PERFORMANCE REPORT,A) OVERVIEW,"[4, 27]",paragraph,hit,0,0.0,[],1.0,0.3333333333333333,0.5,1.0,0.3333333333333333,0.5,0.0,"[58, 27, 147]","['Grampian-2023-2024:p0058_000', 'Grampian-2023-2024:p0027_000', 'Grampian-2023-2024:p0147_001']","['Grampian-2023-2024', 'Grampian-2023-2024', 'Grampian-2023-2024']"
Q_2024_ESC_02,ESC,2024,2,5,text,Grampian-2023-2024,PERFORMANCE REPORT,A) OVERVIEW,"[4, 27]",paragraph,hit,0,0.0,[],1.0,0.2,0.5,1.0,0.2,0.5,0.0,"[58, 27, 147, 84, 24]","['Grampian-2023-2024:p0058_000', 'Grampian-2023-2024:p0027_000', 'Grampian-2023-2024:p0147_001', 'Grampian-2023-2024:p0084_001', 'Grampian-2023-2024:p0024_000']","['Grampian-2023-2024', 'Grampian-2023-2024', 'Grampian-2023-2024', 'Grampian-2023-2024', 'Grampian-2023-2024']"
Q_2024_ESC_02,ESC,2024,2,10,text,Grampian-2023-2024,PERFORMANCE REPORT,A) OVERVIEW,"[4, 27]",paragraph,hit,0,0.0,[],1.0,0.1,0.5,1.0,0.1,0.5,0.0,"[58, 27, 147, 84, 24, 6, 57, 34, 142, 85]","['Grampian-2023-2024:p0058_000', 'Grampian-2023-2024:p0027_000', 'Grampian-2023-2024:p0147_001', 'Grampian-2023-2024:p0084_001', 'Grampian-2023-2024:p0024_000']","['Grampian-2023-2024', 'Grampian-2023-2024', 'Grampian-2023-2024', 'Grampian-2023-2024', 'Grampian-2023-2024']"
Q_2024_ESC_03,ESC,2024,3,1,text,Grampian-2023-2024,PERFORMANCE REPORT,A) OVERVIEW,[4],paragraph,hit,0,0.0,[],1.0,1.0,1.0,1.0,1.0,1.0,0.0,[4],['Grampian-2023-2024:p0004_000'],['Grampian-2023-2024']
Q_2024_ESC_03,ESC,2024,3,3,text,Grampian-2023-2024,PERFORMANCE REPORT,A) OVERVIEW,[4],paragraph,hit,0,0.0,[],1.0,0.3333333333333333,1.0,1.0,0.3333333333333333,1.0,0.0,"[4, 56, 21]","['Grampian-2023-2024:p0004_000', 'Grampian-2023-2024:p0056_001', 'Grampian-2023-2024:p0021_000']","['Grampian-2023-2024', 'Grampian-2023-2024', 'Grampian-2023-2024']"
Q_2024_ESC_03,ESC,2024,3,5,text,Grampian-2023-2024,PERFORMANCE REPORT,A) OVERVIEW,[4],paragraph,hit,0,0.0,[],1.0,0.25,1.0,1.0,0.4,1.0,0.0,"[4, 56, 21, 59]","['Grampian-2023-2024:p0004_000', 'Grampian-2023-2024:p0056_001', 'Grampian-2023-2024:p0021_000', 'Grampian-2023-2024:p0004_002', 'Grampian-2023-2024:p0059_000']","['Grampian-2023-2024', 'Grampian-2023-2024', 'Grampian-2023-2024', 'Grampian-2023-2024', 'Grampian-2023-2024']"
Q_2024_ESC_03,ESC,2024,3,10,text,Grampian-2023-2024,PERFORMANCE REPORT,A) OVERVIEW,[4],paragraph,hit,0,0.0,[],1.0,0.1111111111111111,1.0,1.0,0.2,1.0,0.0,"[4, 56, 21, 59, 10, 80, 79, 3, 57]","['Grampian-2023-2024:p0004_000', 'Grampian-2023-2024:p0056_001', 'Grampian-2023-2024:p0021_000', 'Grampian-2023-2024:p0004_002', 'Grampian-2023-2024:p0059_000']","['Grampian-2023-2024', 'Grampian-2023-2024', 'Grampian-2023-2024', 'Grampian-2023-2024', 'Grampian-2023-2024']"
Q_2024_ESC_04,ESC,2024,4,1,text,Grampian-2023-2024,ACCOUNTABILITY REPORT,A) CORPORATE GOVERNANCE REPORT,[56],paragraph,hit,0,0.0,[],1.0,1.0,1.0,1.0,1.0,1.0,0.0,[56],['Grampian-2023-2024:p0056_000'],['Grampian-2023-2024']
Q_2024_ESC_04,ESC,2024,4,3,text,Grampian-2023-2024,ACCOUNTABILITY REPORT,A) CORPORATE GOVERNANCE REPORT,[56],paragraph,hit,0,0.0,[],1.0,0.3333333333333333,1.0,1.0,0.3333333333333333,1.0,0.0,"[56, 59, 57]","['Grampian-2023-2024:p0056_000', 'Grampian-2023-2024:p0059_000', 'Grampian-2023-2024:p0057_000']","['Grampian-2023-2024', 'Grampian-2023-2024', 'Grampian-2023-2024']"
Q_2024_ESC_04,ESC,2024,4,5,text,Grampian-2023-2024,ACCOUNTABILITY REPORT,A) CORPORATE GOVERNANCE REPORT,[56],paragraph,hit,0,0.0,[],1.0,0.2,1.0,1.0,0.2,1.0,0.0,"[56, 59, 57, 8, 58]","['Grampian-2023-2024:p0056_000', 'Grampian-2023-2024:p0059_000', 'Grampian-2023-2024:p0057_000', 'Grampian-2023-2024:p0008_001', 'Grampian-2023-2024:p0058_000']","['Grampian-2023-2024', 'Grampian-2023-2024', 'Grampian-2023-2024', 'Grampian-2023-2024', 'Grampian-2023-2024']"
Q_2024_ESC_04,ESC,2024,4,10,text,Grampian-2023-2024,ACCOUNTABILITY REPORT,A) CORPORATE GOVERNANCE REPORT,[56],paragraph,hit,0,0.0,[],1.0,0.1111111111111111,1.0,1.0,0.1,1.0,0.0,"[56, 59, 57, 8, 58, 64, 24, 4, 54]","['Grampian-2023-2024:p0056_000', 'Grampian-2023-2024:p0059_000', 'Grampian-2023-2024:p0057_000', 'Grampian-2023-2024:p0008_001', 'Grampian-2023-2024:p0058_000']","['Grampian-2023-2024', 'Grampian-2023-2024', 'Grampian-2023-2024', 'Grampian-2023-2024', 'Grampian-2023-2024']"
Q_2024_GOPES_01,GOPES,2024,1,1,text,Grampian-2023-2024,ACCOUNTABILITY REPORT,A) CORPORATE GOVERNANCE REPORT,[56],paragraph,hit,0,0.0,[],1.0,1.0,1.0,1.0,1.0,1.0,0.0,[56],['Grampian-2023-2024:p0056_000'],['Grampian-2023-2024']
Q_2024_GOPES_01,GOPES,2024,1,3,text,Grampian-2023-2024,ACCOUNTABILITY REPORT,A) CORPORATE GOVERNANCE REPORT,[56],paragraph,hit,0,0.0,[],1.0,0.3333333333333333,1.0,1.0,0.3333333333333333,1.0,0.0,"[56, 68, 70]","['Grampian-2023-2024:p0056_000', 'Grampian-2023-2024:p0068_000', 'Grampian-2023-2024:p0070_000']","['Grampian-2023-2024', 'Grampian-2023-2024', 'Grampian-2023-2024']"
Q_2024_GOPES_01,GOPES,2024,1,5,text,Grampian-2023-2024,ACCOUNTABILITY REPORT,A) CORPORATE GOVERNANCE REPORT,[56],paragraph,hit,0,0.0,[],1.0,0.2,1.0,1.0,0.2,1.0,0.0,"[56, 68, 70, 71, 58]","['Grampian-2023-2024:p0056_000', 'Grampian-2023-2024:p0068_000', 'Grampian-2023-2024:p0070_000', 'Grampian-2023-2024:p0071_002', 'Grampian-2023-2024:p0058_001']","['Grampian-2023-2024', 'Grampian-2023-2024', 'Grampian-2023-2024', 'Grampian-2023-2024', 'Grampian-2023-2024']"
Q_2024_GOPES_01,GOPES,2024,1,10,text,Grampian-2023-2024,ACCOUNTABILITY REPORT,A) CORPORATE GOVERNANCE REPORT,[56],paragraph,hit,0,0.0,[],1.0,0.1111111111111111,1.0,1.0,0.2,1.0,0.0,"[56, 68, 70, 71, 58, 4, 53, 6, 16]","['Grampian-2023-2024:p0056_000', 'Grampian-2023-2024:p0068_000', 'Grampian-2023-2024:p0070_000', 'Grampian-2023-2024:p0071_002', 'Grampian-2023-2024:p0058_001']","['Grampian-2023-2024', 'Grampian-2023-2024', 'Grampian-2023-2024', 'Grampian-2023-2024', 'Grampian-2023-2024']"
Q_2024_GOPES_02,GOPES,2024,2,1,text,Grampian-2023-2024,ACCOUNTABILITY REPORT,A) CORPORATE GOVERNANCE REPORT,[56],paragraph,hit,0,0.0,[],1.0,1.0,1.0,1.0,1.0,1.0,0.0,[56],['Grampian-2023-2024:p0056_000'],['Grampian-2023-2024']
Q_2024_GOPES_02,GOPES,2024,2,3,text,Grampian-2023-2024,ACCOUNTABILITY REPORT,A) CORPORATE GOVERNANCE REPORT,[56],paragraph,hit,0,0.0,[],1.0,0.5,1.0,1.0,0.6666666666666666,1.0,0.0,"[56, 48]","['Grampian-2023-2024:p0056_000', 'Grampian-2023-2024:p0056_001', 'Grampian-2023-2024:p0048_000']","['Grampian-2023-2024', 'Grampian-2023-2024', 'Grampian-2023-2024']"
Q_2024_GOPES_02,GOPES,2024,2,5,text,Grampian-2023-2024,ACCOUNTABILITY REPORT,A) CORPORATE GOVERNANCE REPORT,[56],paragraph,hit,0,0.0,[],1.0,0.3333333333333333,1.0,1.0,0.4,1.0,0.0,"[56, 48, 60]","['Grampian-2023-2024:p0056_000', 'Grampian-2023-2024:p0056_001', 'Grampian-2023-2024:p0048_000', 'Grampian-2023-2024:p0048_001', 'Grampian-2023-2024:p0060_001']","['Grampian-2023-2024', 'Grampian-2023-2024', 'Grampian-2023-2024', 'Grampian-2023-2024', 'Grampian-2023-2024']"
Q_2024_GOPES_02,GOPES,2024,2,10,text,Grampian-2023-2024,ACCOUNTABILITY REPORT,A) CORPORATE GOVERNANCE REPORT,[56],paragraph,hit,0,0.0,[],1.0,0.125,1.0,1.0,0.2,1.0,0.0,"[56, 48, 60, 50, 62, 54, 70, 69]","['Grampian-2023-2024:p0056_000', 'Grampian-2023-2024:p0056_001', 'Grampian-2023-2024:p0048_000', 'Grampian-2023-2024:p0048_001', 'Grampian-2023-2024:p0060_001']","['Grampian-2023-2024', 'Grampian-2023-2024', 'Grampian-2023-2024', 'Grampian-2023-2024', 'Grampian-2023-2024']"
Q_2024_GOV_01,GOV,2024,1,1,text,Grampian-2023-2024,PERFORMANCE REPORT,B) PERFORMANCE ANALYSIS,[28],paragraph,missed_top_ranked,0,0.0,[],0.0,0.0,0.0,0.0,0.0,0.0,0.0,[26],['Grampian-2023-2024:p0026_001'],['Grampian-2023-2024']
Q_2024_GOV_01,GOV,2024,1,3,text,Grampian-2023-2024,PERFORMANCE REPORT,B) PERFORMANCE ANALYSIS,[28],paragraph,hit,0,0.0,[],1.0,0.5,0.5,1.0,0.6666666666666666,0.5,0.0,"[26, 28]","['Grampian-2023-2024:p0026_001', 'Grampian-2023-2024:p0028_000', 'Grampian-2023-2024:p0028_001']","['Grampian-2023-2024', 'Grampian-2023-2024', 'Grampian-2023-2024']"
Q_2024_GOV_01,GOV,2024,1,5,text,Grampian-2023-2024,PERFORMANCE REPORT,B) PERFORMANCE ANALYSIS,[28],paragraph,hit,0,0.0,[],1.0,0.25,0.5,1.0,0.4,0.5,0.0,"[26, 28, 27, 64]","['Grampian-2023-2024:p0026_001', 'Grampian-2023-2024:p0028_000', 'Grampian-2023-2024:p0028_001', 'Grampian-2023-2024:p0027_000', 'Grampian-2023-2024:p0064_001']","['Grampian-2023-2024', 'Grampian-2023-2024', 'Grampian-2023-2024', 'Grampian-2023-2024', 'Grampian-2023-2024']"
Q_2024_GOV_01,GOV,2024,1,10,text,Grampian-2023-2024,PERFORMANCE REPORT,B) PERFORMANCE ANALYSIS,[28],paragraph,hit,0,0.0,[],1.0,0.16666666666666666,0.5,1.0,0.2,0.5,0.0,"[26, 28, 27, 64, 14, 4]","['Grampian-2023-2024:p0026_001', 'Grampian-2023-2024:p0028_000', 'Grampian-2023-2024:p0028_001', 'Grampian-2023-2024:p0027_000', 'Grampian-2023-2024:p0064_001']","['Grampian-2023-2024', 'Grampian-2023-2024', 'Grampian-2023-2024', 'Grampian-2023-2024', 'Grampian-2023-2024']"
Q_2024_GOV_02,GOV,2024,2,1,text,Grampian-2023-2024,PERFORMANCE REPORT,B) PERFORMANCE ANALYSIS,[28],paragraph,hit,0,0.0,[],1.0,1.0,1.0,1.0,1.0,1.0,0.0,[28],['Grampian-2023-2024:p0028_001'],['Grampian-2023-2024']
Q_2024_GOV_02,GOV,2024,2,3,text,Grampian-2023-2024,PERFORMANCE REPORT,B) PERFORMANCE ANALYSIS,[28],paragraph,hit,0,0.0,[],1.0,0.3333333333333333,1.0,1.0,0.3333333333333333,1.0,0.0,"[28, 33, 30]","['Grampian-2023-2024:p0028_001', 'Grampian-2023-2024:p0033_001', 'Grampian-2023-2024:p0030_001']","['Grampian-2023-2024', 'Grampian-2023-2024', 'Grampian-2023-2024']"
Q_2024_GOV_02,GOV,2024,2,5,text,Grampian-2023-2024,PERFORMANCE REPORT,B) PERFORMANCE ANALYSIS,[28],paragraph,hit,0,0.0,[],1.0,0.2,1.0,1.0,0.2,1.0,0.0,"[28, 33, 30, 27, 59]","['Grampian-2023-2024:p0028_001', 'Grampian-2023-2024:p0033_001', 'Grampian-2023-2024:p0030_001', 'Grampian-2023-2024:p0027_002', 'Grampian-2023-2024:p0059_001']","['Grampian-2023-2024', 'Grampian-2023-2024', 'Grampian-2023-2024', 'Grampian-2023-2024', 'Grampian-2023-2024']"
Q_2024_GOV_02,GOV,2024,2,10,text,Grampian-2023-2024,PERFORMANCE REPORT,B) PERFORMANCE ANALYSIS,[28],paragraph,hit,0,0.0,[],1.0,0.1,1.0,1.0,0.1,1.0,0.0,"[28, 33, 30, 27, 59, 49, 65, 62, 43, 85]","['Grampian-2023-2024:p0028_001', 'Grampian-2023-2024:p0033_001', 'Grampian-2023-2024:p0030_001', 'Grampian-2023-2024:p0027_002', 'Grampian-2023-2024:p0059_001']","['Grampian-2023-2024', 'Grampian-2023-2024', 'Grampian-2023-2024', 'Grampian-2023-2024', 'Grampian-2023-2024']"
Q_2024_GOV_03,GOV,2024,3,1,text,Grampian-2023-2024,PERFORMANCE REPORT,A) OVERVIEW,[4],paragraph,missed_top_ranked,0,0.0,[],0.0,0.0,0.0,0.0,0.0,0.0,0.0,[28],['Grampian-2023-2024:p0028_001'],['Grampian-2023-2024']
Q_2024_GOV_03,GOV,2024,3,3,text,Grampian-2023-2024,PERFORMANCE REPORT,A) OVERVIEW,[4],paragraph,missed_top_ranked,0,0.0,[],0.0,0.0,0.0,0.0,0.0,0.0,0.0,"[28, 102]","['Grampian-2023-2024:p0028_001', 'Grampian-2023-2024:p0028_002', 'Grampian-2023-2024:p0102_000']","['Grampian-2023-2024', 'Grampian-2023-2024', 'Grampian-2023-2024']"
Q_2024_GOV_03,GOV,2024,3,5,text,Grampian-2023-2024,PERFORMANCE REPORT,A) OVERVIEW,[4],paragraph,hit,0,0.0,[],1.0,0.3333333333333333,0.3333333333333333,1.0,0.2,0.25,0.0,"[28, 102, 4]","['Grampian-2023-2024:p0028_001', 'Grampian-2023-2024:p0028_002', 'Grampian-2023-2024:p0102_000', 'Grampian-2023-2024:p0004_000', 'Grampian-2023-2024:p0102_001']","['Grampian-2023-2024', 'Grampian-2023-2024', 'Grampian-2023-2024', 'Grampian-2023-2024', 'Grampian-2023-2024']"
Q_2024_GOV_03,GOV,2024,3,10,text,Grampian-2023-2024,PERFORMANCE REPORT,A) OVERVIEW,[4],paragraph,hit,0,0.0,[],1.0,0.125,0.3333333333333333,1.0,0.1,0.25,0.0,"[28, 102, 4, 78, 31, 81, 64, 54]","['Grampian-2023-2024:p0028_001', 'Grampian-2023-2024:p0028_002', 'Grampian-2023-2024:p0102_000', 'Grampian-2023-2024:p0004_000', 'Grampian-2023-2024:p0102_001']","['Grampian-2023-2024', 'Grampian-2023-2024', 'Grampian-2023-2024', 'Grampian-2023-2024', 'Grampian-2023-2024']"
Q_2024_GOV_04,GOV,2024,4,1,number,Grampian-2023-2024,PERFORMANCE REPORT,B) PERFORMANCE ANALYSIS,[33],paragraph,hit,0,0.0,[],1.0,1.0,1.0,1.0,1.0,1.0,0.0,[33],['Grampian-2023-2024:p0033_001'],['Grampian-2023-2024']
Q_2024_GOV_04,GOV,2024,4,3,number,Grampian-2023-2024,PERFORMANCE REPORT,B) PERFORMANCE ANALYSIS,[33],paragraph,hit,0,0.0,[],1.0,0.3333333333333333,1.0,1.0,0.3333333333333333,1.0,0.0,"[33, 108, 131]","['Grampian-2023-2024:p0033_001', 'Grampian-2023-2024:p0108_002', 'Grampian-2023-2024:p0131_002']","['Grampian-2023-2024', 'Grampian-2023-2024', 'Grampian-2023-2024']"
Q_2024_GOV_04,GOV,2024,4,5,number,Grampian-2023-2024,PERFORMANCE REPORT,B) PERFORMANCE ANALYSIS,[33],paragraph,hit,0,0.0,[],1.0,0.2,1.0,1.0,0.2,1.0,0.0,"[33, 108, 131, 145, 109]","['Grampian-2023-2024:p0033_001', 'Grampian-2023-2024:p0108_002', 'Grampian-2023-2024:p0131_002', 'Grampian-2023-2024:p0145_002', 'Grampian-2023-2024:p0109_002']","['Grampian-2023-2024', 'Grampian-2023-2024', 'Grampian-2023-2024', 'Grampian-2023-2024', 'Grampian-2023-2024']"
Q_2024_GOV_04,GOV,2024,4,10,number,Grampian-2023-2024,PERFORMANCE REPORT,B) PERFORMANCE ANALYSIS,[33],paragraph,hit,0,0.0,[],1.0,0.125,1.0,1.0,0.2,1.0,0.0,"[33, 108, 131, 145, 109, 84, 29, 88]","['Grampian-2023-2024:p0033_001', 'Grampian-2023-2024:p0108_002', 'Grampian-2023-2024:p0131_002', 'Grampian-2023-2024:p0145_002', 'Grampian-2023-2024:p0109_002']","['Grampian-2023-2024', 'Grampian-2023-2024', 'Grampian-2023-2024', 'Grampian-2023-2024', 'Grampian-2023-2024']"
Q_2024_GOV_05,GOV,2024,5,1,number,Grampian-2023-2024,PERFORMANCE REPORT,B) PERFORMANCE ANALYSIS,[31],paragraph,hit,0,0.0,[],1.0,1.0,1.0,1.0,1.0,1.0,0.0,[31],['Grampian-2023-2024:p0031_002'],['Grampian-2023-2024']
Q_2024_GOV_05,GOV,2024,5,3,number,Grampian-2023-2024,PERFORMANCE REPORT,B) PERFORMANCE ANALYSIS,[31],paragraph,hit,0,0.0,[],1.0,0.3333333333333333,1.0,1.0,0.3333333333333333,1.0,0.0,"[31, 4, 23]","['Grampian-2023-2024:p0031_002', 'Grampian-2023-2024:p0004_001', 'Grampian-2023-2024:p0023_000']","['Grampian-2023-2024', 'Grampian-2023-2024', 'Grampian-2023-2024']"
Q_2024_GOV_05,GOV,2024,5,5,number,Grampian-2023-2024,PERFORMANCE REPORT,B) PERFORMANCE ANALYSIS,[31],paragraph,hit,0,0.0,[],1.0,0.25,1.0,1.0,0.4,1.0,0.0,"[31, 4, 23, 54]","['Grampian-2023-2024:p0031_002', 'Grampian-2023-2024:p0004_001', 'Grampian-2023-2024:p0023_000', 'Grampian-2023-2024:p0031_001', 'Grampian-2023-2024:p0054_000']","['Grampian-2023-2024', 'Grampian-2023-2024', 'Grampian-2023-2024', 'Grampian-2023-2024', 'Grampian-2023-2024']"
Q_2024_GOV_05,GOV,2024,5,10,number,Grampian-2023-2024,PERFORMANCE REPORT,B) PERFORMANCE ANALYSIS,[31],paragraph,hit,0,0.0,[],1.0,0.125,1.0,1.0,0.2,1.0,0.0,"[31, 4, 23, 54, 49, 20, 154, 117]","['Grampian-2023-2024:p0031_002', 'Grampian-2023-2024:p0004_001', 'Grampian-2023-2024:p0023_000', 'Grampian-2023-2024:p0031_001', 'Grampian-2023-2024:p0054_000']","['Grampian-2023-2024', 'Grampian-2023-2024', 'Grampian-2023-2024', 'Grampian-2023-2024', 'Grampian-2023-2024']"
